<DATE>	<TIME>	<OPEN>	<HIGH>	<LOW>	<CLOSE>	<TICKVOL>	<VOL>	<SPREAD>
2024.01.02	01:00:00	2065.46	2066.49	2063.23	2063.70	2329	0	0
2024.01.02	02:00:00	2063.72	2065.90	2062.29	2065.49	3604	0	0
2024.01.02	03:00:00	2065.43	2069.90	2064.92	2066.59	7120	0	0
2024.01.02	04:00:00	2066.58	2068.45	2063.99	2067.91	5313	0	0
2024.01.02	05:00:00	2067.92	2070.37	2066.51	2069.69	4168	0	0
2024.01.02	06:00:00	2069.73	2070.69	2068.95	2069.69	2577	0	0
2024.01.02	07:00:00	2069.72	2074.96	2069.55	2074.54	4740	0	0
2024.01.02	08:00:00	2074.61	2076.83	2072.98	2074.21	5741	0	0
2024.01.02	09:00:00	2074.14	2076.43	2073.18	2073.18	7433	0	0
2024.01.02	10:00:00	2073.21	2074.56	2071.84	2073.33	9033	0	0
2024.01.02	11:00:00	2073.34	2078.91	2073.29	2077.05	7773	0	0
2024.01.02	12:00:00	2077.06	2077.79	2073.53	2076.03	6819	0	0
2024.01.02	13:00:00	2076.03	2076.20	2068.30	2069.26	9949	0	0
2024.01.02	14:00:00	2069.25	2069.49	2065.08	2067.93	9538	0	0
2024.01.02	15:00:00	2067.93	2071.08	2064.86	2066.29	13412	0	0
2024.01.02	16:00:00	2066.34	2070.47	2062.20	2070.43	15627	0	0
2024.01.02	17:00:00	2070.44	2070.70	2055.94	2059.34	17238	0	0
2024.01.02	18:00:00	2059.36	2067.61	2059.16	2066.10	12315	0	0
2024.01.02	19:00:00	2066.14	2066.98	2061.84	2062.68	8426	0	0
2024.01.02	20:00:00	2062.75	2064.95	2060.58	2061.18	6626	0	0
2024.01.02	21:00:00	2061.19	2062.18	2060.46	2060.91	5239	0	0
2024.01.02	22:00:00	2060.98	2061.63	2057.99	2058.20	5888	0	0
2024.01.02	23:00:00	2058.25	2059.29	2058.08	2058.97	2307	0	0
2024.01.03	01:00:00	2058.92	2060.01	2058.76	2059.59	1827	0	0
2024.01.03	02:00:00	2059.58	2062.18	2059.20	2060.20	3704	0	0
2024.01.03	03:00:00	2060.23	2062.60	2059.56	2062.45	6701	0	0
2024.01.03	04:00:00	2062.50	2065.18	2061.65	2064.77	5084	0	0
2024.01.03	05:00:00	2064.77	2065.58	2063.30	2065.18	4133	0	0
2024.01.03	06:00:00	2065.16	2065.60	2064.45	2064.82	2137	0	0
2024.01.03	07:00:00	2064.80	2065.99	2063.49	2064.15	3929	0	0
2024.01.03	08:00:00	2064.13	2065.45	2063.43	2064.37	4337	0	0
2024.01.03	09:00:00	2064.35	2064.35	2060.88	2062.99	7182	0	0
2024.01.03	10:00:00	2062.97	2064.34	2058.95	2060.06	8839	0	0
2024.01.03	11:00:00	2060.12	2060.58	2054.33	2056.83	8746	0	0
2024.01.03	12:00:00	2056.84	2057.17	2052.71	2054.92	7571	0	0
2024.01.03	13:00:00	2054.90	2055.64	2046.78	2047.57	8756	0	0
2024.01.03	14:00:00	2047.58	2048.40	2041.86	2045.73	12135	0	0
2024.01.03	15:00:00	2045.73	2047.99	2038.74	2041.05	15548	0	0
2024.01.03	16:00:00	2041.08	2042.34	2031.78	2037.63	16727	0	0
2024.01.03	17:00:00	2037.63	2048.80	2031.88	2032.56	21511	0	0
2024.01.03	18:00:00	2032.59	2036.08	2031.41	2032.43	14895	0	0
2024.01.03	19:00:00	2032.49	2033.81	2030.71	2033.38	10677	0	0
2024.01.03	20:00:00	2033.39	2036.32	2032.94	2035.79	7789	0	0
2024.01.03	21:00:00	2035.67	2042.34	2030.63	2036.64	15345	0	0
2024.01.03	22:00:00	2036.65	2042.32	2036.52	2040.99	9495	0	0
2024.01.03	23:00:00	2041.07	2041.83	2040.35	2041.40	2535	0	0
2024.01.04	01:00:00	2042.27	2043.89	2042.18	2043.00	2262	0	0
2024.01.04	02:00:00	2042.98	2043.21	2041.58	2042.16	3436	0	0
2024.01.04	03:00:00	2042.17	2043.29	2040.11	2042.24	6633	0	0
2024.01.04	04:00:00	2042.22	2044.75	2042.22	2044.65	5801	0	0
2024.01.04	05:00:00	2044.66	2046.94	2044.18	2044.68	3791	0	0
2024.01.04	06:00:00	2044.63	2044.63	2042.44	2043.09	3657	0	0
2024.01.04	07:00:00	2043.08	2044.33	2042.42	2043.82	4226	0	0
2024.01.04	08:00:00	2043.82	2048.64	2043.67	2047.31	6867	0	0
2024.01.04	09:00:00	2047.31	2049.53	2046.51	2047.65	8380	0	0
2024.01.04	10:00:00	2047.70	2048.71	2045.46	2046.77	8641	0	0
2024.01.04	11:00:00	2046.73	2050.93	2046.31	2048.05	9340	0	0
2024.01.04	12:00:00	2048.03	2050.88	2046.65	2047.99	8310	0	0
2024.01.04	13:00:00	2047.97	2048.44	2044.95	2045.16	7297	0	0
2024.01.04	14:00:00	2045.16	2046.25	2043.33	2046.02	6937	0	0
2024.01.04	15:00:00	2046.03	2047.27	2038.85	2040.26	14372	0	0
2024.01.04	16:00:00	2040.25	2042.59	2036.26	2039.38	13499	0	0
2024.01.04	17:00:00	2039.39	2047.75	2039.11	2045.11	16032	0	0
2024.01.04	18:00:00	2045.19	2046.74	2044.13	2044.73	12032	0	0
2024.01.04	19:00:00	2044.77	2045.02	2040.85	2043.27	8789	0	0
2024.01.04	20:00:00	2043.27	2044.04	2041.54	2043.15	5404	0	0
2024.01.04	21:00:00	2043.15	2044.87	2042.48	2044.36	5015	0	0
2024.01.04	22:00:00	2044.36	2044.83	2043.08	2043.09	5182	0	0
2024.01.04	23:00:00	2043.12	2044.34	2043.10	2043.37	2552	0	0
2024.01.05	01:00:00	2043.05	2044.76	2042.78	2044.25	2518	0	0
2024.01.05	02:00:00	2044.25	2044.73	2043.29	2044.34	3332	0	0
2024.01.05	03:00:00	2044.35	2048.27	2044.05	2046.16	7541	0	0
2024.01.05	04:00:00	2046.15	2047.86	2045.71	2046.14	3843	0	0
2024.01.05	05:00:00	2046.15	2046.45	2044.81	2045.36	4184	0	0
2024.01.05	06:00:00	2045.37	2046.41	2044.54	2044.64	2333	0	0
2024.01.05	07:00:00	2044.66	2045.23	2043.17	2044.51	3632	0	0
2024.01.05	08:00:00	2044.52	2045.13	2040.88	2042.52	5269	0	0
2024.01.05	09:00:00	2042.51	2047.02	2042.11	2043.17	7512	0	0
2024.01.05	10:00:00	2043.16	2044.43	2041.43	2042.47	8043	0	0
2024.01.05	11:00:00	2042.44	2043.73	2038.47	2038.91	8184	0	0
2024.01.05	12:00:00	2038.94	2040.28	2037.40	2040.03	7036	0	0
2024.01.05	13:00:00	2040.04	2040.35	2037.14	2039.26	5825	0	0
2024.01.05	14:00:00	2039.26	2040.94	2038.44	2040.20	6148	0	0
2024.01.05	15:00:00	2040.21	2041.97	2024.46	2040.02	20302	0	0
2024.01.05	16:00:00	2040.01	2049.23	2038.78	2046.76	22679	0	0
2024.01.05	17:00:00	2046.81	2064.00	2046.81	2054.82	24364	0	0
2024.01.05	18:00:00	2054.86	2056.28	2044.13	2045.07	16500	0	0
2024.01.05	19:00:00	2045.07	2045.44	2040.49	2041.99	13307	0	0
2024.01.05	20:00:00	2041.99	2048.52	2040.52	2048.20	10247	0	0
2024.01.05	21:00:00	2048.26	2050.35	2044.95	2045.73	7581	0	0
2024.01.05	22:00:00	2045.76	2045.77	2042.87	2043.64	6806	0	0
2024.01.05	23:00:00	2043.71	2046.21	2043.71	2045.11	2648	0	0
2024.01.08	01:00:00	2044.67	2045.68	2043.00	2044.31	2168	0	0
2024.01.08	02:00:00	2044.32	2046.30	2043.77	2046.03	2517	0	0
2024.01.08	03:00:00	2045.90	2046.60	2042.89	2043.78	7417	0	0
2024.01.08	04:00:00	2043.78	2043.81	2041.23	2041.31	5770	0	0
2024.01.08	05:00:00	2041.30	2041.50	2035.10	2036.16	6638	0	0
2024.01.08	06:00:00	2036.17	2037.63	2035.61	2035.79	4526	0	0
2024.01.08	07:00:00	2035.75	2036.15	2027.04	2030.80	7052	0	0
2024.01.08	08:00:00	2030.75	2033.31	2030.36	2032.96	6937	0	0
2024.01.08	09:00:00	2032.96	2033.20	2028.67	2031.40	8693	0	0
2024.01.08	10:00:00	2031.40	2031.79	2027.36	2028.31	10663	0	0
2024.01.08	11:00:00	2028.31	2031.75	2026.58	2029.11	9212	0	0
2024.01.08	12:00:00	2029.12	2029.54	2027.00	2027.60	7806	0	0
2024.01.08	13:00:00	2027.60	2027.90	2016.80	2020.12	10029	0	0
2024.01.08	14:00:00	2020.12	2024.91	2018.95	2024.64	8938	0	0
2024.01.08	15:00:00	2024.65	2025.47	2018.45	2019.00	15011	0	0
2024.01.08	16:00:00	2019.01	2027.23	2018.51	2026.45	14571	0	0
2024.01.08	17:00:00	2026.50	2034.85	2025.55	2034.26	13904	0	0
2024.01.08	18:00:00	2034.31	2036.88	2031.38	2032.21	11388	0	0
2024.01.08	19:00:00	2032.25	2033.10	2027.11	2027.67	8429	0	0
2024.01.08	20:00:00	2027.61	2028.28	2026.41	2026.59	6478	0	0
2024.01.08	21:00:00	2026.58	2029.60	2026.58	2029.38	4632	0	0
2024.01.08	22:00:00	2029.37	2029.83	2026.14	2027.21	6129	0	0
2024.01.08	23:00:00	2027.17	2028.73	2027.12	2028.00	2304	0	0
2024.01.09	01:00:00	2028.35	2030.91	2027.91	2030.75	2006	0	0
2024.01.09	02:00:00	2030.73	2034.95	2030.67	2034.38	4624	0	0
2024.01.09	03:00:00	2034.37	2035.64	2031.17	2032.26	6307	0	0
2024.01.09	04:00:00	2032.26	2035.86	2032.16	2034.14	5490	0	0
2024.01.09	05:00:00	2034.18	2034.93	2033.05	2033.65	3726	0	0
2024.01.09	06:00:00	2033.63	2034.93	2032.29	2032.88	3404	0	0
2024.01.09	07:00:00	2032.95	2033.50	2030.34	2032.81	4067	0	0
2024.01.09	08:00:00	2032.80	2035.19	2031.21	2033.17	5179	0	0
2024.01.09	09:00:00	2033.19	2037.22	2032.22	2036.03	7470	0	0
2024.01.09	10:00:00	2036.15	2038.26	2031.31	2034.30	9836	0	0
2024.01.09	11:00:00	2034.24	2037.02	2033.17	2035.43	7560	0	0
2024.01.09	12:00:00	2035.47	2038.53	2034.80	2035.43	7194	0	0
2024.01.09	13:00:00	2035.45	2035.73	2033.72	2035.01	6454	0	0
2024.01.09	14:00:00	2035.03	2036.34	2033.96	2036.32	6563	0	0
2024.01.09	15:00:00	2036.38	2041.95	2031.69	2038.68	13928	0	0
2024.01.09	16:00:00	2038.67	2040.15	2033.99	2034.75	14356	0	0
2024.01.09	17:00:00	2034.68	2035.66	2028.79	2028.83	12721	0	0
2024.01.09	18:00:00	2028.84	2031.63	2026.08	2031.27	10757	0	0
2024.01.09	19:00:00	2031.24	2032.07	2027.10	2027.72	7276	0	0
2024.01.09	20:00:00	2027.71	2029.64	2026.84	2029.23	8205	0	0
2024.01.09	21:00:00	2029.25	2030.06	2027.83	2028.88	4401	0	0
2024.01.09	22:00:00	2028.94	2031.17	2028.30	2028.39	4444	0	0
2024.01.09	23:00:00	2028.41	2030.32	2028.41	2030.23	2035	0	0
2024.01.10	01:00:00	2030.67	2031.23	2028.38	2030.78	2936	0	0
2024.01.10	02:00:00	2030.79	2031.21	2029.66	2030.23	3138	0	0
2024.01.10	03:00:00	2030.22	2032.53	2027.24	2031.83	6917	0	0
2024.01.10	04:00:00	2031.80	2032.86	2030.36	2031.89	4685	0	0
2024.01.10	05:00:00	2031.82	2032.00	2028.16	2028.93	4486	0	0
2024.01.10	06:00:00	2028.92	2030.66	2028.48	2029.81	3072	0	0
2024.01.10	07:00:00	2029.82	2030.19	2025.52	2026.67	4693	0	0
2024.01.10	08:00:00	2026.68	2027.02	2023.89	2024.61	5621	0	0
2024.01.10	09:00:00	2024.62	2031.67	2024.34	2030.97	7968	0	0
2024.01.10	10:00:00	2031.03	2035.99	2030.26	2035.30	10180	0	0
2024.01.10	11:00:00	2035.31	2036.14	2034.67	2035.73	6857	0	0
2024.01.10	12:00:00	2035.70	2040.24	2034.60	2034.82	6608	0	0
2024.01.10	13:00:00	2034.85	2035.32	2032.77	2034.09	5259	0	0
2024.01.10	14:00:00	2034.09	2035.64	2031.37	2031.51	6676	0	0
2024.01.10	15:00:00	2031.52	2034.07	2030.04	2030.24	10867	0	0
2024.01.10	16:00:00	2030.29	2033.60	2026.53	2027.43	12848	0	0
2024.01.10	17:00:00	2027.39	2029.77	2024.83	2027.89	13676	0	0
2024.01.10	18:00:00	2027.90	2028.52	2024.75	2027.08	9786	0	0
2024.01.10	19:00:00	2027.09	2027.77	2022.29	2024.05	8020	0	0
2024.01.10	20:00:00	2024.05	2024.49	2021.36	2023.70	7864	0	0
2024.01.10	21:00:00	2023.72	2024.51	2020.46	2024.02	5469	0	0
2024.01.10	22:00:00	2024.03	2025.03	2021.86	2023.57	6613	0	0
2024.01.10	23:00:00	2023.55	2024.52	2023.35	2024.39	2256	0	0
2024.01.11	01:00:00	2025.05	2028.00	2024.77	2026.84	2748	0	0
2024.01.11	02:00:00	2026.87	2028.44	2026.66	2027.85	3323	0	0
2024.01.11	03:00:00	2027.86	2030.39	2027.09	2029.73	5652	0	0
2024.01.11	04:00:00	2029.72	2032.01	2028.89	2029.73	5124	0	0
2024.01.11	05:00:00	2029.74	2031.08	2028.83	2030.93	3589	0	0
2024.01.11	06:00:00	2030.91	2032.27	2030.91	2032.06	2817	0	0
2024.01.11	07:00:00	2032.09	2034.66	2031.15	2033.00	4528	0	0
2024.01.11	08:00:00	2032.99	2035.11	2032.18	2034.03	4674	0	0
2024.01.11	09:00:00	2033.97	2035.68	2033.65	2033.93	5489	0	0
2024.01.11	10:00:00	2033.94	2034.11	2030.43	2030.89	7731	0	0
2024.01.11	11:00:00	2030.86	2032.49	2030.18	2031.34	5393	0	0
2024.01.11	12:00:00	2031.37	2032.75	2030.53	2032.08	4389	0	0
2024.01.11	13:00:00	2032.05	2034.38	2031.39	2034.31	5152	0	0
2024.01.11	14:00:00	2034.36	2035.02	2031.63	2032.39	5928	0	0
2024.01.11	15:00:00	2032.43	2039.63	2025.11	2029.38	19281	0	0
2024.01.11	16:00:00	2029.48	2034.93	2024.83	2029.74	21532	0	0
2024.01.11	17:00:00	2029.69	2033.04	2025.27	2029.07	18802	0	0
2024.01.11	18:00:00	2029.05	2029.65	2013.71	2016.71	17222	0	0
2024.01.11	19:00:00	2016.73	2018.48	2013.32	2014.39	11528	0	0
2024.01.11	20:00:00	2014.35	2017.07	2013.86	2017.05	9300	0	0
2024.01.11	21:00:00	2017.06	2027.46	2017.06	2026.51	9334	0	0
2024.01.11	22:00:00	2026.51	2028.60	2023.55	2027.53	8222	0	0
2024.01.11	23:00:00	2027.55	2029.69	2027.42	2028.62	3187	0	0
2024.01.12	01:00:00	2029.25	2035.56	2029.25	2035.30	3815	0	0
2024.01.12	02:00:00	2035.26	2035.42	2030.33	2031.14	5938	0	0
2024.01.12	03:00:00	2031.15	2034.76	2030.06	2033.89	8316	0	0
2024.01.12	04:00:00	2033.90	2035.27	2033.23	2034.03	6116	0	0
2024.01.12	05:00:00	2034.03	2035.64	2033.72	2033.91	4623	0	0
2024.01.12	06:00:00	2033.89	2035.02	2032.91	2034.74	3757	0	0
2024.01.12	07:00:00	2034.75	2037.14	2033.76	2036.02	4773	0	0
2024.01.12	08:00:00	2036.04	2036.83	2034.90	2035.23	4798	0	0
2024.01.12	09:00:00	2035.22	2039.35	2034.19	2037.58	6946	0	0
2024.01.12	10:00:00	2037.54	2039.81	2037.06	2038.72	7821	0	0
2024.01.12	11:00:00	2038.70	2040.07	2037.86	2038.12	6026	0	0
2024.01.12	12:00:00	2038.13	2046.16	2038.06	2045.92	6527	0	0
2024.01.12	13:00:00	2045.93	2047.40	2044.16	2045.43	8220	0	0
2024.01.12	14:00:00	2045.43	2053.76	2045.43	2047.83	10667	0	0
2024.01.12	15:00:00	2047.88	2056.65	2044.41	2056.15	18747	0	0
2024.01.12	16:00:00	2056.17	2062.24	2053.36	2056.01	18110	0	0
2024.01.12	17:00:00	2055.99	2060.14	2050.94	2053.68	16955	0	0
2024.01.12	18:00:00	2053.69	2055.56	2048.28	2048.32	14201	0	0
2024.01.12	19:00:00	2048.31	2048.61	2041.46	2043.93	13065	0	0
2024.01.12	20:00:00	2043.95	2048.69	2043.01	2047.49	8611	0	0
2024.01.12	21:00:00	2047.50	2049.17	2046.23	2047.33	5817	0	0
2024.01.12	22:00:00	2047.34	2047.68	2046.07	2047.51	4454	0	0
2024.01.12	23:00:00	2047.47	2049.20	2046.92	2048.83	2950	0	0
2024.01.15	01:00:00	2047.97	2048.70	2046.34	2047.63	2796	0	0
2024.01.15	02:00:00	2047.62	2048.49	2045.85	2047.92	4149	0	0
2024.01.15	03:00:00	2047.87	2051.41	2047.48	2051.02	7227	0	0
2024.01.15	04:00:00	2051.07	2056.45	2049.86	2056.41	7289	0	0
2024.01.15	05:00:00	2056.39	2058.08	2055.54	2057.44	5351	0	0
2024.01.15	06:00:00	2057.45	2057.63	2053.59	2054.34	2950	0	0
2024.01.15	07:00:00	2054.33	2055.59	2053.05	2055.12	3373	0	0
2024.01.15	08:00:00	2055.12	2057.03	2053.89	2055.41	4721	0	0
2024.01.15	09:00:00	2055.42	2055.93	2052.90	2054.26	6440	0	0
2024.01.15	10:00:00	2054.25	2058.62	2053.85	2056.68	6138	0	0
2024.01.15	11:00:00	2056.66	2057.04	2052.96	2055.03	5846	0	0
2024.01.15	12:00:00	2055.09	2055.14	2052.12	2053.01	4839	0	0
2024.01.15	13:00:00	2053.04	2053.81	2051.57	2053.31	4201	0	0
2024.01.15	14:00:00	2053.34	2053.69	2051.37	2052.72	4735	0	0
2024.01.15	15:00:00	2052.79	2054.26	2052.14	2054.24	5884	0	0
2024.01.15	16:00:00	2054.25	2054.43	2051.64	2052.16	5654	0	0
2024.01.15	17:00:00	2052.15	2053.86	2049.29	2053.28	6493	0	0
2024.01.15	18:00:00	2053.29	2055.00	2053.23	2054.07	4812	0	0
2024.01.15	19:00:00	2054.06	2056.36	2053.63	2055.37	3108	0	0
2024.01.15	20:00:00	2055.39	2055.46	2054.37	2054.46	841	0	0
2024.01.15	21:00:00	2054.45	2054.93	2053.65	2054.87	533	0	0
2024.01.16	01:00:00	2054.93	2055.58	2053.34	2054.02	2786	0	0
2024.01.16	02:00:00	2054.11	2054.52	2050.77	2051.37	4847	0	0
2024.01.16	03:00:00	2051.43	2053.36	2049.94	2050.84	7080	0	0
2024.01.16	04:00:00	2050.79	2051.45	2049.74	2050.55	5200	0	0
2024.01.16	05:00:00	2050.55	2051.64	2048.38	2049.51	4671	0	0
2024.01.16	06:00:00	2049.48	2050.07	2048.99	2049.42	2739	0	0
2024.01.16	07:00:00	2049.42	2049.51	2047.55	2048.60	4679	0	0
2024.01.16	08:00:00	2048.57	2050.56	2047.41	2050.52	4575	0	0
2024.01.16	09:00:00	2050.59	2050.91	2048.12	2049.42	6962	0	0
2024.01.16	10:00:00	2049.41	2050.14	2042.18	2043.16	11449	0	0
2024.01.16	11:00:00	2043.16	2043.94	2038.74	2041.24	10771	0	0
2024.01.16	12:00:00	2041.23	2042.46	2039.27	2041.03	8207	0	0
2024.01.16	13:00:00	2041.02	2041.16	2038.29	2039.89	7413	0	0
2024.01.16	14:00:00	2039.89	2040.04	2035.64	2038.52	8486	0	0
2024.01.16	15:00:00	2038.52	2045.04	2031.40	2037.64	18181	0	0
2024.01.16	16:00:00	2037.62	2042.63	2036.93	2038.21	15227	0	0
2024.01.16	17:00:00	2038.19	2042.05	2037.34	2041.14	14784	0	0
2024.01.16	18:00:00	2041.16	2041.29	2032.52	2033.49	18723	0	0
2024.01.16	19:00:00	2033.51	2033.83	2024.97	2025.33	13395	0	0
2024.01.16	20:00:00	2025.35	2028.96	2024.28	2025.12	9742	0	0
2024.01.16	21:00:00	2025.22	2030.17	2024.97	2029.29	6818	0	0
2024.01.16	22:00:00	2029.39	2029.82	2027.89	2028.29	4550	0	0
2024.01.16	23:00:00	2028.34	2028.56	2027.18	2028.27	2337	0	0
2024.01.17	01:00:00	2027.74	2028.35	2025.91	2028.13	2893	0	0
2024.01.17	02:00:00	2028.14	2028.87	2025.67	2028.52	4436	0	0
2024.01.17	03:00:00	2028.52	2030.76	2026.73	2030.26	7581	0	0
2024.01.17	04:00:00	2030.25	2032.96	2027.09	2028.99	6447	0	0
2024.01.17	05:00:00	2028.98	2029.19	2023.50	2024.05	5412	0	0
2024.01.17	06:00:00	2024.03	2025.83	2023.41	2025.45	4052	0	0
2024.01.17	07:00:00	2025.43	2025.46	2019.39	2020.68	7687	0	0
2024.01.17	08:00:00	2020.71	2020.82	2017.68	2019.23	8531	0	0
2024.01.17	09:00:00	2019.24	2026.13	2017.87	2025.80	9927	0	0
2024.01.17	10:00:00	2025.72	2026.61	2021.31	2021.47	8293	0	0
2024.01.17	11:00:00	2021.45	2024.28	2019.07	2023.92	7357	0	0
2024.01.17	12:00:00	2023.88	2028.37	2022.78	2026.10	8168	0	0
2024.01.17	13:00:00	2026.13	2026.75	2023.74	2023.92	6065	0	0
2024.01.17	14:00:00	2023.95	2029.01	2023.76	2028.38	9059	0	0
2024.01.17	15:00:00	2028.43	2028.70	2018.90	2022.44	15960	0	0
2024.01.17	16:00:00	2022.41	2023.18	2011.53	2012.23	15946	0	0
2024.01.17	17:00:00	2012.21	2014.09	2006.16	2008.91	16473	0	0
2024.01.17	18:00:00	2008.86	2011.98	2004.29	2005.52	11815	0	0
2024.01.17	19:00:00	2005.50	2008.08	2003.43	2007.06	9005	0	0
2024.01.17	20:00:00	2007.10	2007.24	2001.84	2004.79	9002	0	0
2024.01.17	21:00:00	2004.86	2006.92	2004.40	2005.52	6416	0	0
2024.01.17	22:00:00	2005.56	2006.88	2004.80	2006.12	6019	0	0
2024.01.17	23:00:00	2006.15	2006.42	2005.36	2006.20	2610	0	0
2024.01.18	01:00:00	2006.86	2009.86	2006.82	2009.54	2801	0	0
2024.01.18	02:00:00	2009.58	2010.91	2008.31	2010.84	4230	0	0
2024.01.18	03:00:00	2010.81	2012.09	2009.37	2011.61	7474	0	0
2024.01.18	04:00:00	2011.60	2011.88	2007.49	2007.64	5359	0	0
2024.01.18	05:00:00	2007.63	2009.16	2006.48	2008.05	5122	0	0
2024.01.18	06:00:00	2008.04	2009.22	2007.94	2008.09	2644	0	0
2024.01.18	07:00:00	2008.08	2009.44	2005.81	2009.24	4903	0	0
2024.01.18	08:00:00	2009.28	2013.06	2008.90	2012.72	6776	0	0
2024.01.18	09:00:00	2012.71	2014.14	2011.05	2012.39	6818	0	0
2024.01.18	10:00:00	2012.37	2012.41	2009.64	2009.75	7003	0	0
2024.01.18	11:00:00	2009.59	2013.00	2008.16	2010.16	7275	0	0
2024.01.18	12:00:00	2010.16	2012.21	2009.22	2011.62	5321	0	0
2024.01.18	13:00:00	2011.58	2013.48	2010.80	2012.59	5486	0	0
2024.01.18	14:00:00	2012.61	2017.26	2012.61	2015.03	8311	0	0
2024.01.18	15:00:00	2014.91	2014.92	2007.21	2009.09	13865	0	0
2024.01.18	16:00:00	2009.08	2013.66	2009.08	2012.84	14479	0	0
2024.01.18	17:00:00	2012.86	2015.67	2011.65	2013.64	13231	0	0
2024.01.18	18:00:00	2013.63	2017.75	2013.10	2014.88	10290	0	0
2024.01.18	19:00:00	2014.89	2016.39	2013.22	2016.37	8165	0	0
2024.01.18	20:00:00	2016.41	2021.12	2015.58	2020.58	7674	0	0
2024.01.18	21:00:00	2020.57	2020.64	2018.38	2019.79	5395	0	0
2024.01.18	22:00:00	2019.80	2022.69	2019.80	2022.26	4835	0	0
2024.01.18	23:00:00	2022.33	2023.33	2021.89	2023.06	1887	0	0
2024.01.19	01:00:00	2024.14	2024.44	2021.18	2023.83	3969	0	0
2024.01.19	02:00:00	2023.80	2024.28	2022.67	2023.16	4382	0	0
2024.01.19	03:00:00	2023.15	2025.52	2022.11	2024.02	7435	0	0
2024.01.19	04:00:00	2024.02	2025.01	2022.60	2024.03	5560	0	0
2024.01.19	05:00:00	2024.04	2024.24	2022.00	2022.88	3139	0	0
2024.01.19	06:00:00	2022.87	2022.90	2020.67	2021.06	2453	0	0
2024.01.19	07:00:00	2021.05	2021.92	2020.39	2021.64	4027	0	0
2024.01.19	08:00:00	2021.62	2024.27	2020.86	2023.86	4903	0	0
2024.01.19	09:00:00	2023.85	2029.66	2023.67	2028.02	7322	0	0
2024.01.19	10:00:00	2028.00	2030.14	2026.22	2029.73	6606	0	0
2024.01.19	11:00:00	2029.74	2030.86	2027.65	2029.79	5379	0	0
2024.01.19	12:00:00	2029.83	2030.96	2028.92	2030.38	4455	0	0
2024.01.19	13:00:00	2030.39	2032.02	2028.79	2031.63	4538	0	0
2024.01.19	14:00:00	2031.63	2035.19	2031.62	2032.84	6653	0	0
2024.01.19	15:00:00	2032.85	2039.43	2032.64	2035.32	12573	0	0
2024.01.19	16:00:00	2035.33	2035.75	2026.41	2029.53	12358	0	0
2024.01.19	17:00:00	2029.72	2032.03	2023.11	2027.73	17034	0	0
2024.01.19	18:00:00	2027.74	2029.57	2023.32	2024.87	11029	0	0
2024.01.19	19:00:00	2024.88	2029.10	2024.42	2029.09	8258	0	0
2024.01.19	20:00:00	2029.11	2029.45	2026.46	2027.89	6209	0	0
2024.01.19	21:00:00	2027.91	2029.47	2027.57	2029.18	4348	0	0
2024.01.19	22:00:00	2029.17	2029.50	2027.75	2028.37	3840	0	0
2024.01.19	23:00:00	2028.32	2030.02	2028.15	2029.36	2477	0	0
2024.01.22	01:00:00	2028.60	2028.60	2026.98	2027.59	2615	0	0
2024.01.22	02:00:00	2027.56	2029.27	2025.46	2029.04	4620	0	0
2024.01.22	03:00:00	2029.08	2032.16	2028.73	2029.12	8190	0	0
2024.01.22	04:00:00	2029.12	2030.05	2028.37	2029.81	4340	0	0
2024.01.22	05:00:00	2029.80	2029.81	2026.03	2026.97	3870	0	0
2024.01.22	06:00:00	2026.98	2027.14	2024.72	2025.48	3152	0	0
2024.01.22	07:00:00	2025.48	2025.52	2021.84	2023.25	6585	0	0
2024.01.22	08:00:00	2023.26	2024.46	2020.08	2020.93	8051	0	0
2024.01.22	09:00:00	2020.90	2024.31	2019.08	2021.84	8436	0	0
2024.01.22	10:00:00	2021.77	2026.28	2020.43	2022.25	8001	0	0
2024.01.22	11:00:00	2022.25	2023.99	2020.61	2021.72	5847	0	0
2024.01.22	12:00:00	2021.71	2024.58	2021.09	2022.91	5082	0	0
2024.01.22	13:00:00	2022.86	2026.57	2022.28	2026.18	6005	0	0
2024.01.22	14:00:00	2026.14	2030.15	2025.26	2029.75	8006	0	0
2024.01.22	15:00:00	2029.72	2029.76	2021.27	2023.20	13547	0	0
2024.01.22	16:00:00	2023.18	2024.01	2016.59	2022.73	14081	0	0
2024.01.22	17:00:00	2022.69	2026.58	2020.78	2024.16	12166	0	0
2024.01.22	18:00:00	2024.17	2024.26	2021.49	2023.73	7729	0	0
2024.01.22	19:00:00	2023.72	2024.61	2021.41	2021.58	5756	0	0
2024.01.22	20:00:00	2021.59	2021.92	2019.80	2021.35	5232	0	0
2024.01.22	21:00:00	2021.34	2021.63	2019.15	2021.04	3946	0	0
2024.01.22	22:00:00	2021.05	2021.08	2019.22	2020.87	3809	0	0
2024.01.22	23:00:00	2020.84	2021.78	2020.22	2021.72	2105	0	0
2024.01.23	01:00:00	2021.66	2021.91	2020.51	2020.76	1386	0	0
2024.01.23	02:00:00	2020.80	2023.19	2020.80	2022.88	2686	0	0
2024.01.23	03:00:00	2022.87	2022.99	2019.60	2021.78	5826	0	0
2024.01.23	04:00:00	2021.78	2024.17	2020.81	2022.62	5985	0	0
2024.01.23	05:00:00	2022.67	2027.98	2021.77	2027.52	6973	0	0
2024.01.23	06:00:00	2027.42	2027.93	2026.75	2027.69	3942	0	0
2024.01.23	07:00:00	2027.71	2031.72	2027.27	2030.86	6579	0	0
2024.01.23	08:00:00	2030.84	2035.97	2029.17	2035.12	8123	0	0
2024.01.23	09:00:00	2035.17	2037.87	2027.75	2031.67	10388	0	0
2024.01.23	10:00:00	2031.74	2031.75	2027.75	2028.93	7617	0	0
2024.01.23	11:00:00	2028.90	2030.61	2027.08	2028.75	6455	0	0
2024.01.23	12:00:00	2028.66	2028.66	2024.78	2025.14	5812	0	0
2024.01.23	13:00:00	2025.14	2026.20	2022.43	2023.98	6491	0	0
2024.01.23	14:00:00	2023.99	2026.97	2023.24	2025.76	6360	0	0
2024.01.23	15:00:00	2025.82	2030.36	2023.34	2024.97	10433	0	0
2024.01.23	16:00:00	2024.95	2026.15	2021.44	2023.21	12589	0	0
2024.01.23	17:00:00	2023.25	2026.75	2022.95	2025.18	12191	0	0
2024.01.23	18:00:00	2025.19	2027.77	2023.33	2025.79	9087	0	0
2024.01.23	19:00:00	2025.80	2026.10	2022.66	2024.31	5600	0	0
2024.01.23	20:00:00	2024.33	2025.80	2023.01	2025.26	5106	0	0
2024.01.23	21:00:00	2025.28	2030.73	2024.81	2029.89	5730	0	0
2024.01.23	22:00:00	2029.90	2030.28	2028.18	2028.68	3971	0	0
2024.01.23	23:00:00	2028.68	2029.31	2027.86	2029.25	2074	0	0
2024.01.24	01:00:00	2029.32	2029.62	2027.31	2029.33	2726	0	0
2024.01.24	02:00:00	2029.31	2029.33	2026.99	2027.40	3462	0	0
2024.01.24	03:00:00	2027.39	2029.01	2026.46	2027.24	5912	0	0
2024.01.24	04:00:00	2027.25	2027.55	2023.97	2024.20	4069	0	0
2024.01.24	05:00:00	2024.19	2025.75	2023.76	2024.85	4371	0	0
2024.01.24	06:00:00	2024.85	2025.75	2024.03	2024.49	2793	0	0
2024.01.24	07:00:00	2024.49	2025.70	2022.84	2024.54	4805	0	0
2024.01.24	08:00:00	2024.55	2027.95	2023.76	2026.03	5562	0	0
2024.01.24	09:00:00	2026.03	2031.66	2025.78	2029.56	7398	0	0
2024.01.24	10:00:00	2029.56	2032.25	2028.20	2030.97	9207	0	0
2024.01.24	11:00:00	2030.96	2034.13	2029.98	2030.89	7501	0	0
2024.01.24	12:00:00	2030.87	2033.11	2029.38	2032.83	5319	0	0
2024.01.24	13:00:00	2032.90	2034.31	2030.91	2033.48	5278	0	0
2024.01.24	14:00:00	2033.50	2034.39	2031.66	2032.69	7235	0	0
2024.01.24	15:00:00	2032.60	2036.69	2031.38	2034.00	15910	0	0
2024.01.24	16:00:00	2033.99	2034.74	2023.09	2024.70	15365	0	0
2024.01.24	17:00:00	2024.69	2025.39	2014.96	2015.31	17203	0	0
2024.01.24	18:00:00	2015.38	2016.32	2011.91	2015.34	12867	0	0
2024.01.24	19:00:00	2015.38	2019.81	2015.35	2019.30	8315	0	0
2024.01.24	20:00:00	2019.32	2019.85	2013.43	2015.09	8594	0	0
2024.01.24	21:00:00	2015.06	2015.34	2011.25	2012.18	5651	0	0
2024.01.24	22:00:00	2012.19	2013.82	2011.80	2012.28	4606	0	0
2024.01.24	23:00:00	2012.29	2014.65	2012.13	2013.62	2584	0	0
2024.01.25	01:00:00	2015.59	2017.66	2015.58	2016.39	3284	0	0
2024.01.25	02:00:00	2016.43	2016.77	2014.89	2015.52	4822	0	0
2024.01.25	03:00:00	2015.49	2017.35	2014.54	2016.43	7190	0	0
2024.01.25	04:00:00	2016.44	2016.97	2014.64	2015.22	5248	0	0
2024.01.25	05:00:00	2015.24	2016.85	2015.09	2015.79	3450	0	0
2024.01.25	06:00:00	2015.79	2016.45	2014.85	2015.70	2518	0	0
2024.01.25	07:00:00	2015.69	2016.61	2014.80	2015.57	3470	0	0
2024.01.25	08:00:00	2015.56	2016.61	2014.55	2015.81	4412	0	0
2024.01.25	09:00:00	2015.83	2018.30	2013.57	2015.82	6492	0	0
2024.01.25	10:00:00	2015.82	2015.99	2012.72	2013.88	7578	0	0
2024.01.25	11:00:00	2013.86	2017.94	2012.80	2017.88	6156	0	0
2024.01.25	12:00:00	2017.89	2019.50	2017.14	2019.23	5424	0	0
2024.01.25	13:00:00	2019.24	2019.57	2016.57	2017.54	4879	0	0
2024.01.25	14:00:00	2017.56	2017.70	2013.41	2013.70	6208	0	0
2024.01.25	15:00:00	2013.62	2023.14	2009.40	2019.40	16642	0	0
2024.01.25	16:00:00	2019.39	2025.25	2018.37	2023.63	18006	0	0
2024.01.25	17:00:00	2023.55	2024.79	2016.82	2020.31	15630	0	0
2024.01.25	18:00:00	2020.33	2021.64	2013.81	2014.58	10486	0	0
2024.01.25	19:00:00	2014.61	2016.57	2012.55	2014.99	8036	0	0
2024.01.25	20:00:00	2014.98	2018.63	2014.05	2014.26	7579	0	0
2024.01.25	21:00:00	2014.25	2018.36	2013.39	2017.82	5269	0	0
2024.01.25	22:00:00	2017.80	2020.30	2016.97	2020.08	4353	0	0
2024.01.25	23:00:00	2020.05	2020.97	2018.94	2020.81	2226	0	0
2024.01.26	01:00:00	2019.84	2021.30	2019.45	2020.72	2432	0	0
2024.01.26	02:00:00	2020.71	2021.80	2019.37	2021.27	3051	0	0
2024.01.26	03:00:00	2021.33	2024.24	2021.05	2021.91	6049	0	0
2024.01.26	04:00:00	2021.87	2023.92	2021.80	2021.95	3529	0	0
2024.01.26	05:00:00	2021.96	2022.91	2021.37	2021.85	2356	0	0
2024.01.26	06:00:00	2021.85	2022.43	2021.11	2021.19	1839	0	0
2024.01.26	07:00:00	2021.17	2023.51	2021.07	2023.09	3215	0	0
2024.01.26	08:00:00	2023.10	2023.44	2021.57	2021.60	4157	0	0
2024.01.26	09:00:00	2021.61	2022.84	2019.82	2021.34	5714	0	0
2024.01.26	10:00:00	2021.34	2022.22	2020.19	2020.54	5718	0	0
2024.01.26	11:00:00	2020.57	2022.42	2018.27	2020.85	6118	0	0
2024.01.26	12:00:00	2020.86	2023.84	2020.84	2023.47	5308	0	0
2024.01.26	13:00:00	2023.48	2024.65	2022.41	2023.42	4641	0	0
2024.01.26	14:00:00	2023.43	2024.47	2020.15	2021.35	4986	0	0
2024.01.26	15:00:00	2021.34	2026.92	2018.76	2024.68	14049	0	0
2024.01.26	16:00:00	2024.67	2026.14	2019.13	2020.30	13998	0	0
2024.01.26	17:00:00	2020.14	2020.14	2016.15	2017.10	11582	0	0
2024.01.26	18:00:00	2016.93	2019.44	2015.96	2018.21	7233	0	0
2024.01.26	19:00:00	2018.20	2018.86	2016.45	2016.68	5518	0	0
2024.01.26	20:00:00	2016.64	2018.26	2016.08	2017.35	4557	0	0
2024.01.26	21:00:00	2017.38	2017.90	2016.16	2017.06	3181	0	0
2024.01.26	22:00:00	2017.08	2019.29	2016.48	2018.60	2960	0	0
2024.01.26	23:00:00	2018.55	2019.16	2017.97	2018.41	1563	0	0
2024.01.29	01:00:00	2023.66	2028.73	2021.18	2021.83	4830	0	0
2024.01.29	02:00:00	2021.88	2022.08	2019.30	2021.63	5384	0	0
2024.01.29	03:00:00	2021.63	2025.49	2021.08	2023.20	6953	0	0
2024.01.29	04:00:00	2023.25	2025.49	2021.53	2025.43	3693	0	0
2024.01.29	05:00:00	2025.47	2026.35	2024.17	2025.69	3176	0	0
2024.01.29	06:00:00	2025.70	2027.63	2025.44	2026.24	2605	0	0
2024.01.29	07:00:00	2026.27	2026.86	2024.69	2025.47	3463	0	0
2024.01.29	08:00:00	2025.46	2029.01	2024.88	2028.81	4162	0	0
2024.01.29	09:00:00	2028.78	2033.87	2028.70	2031.35	7141	0	0
2024.01.29	10:00:00	2031.34	2033.61	2030.98	2031.59	6259	0	0
2024.01.29	11:00:00	2031.60	2031.97	2027.91	2028.37	5850	0	0
2024.01.29	12:00:00	2028.35	2028.60	2025.63	2027.51	5132	0	0
2024.01.29	13:00:00	2027.50	2028.38	2025.49	2028.19	4443	0	0
2024.01.29	14:00:00	2028.19	2030.31	2028.16	2028.48	4772	0	0
2024.01.29	15:00:00	2028.57	2037.57	2027.77	2036.89	10187	0	0
2024.01.29	16:00:00	2036.88	2037.28	2021.64	2024.80	13184	0	0
2024.01.29	17:00:00	2024.78	2026.26	2020.57	2025.48	10917	0	0
2024.01.29	18:00:00	2025.47	2027.94	2024.05	2027.13	7162	0	0
2024.01.29	19:00:00	2027.13	2031.14	2026.57	2029.35	6355	0	0
2024.01.29	20:00:00	2029.35	2029.71	2025.11	2025.84	5261	0	0
2024.01.29	21:00:00	2025.85	2028.00	2025.18	2026.95	4421	0	0
2024.01.29	22:00:00	2027.01	2035.31	2027.01	2032.71	8788	0	0
2024.01.29	23:00:00	2032.64	2032.87	2030.99	2032.85	2316	0	0
2024.01.30	01:00:00	2032.74	2033.33	2029.30	2031.12	2015	0	0
2024.01.30	02:00:00	2031.13	2034.10	2030.93	2033.65	3305	0	0
2024.01.30	03:00:00	2033.61	2033.98	2030.61	2031.09	6187	0	0
2024.01.30	04:00:00	2031.06	2032.51	2029.84	2032.00	3794	0	0
2024.01.30	05:00:00	2032.04	2032.59	2031.41	2032.12	2468	0	0
2024.01.30	06:00:00	2032.12	2033.08	2031.24	2031.77	2008	0	0
2024.01.30	07:00:00	2031.70	2033.36	2031.56	2032.18	3083	0	0
2024.01.30	08:00:00	2032.22	2035.98	2032.12	2034.50	4835	0	0
2024.01.30	09:00:00	2034.49	2040.38	2034.09	2037.89	6646	0	0
2024.01.30	10:00:00	2037.90	2039.47	2037.09	2038.33	7895	0	0
2024.01.30	11:00:00	2038.32	2038.67	2035.08	2035.75	5796	0	0
2024.01.30	12:00:00	2035.81	2037.37	2035.07	2035.62	4941	0	0
2024.01.30	13:00:00	2035.60	2036.15	2031.24	2034.37	5222	0	0
2024.01.30	14:00:00	2034.35	2036.38	2033.69	2036.00	5215	0	0
2024.01.30	15:00:00	2036.01	2037.99	2033.28	2037.80	10638	0	0
2024.01.30	16:00:00	2037.81	2048.59	2037.41	2046.67	14886	0	0
2024.01.30	17:00:00	2046.58	2048.26	2029.08	2032.67	19412	0	0
2024.01.30	18:00:00	2032.66	2036.13	2031.79	2035.94	9559	0	0
2024.01.30	19:00:00	2036.03	2036.21	2033.15	2034.03	5952	0	0
2024.01.30	20:00:00	2034.04	2034.04	2031.52	2032.81	4875	0	0
2024.01.30	21:00:00	2032.82	2037.07	2032.35	2036.11	4734	0	0
2024.01.30	22:00:00	2036.12	2036.67	2035.35	2036.04	3322	0	0
2024.01.30	23:00:00	2036.01	2037.01	2035.92	2036.91	1488	0	0
2024.01.31	01:00:00	2036.53	2036.83	2035.72	2036.51	1199	0	0
2024.01.31	02:00:00	2036.48	2038.72	2035.86	2036.12	3623	0	0
2024.01.31	03:00:00	2036.13	2037.22	2034.56	2034.66	4964	0	0
2024.01.31	04:00:00	2034.65	2034.84	2032.85	2033.69	4224	0	0
2024.01.31	05:00:00	2033.67	2034.23	2033.08	2033.92	2582	0	0
2024.01.31	06:00:00	2033.91	2034.85	2033.27	2034.60	1779	0	0
2024.01.31	07:00:00	2034.59	2035.18	2033.29	2035.09	2666	0	0
2024.01.31	08:00:00	2035.13	2035.83	2033.65	2034.35	2940	0	0
2024.01.31	09:00:00	2034.31	2038.61	2033.94	2036.58	6036	0	0
2024.01.31	10:00:00	2036.59	2040.46	2036.15	2039.08	7074	0	0
2024.01.31	11:00:00	2039.05	2039.81	2037.92	2038.21	5645	0	0
2024.01.31	12:00:00	2038.21	2038.55	2036.58	2036.94	3882	0	0
2024.01.31	13:00:00	2036.95	2038.95	2036.86	2037.33	4177	0	0
2024.01.31	14:00:00	2037.35	2039.60	2037.12	2038.53	5204	0	0
2024.01.31	15:00:00	2038.58	2043.22	2036.06	2041.95	13824	0	0
2024.01.31	16:00:00	2041.95	2055.32	2040.77	2051.63	15630	0	0
2024.01.31	17:00:00	2051.58	2056.03	2050.46	2052.26	17069	0	0
2024.01.31	18:00:00	2052.27	2053.70	2047.49	2050.02	14297	0	0
2024.01.31	19:00:00	2050.01	2051.03	2049.29	2049.64	7284	0	0
2024.01.31	20:00:00	2049.61	2049.83	2045.78	2046.23	7057	0	0
2024.01.31	21:00:00	2046.23	2050.86	2039.08	2044.83	21092	0	0
2024.01.31	22:00:00	2044.75	2045.92	2030.91	2034.93	17692	0	0
2024.01.31	23:00:00	2034.90	2040.21	2033.35	2039.14	6251	0	0
2024.02.01	01:00:00	2039.98	2041.28	2039.48	2039.93	1989	0	0
2024.02.01	02:00:00	2039.96	2042.75	2039.21	2040.69	3826	0	0
2024.02.01	03:00:00	2040.70	2041.97	2040.05	2041.39	6094	0	0
2024.02.01	04:00:00	2041.38	2049.65	2041.24	2047.06	5885	0	0
2024.02.01	05:00:00	2047.08	2048.50	2045.60	2046.35	3837	0	0
2024.02.01	06:00:00	2046.40	2046.66	2045.05	2045.80	2294	0	0
2024.02.01	07:00:00	2045.81	2046.29	2044.31	2044.53	3700	0	0
2024.02.01	08:00:00	2044.45	2044.93	2042.41	2043.63	4901	0	0
2024.02.01	09:00:00	2043.59	2044.23	2041.19	2042.93	6476	0	0
2024.02.01	10:00:00	2042.90	2042.90	2039.03	2041.98	9418	0	0
2024.02.01	11:00:00	2041.99	2042.84	2040.38	2041.09	6356	0	0
2024.02.01	12:00:00	2041.13	2041.23	2030.98	2031.87	8055	0	0
2024.02.01	13:00:00	2031.88	2034.50	2030.05	2033.46	9044	0	0
2024.02.01	14:00:00	2033.43	2034.52	2030.15	2034.26	8691	0	0
2024.02.01	15:00:00	2034.25	2042.18	2030.88	2040.09	15886	0	0
2024.02.01	16:00:00	2040.10	2050.89	2040.04	2046.07	16186	0	0
2024.02.01	17:00:00	2046.06	2053.07	2040.16	2052.00	17685	0	0
2024.02.01	18:00:00	2051.99	2065.47	2051.75	2059.33	17966	0	0
2024.02.01	19:00:00	2059.41	2062.40	2051.31	2054.48	14783	0	0
2024.02.01	20:00:00	2054.45	2058.73	2052.19	2055.72	12142	0	0
2024.02.01	21:00:00	2055.72	2058.14	2054.18	2054.80	6503	0	0
2024.02.01	22:00:00	2054.84	2055.74	2053.49	2055.56	5189	0	0
2024.02.01	23:00:00	2055.36	2055.39	2053.83	2054.95	2551	0	0
2024.02.02	01:00:00	2054.44	2056.21	2054.44	2054.82	1690	0	0
2024.02.02	02:00:00	2054.80	2056.92	2054.61	2055.03	2916	0	0
2024.02.02	03:00:00	2055.02	2056.09	2052.93	2054.77	6331	0	0
2024.02.02	04:00:00	2054.77	2055.48	2051.98	2053.85	4364	0	0
2024.02.02	05:00:00	2053.85	2055.03	2053.62	2054.61	2617	0	0
2024.02.02	06:00:00	2054.59	2055.92	2054.12	2055.15	1966	0	0
2024.02.02	07:00:00	2055.13	2056.58	2054.50	2055.54	3585	0	0
2024.02.02	08:00:00	2055.55	2056.94	2054.18	2055.49	4835	0	0
2024.02.02	09:00:00	2055.48	2056.94	2054.79	2055.05	5780	0	0
2024.02.02	10:00:00	2055.06	2056.84	2053.69	2054.03	5390	0	0
2024.02.02	11:00:00	2053.99	2055.00	2052.71	2053.09	5056	0	0
2024.02.02	12:00:00	2053.07	2055.64	2052.99	2054.68	4700	0	0
2024.02.02	13:00:00	2054.68	2056.19	2053.69	2056.12	4136	0	0
2024.02.02	14:00:00	2056.11	2056.30	2053.78	2055.22	4674	0	0
2024.02.02	15:00:00	2055.32	2057.66	2029.61	2031.74	18943	0	0
2024.02.02	16:00:00	2031.74	2036.14	2027.90	2035.43	20294	0	0
2024.02.02	17:00:00	2035.43	2035.68	2028.54	2035.07	17166	0	0
2024.02.02	18:00:00	2035.06	2037.56	2033.19	2036.30	12036	0	0
2024.02.02	19:00:00	2036.29	2037.05	2034.00	2035.25	7970	0	0
2024.02.02	20:00:00	2035.19	2038.79	2034.45	2037.44	7917	0	0
2024.02.02	21:00:00	2037.45	2038.59	2036.46	2038.14	5376	0	0
2024.02.02	22:00:00	2038.22	2038.48	2036.02	2036.02	5051	0	0
2024.02.02	23:00:00	2036.11	2039.74	2036.11	2039.67	2482	0	0
2024.02.05	01:00:00	2041.62	2042.21	2039.15	2039.30	3655	0	0
2024.02.05	02:00:00	2039.34	2039.84	2033.62	2035.66	7988	0	0
2024.02.05	03:00:00	2035.65	2038.22	2034.57	2038.03	6853	0	0
2024.02.05	04:00:00	2038.00	2038.73	2033.00	2033.50	6282	0	0
2024.02.05	05:00:00	2033.49	2034.50	2030.28	2032.23	6231	0	0
2024.02.05	06:00:00	2032.27	2033.39	2031.62	2031.92	2969	0	0
2024.02.05	07:00:00	2031.92	2032.04	2028.96	2029.80	5864	0	0
2024.02.05	08:00:00	2029.80	2031.26	2026.88	2030.96	5448	0	0
2024.02.05	09:00:00	2030.98	2031.53	2026.85	2027.58	6828	0	0
2024.02.05	10:00:00	2027.57	2027.73	2021.49	2023.48	8751	0	0
2024.02.05	11:00:00	2023.46	2024.22	2020.68	2022.70	6983	0	0
2024.02.05	12:00:00	2022.69	2025.29	2022.33	2024.46	5464	0	0
2024.02.05	13:00:00	2024.49	2028.38	2024.14	2027.68	5191	0	0
2024.02.05	14:00:00	2027.67	2028.08	2022.68	2022.69	6072	0	0
2024.02.05	15:00:00	2022.60	2022.73	2014.98	2015.96	12368	0	0
2024.02.05	16:00:00	2015.97	2023.76	2014.91	2023.76	14141	0	0
2024.02.05	17:00:00	2023.10	2023.10	2015.52	2017.83	17194	0	0
2024.02.05	18:00:00	2017.82	2022.51	2017.79	2022.22	9056	0	0
2024.02.05	19:00:00	2022.25	2026.46	2021.43	2025.66	7700	0	0
2024.02.05	20:00:00	2025.69	2027.10	2025.46	2025.96	5681	0	0
2024.02.05	21:00:00	2026.03	2027.54	2025.14	2026.00	4769	0	0
2024.02.05	22:00:00	2025.94	2026.43	2024.05	2025.01	5055	0	0
2024.02.05	23:00:00	2025.02	2025.19	2024.12	2025.10	1776	0	0
2024.02.06	01:00:00	2025.36	2025.47	2023.72	2025.06	1696	0	0
2024.02.06	02:00:00	2025.05	2027.65	2025.02	2026.94	2441	0	0
2024.02.06	03:00:00	2026.95	2028.58	2026.55	2027.24	4833	0	0
2024.02.06	04:00:00	2027.28	2027.41	2024.91	2026.02	3218	0	0
2024.02.06	05:00:00	2026.03	2026.40	2023.50	2023.93	3477	0	0
2024.02.06	06:00:00	2023.95	2026.40	2023.61	2026.34	2653	0	0
2024.02.06	07:00:00	2026.36	2029.84	2025.87	2029.50	4988	0	0
2024.02.06	08:00:00	2029.50	2029.68	2026.17	2026.70	4480	0	0
2024.02.06	09:00:00	2026.77	2029.00	2026.20	2026.28	5021	0	0
2024.02.06	10:00:00	2026.29	2026.69	2023.44	2023.88	5437	0	0
2024.02.06	11:00:00	2023.87	2025.42	2022.93	2023.63	5410	0	0
2024.02.06	12:00:00	2023.62	2026.31	2023.39	2023.96	4890	0	0
2024.02.06	13:00:00	2024.01	2027.55	2022.99	2026.77	4850	0	0
2024.02.06	14:00:00	2026.77	2027.95	2024.54	2027.82	5388	0	0
2024.02.06	15:00:00	2027.81	2030.93	2026.27	2029.24	12329	0	0
2024.02.06	16:00:00	2029.24	2033.08	2026.90	2030.68	11645	0	0
2024.02.06	17:00:00	2030.69	2038.12	2029.64	2036.38	14138	0	0
2024.02.06	18:00:00	2036.29	2038.90	2035.22	2036.65	9465	0	0
2024.02.06	19:00:00	2036.63	2038.39	2032.11	2037.05	9427	0	0
2024.02.06	20:00:00	2037.02	2038.26	2033.84	2036.61	7721	0	0
2024.02.06	21:00:00	2036.62	2036.91	2035.04	2036.01	5072	0	0
2024.02.06	22:00:00	2036.07	2037.01	2035.21	2035.72	4161	0	0
2024.02.06	23:00:00	2035.72	2036.17	2035.02	2035.97	1403	0	0
2024.02.07	01:00:00	2035.70	2036.26	2034.49	2035.23	1293	0	0
2024.02.07	02:00:00	2035.20	2036.15	2034.47	2035.05	2573	0	0
2024.02.07	03:00:00	2035.04	2035.80	2034.25	2035.09	4754	0	0
2024.02.07	04:00:00	2035.06	2035.56	2034.08	2034.45	3739	0	0
2024.02.07	05:00:00	2034.42	2035.52	2034.07	2034.46	3003	0	0
2024.02.07	06:00:00	2034.46	2035.45	2034.14	2035.24	1972	0	0
2024.02.07	07:00:00	2035.24	2035.49	2033.29	2033.42	3222	0	0
2024.02.07	08:00:00	2033.40	2034.32	2032.50	2033.61	3274	0	0
2024.02.07	09:00:00	2033.59	2036.16	2033.29	2035.18	4497	0	0
2024.02.07	10:00:00	2035.18	2035.29	2031.26	2032.95	5091	0	0
2024.02.07	11:00:00	2032.97	2034.96	2032.41	2034.38	4239	0	0
2024.02.07	12:00:00	2034.37	2034.42	2032.70	2033.24	3786	0	0
2024.02.07	13:00:00	2033.14	2035.83	2032.78	2034.13	3713	0	0
2024.02.07	14:00:00	2034.12	2034.25	2030.60	2033.48	4848	0	0
2024.02.07	15:00:00	2033.55	2036.63	2032.35	2036.17	7329	0	0
2024.02.07	16:00:00	2036.19	2044.61	2032.70	2042.50	13290	0	0
2024.02.07	17:00:00	2042.53	2043.29	2035.42	2038.35	13492	0	0
2024.02.07	18:00:00	2038.36	2040.93	2037.63	2038.44	9001	0	0
2024.02.07	19:00:00	2038.37	2038.48	2034.08	2035.64	6459	0	0
2024.02.07	20:00:00	2035.65	2037.28	2034.02	2034.83	6527	0	0
2024.02.07	21:00:00	2034.83	2035.81	2034.22	2035.60	3281	0	0
2024.02.07	22:00:00	2035.56	2035.87	2034.44	2034.75	2826	0	0
2024.02.07	23:00:00	2034.77	2035.05	2033.74	2034.98	1453	0	0
2024.02.08	01:00:00	2035.40	2036.64	2035.36	2036.56	1222	0	0
2024.02.08	02:00:00	2036.53	2037.78	2036.41	2037.33	1775	0	0
2024.02.08	03:00:00	2037.36	2038.15	2036.66	2037.33	4010	0	0
2024.02.08	04:00:00	2037.26	2038.72	2035.85	2036.14	3222	0	0
2024.02.08	05:00:00	2036.17	2036.56	2031.81	2032.81	3345	0	0
2024.02.08	06:00:00	2032.79	2034.03	2031.66	2032.22	2019	0	0
2024.02.08	07:00:00	2032.23	2033.78	2031.13	2033.50	2854	0	0
2024.02.08	08:00:00	2033.52	2034.24	2032.30	2033.29	2918	0	0
2024.02.08	09:00:00	2033.28	2035.10	2031.61	2032.87	4507	0	0
2024.02.08	10:00:00	2032.89	2033.40	2028.96	2030.85	5266	0	0
2024.02.08	11:00:00	2030.84	2036.00	2029.83	2035.38	5132	0	0
2024.02.08	12:00:00	2035.54	2038.48	2034.78	2036.12	5577	0	0
2024.02.08	13:00:00	2036.14	2036.31	2027.90	2029.08	7382	0	0
2024.02.08	14:00:00	2029.07	2029.13	2023.77	2024.97	7609	0	0
2024.02.08	15:00:00	2025.03	2026.47	2020.97	2021.08	11986	0	0
2024.02.08	16:00:00	2021.11	2034.08	2020.21	2028.36	13632	0	0
2024.02.08	17:00:00	2028.45	2033.24	2027.62	2031.98	10652	0	0
2024.02.08	18:00:00	2031.99	2032.28	2027.72	2031.94	8645	0	0
2024.02.08	19:00:00	2031.97	2033.15	2030.34	2031.76	5415	0	0
2024.02.08	20:00:00	2031.72	2035.35	2031.19	2032.03	6820	0	0
2024.02.08	21:00:00	2032.09	2033.53	2031.44	2032.58	3674	0	0
2024.02.08	22:00:00	2032.60	2033.81	2032.60	2033.02	3003	0	0
2024.02.08	23:00:00	2033.03	2034.45	2033.03	2034.35	1194	0	0
2024.02.09	01:00:00	2034.89	2034.89	2033.88	2034.29	954	0	0
2024.02.09	02:00:00	2034.24	2034.45	2032.02	2032.09	1974	0	0
2024.02.09	03:00:00	2032.08	2035.12	2032.08	2034.28	3214	0	0
2024.02.09	04:00:00	2034.29	2035.16	2034.05	2034.39	1938	0	0
2024.02.09	05:00:00	2034.43	2034.84	2032.99	2033.60	1511	0	0
2024.02.09	06:00:00	2033.61	2033.78	2032.36	2032.75	1324	0	0
2024.02.09	07:00:00	2032.73	2034.04	2032.18	2032.85	1348	0	0
2024.02.09	08:00:00	2032.91	2034.39	2032.33	2033.90	1540	0	0
2024.02.09	09:00:00	2033.92	2035.02	2032.88	2033.60	2769	0	0
2024.02.09	10:00:00	2033.59	2034.16	2030.55	2032.41	5224	0	0
2024.02.09	11:00:00	2032.42	2033.61	2031.10	2031.57	3985	0	0
2024.02.09	12:00:00	2031.56	2033.14	2031.01	2032.80	3307	0	0
2024.02.09	13:00:00	2032.87	2033.56	2031.53	2031.58	3160	0	0
2024.02.09	14:00:00	2031.54	2032.21	2028.54	2028.79	4490	0	0
2024.02.09	15:00:00	2028.78	2037.20	2025.58	2027.12	12935	0	0
2024.02.09	16:00:00	2026.98	2030.66	2023.09	2025.27	12665	0	0
2024.02.09	17:00:00	2025.24	2027.24	2021.90	2022.46	10139	0	0
2024.02.09	18:00:00	2022.53	2023.90	2020.30	2021.65	7232	0	0
2024.02.09	19:00:00	2021.63	2024.80	2021.28	2024.70	4041	0	0
2024.02.09	20:00:00	2024.69	2026.35	2022.82	2023.77	3646	0	0
2024.02.09	21:00:00	2023.74	2026.17	2023.39	2024.78	2369	0	0
2024.02.09	22:00:00	2024.75	2026.25	2023.92	2025.14	2609	0	0
2024.02.09	23:00:00	2025.11	2025.62	2024.03	2024.05	1457	0	0
2024.02.12	01:00:00	2026.76	2026.79	2024.49	2025.48	1302	0	0
2024.02.12	02:00:00	2025.50	2025.94	2024.95	2025.18	1153	0	0
2024.02.12	03:00:00	2025.19	2026.60	2023.51	2023.56	2161	0	0
2024.02.12	04:00:00	2023.55	2023.91	2022.23	2022.40	1627	0	0
2024.02.12	05:00:00	2022.38	2023.07	2021.87	2022.88	1456	0	0
2024.02.12	06:00:00	2022.84	2024.17	2022.60	2023.12	1050	0	0
2024.02.12	07:00:00	2023.17	2024.07	2022.92	2023.85	1218	0	0
2024.02.12	08:00:00	2023.84	2024.69	2023.57	2024.29	1481	0	0
2024.02.12	09:00:00	2024.27	2026.45	2023.07	2025.61	4003	0	0
2024.02.12	10:00:00	2025.60	2027.30	2023.59	2023.68	5317	0	0
2024.02.12	11:00:00	2023.66	2023.86	2020.42	2020.81	4718	0	0
2024.02.12	12:00:00	2020.80	2021.23	2020.04	2020.98	3342	0	0
2024.02.12	13:00:00	2020.99	2022.61	2020.29	2021.76	3525	0	0
2024.02.12	14:00:00	2021.74	2022.41	2020.58	2021.39	3633	0	0
2024.02.12	15:00:00	2021.40	2027.60	2018.56	2019.09	11097	0	0
2024.02.12	16:00:00	2019.10	2020.40	2013.26	2015.00	11500	0	0
2024.02.12	17:00:00	2014.98	2017.03	2012.12	2013.18	8786	0	0
2024.02.12	18:00:00	2013.11	2016.44	2011.92	2015.95	6465	0	0
2024.02.12	19:00:00	2015.96	2020.21	2015.65	2019.41	5505	0	0
2024.02.12	20:00:00	2019.41	2021.61	2017.84	2021.53	4749	0	0
2024.02.12	21:00:00	2021.52	2021.58	2018.62	2019.18	3335	0	0
2024.02.12	22:00:00	2019.15	2020.54	2018.89	2020.05	2452	0	0
2024.02.12	23:00:00	2020.06	2020.54	2019.71	2019.97	1200	0	0
2024.02.13	01:00:00	2019.83	2019.83	2018.70	2018.87	671	0	0
2024.02.13	02:00:00	2018.86	2019.59	2018.28	2019.54	2185	0	0
2024.02.13	03:00:00	2019.56	2021.22	2019.51	2020.32	2208	0	0
2024.02.13	04:00:00	2020.34	2020.34	2018.95	2018.96	1434	0	0
2024.02.13	05:00:00	2018.97	2019.14	2016.89	2018.60	2052	0	0
2024.02.13	06:00:00	2018.59	2019.61	2018.42	2019.01	1246	0	0
2024.02.13	07:00:00	2019.03	2021.64	2019.03	2020.74	2119	0	0
2024.02.13	08:00:00	2020.78	2024.11	2020.72	2023.71	2140	0	0
2024.02.13	09:00:00	2023.73	2025.82	2023.49	2025.24	4690	0	0
2024.02.13	10:00:00	2025.25	2026.32	2024.54	2026.18	4491	0	0
2024.02.13	11:00:00	2026.00	2026.92	2025.16	2026.73	3211	0	0
2024.02.13	12:00:00	2026.71	2027.99	2026.07	2026.59	3277	0	0
2024.02.13	13:00:00	2026.60	2029.30	2026.15	2027.72	3668	0	0
2024.02.13	14:00:00	2027.78	2029.01	2027.40	2028.28	3918	0	0
2024.02.13	15:00:00	2028.34	2032.35	2003.03	2004.38	16690	0	0
2024.02.13	16:00:00	2004.38	2005.90	1992.52	1995.73	18884	0	0
2024.02.13	17:00:00	1995.75	1995.97	1990.12	1992.29	14962	0	0
2024.02.13	18:00:00	1992.30	1997.90	1991.91	1994.93	9711	0	0
2024.02.13	19:00:00	1994.96	1996.04	1992.78	1993.69	5831	0	0
2024.02.13	20:00:00	1993.68	1995.79	1993.12	1993.48	5119	0	0
2024.02.13	21:00:00	1993.49	1993.79	1991.25	1991.76	3736	0	0
2024.02.13	22:00:00	1991.74	1993.69	1991.28	1992.63	2491	0	0
2024.02.13	23:00:00	1992.66	1993.62	1992.25	1992.98	1311	0	0
2024.02.14	01:00:00	1992.08	1992.67	1990.76	1991.48	1461	0	0
2024.02.14	02:00:00	1991.45	1993.32	1990.80	1992.71	2634	0	0
2024.02.14	03:00:00	1992.72	1992.93	1988.90	1992.88	4021	0	0
2024.02.14	04:00:00	1992.88	1993.62	1991.15	1992.21	2793	0	0
2024.02.14	05:00:00	1992.23	1993.08	1991.24	1992.50	1786	0	0
2024.02.14	06:00:00	1992.49	1992.92	1992.04	1992.39	1506	0	0
2024.02.14	07:00:00	1992.37	1993.37	1992.17	1993.02	1511	0	0
2024.02.14	08:00:00	1993.01	1993.02	1990.97	1992.31	2268	0	0
2024.02.14	09:00:00	1992.29	1993.09	1989.40	1989.47	5766	0	0
2024.02.14	10:00:00	1989.46	1990.64	1986.01	1988.52	7342	0	0
2024.02.14	11:00:00	1988.50	1991.57	1988.42	1991.26	5169	0	0
2024.02.14	12:00:00	1991.23	1993.39	1990.08	1992.91	4460	0	0
2024.02.14	13:00:00	1992.94	1993.31	1990.71	1992.27	4957	0	0
2024.02.14	14:00:00	1992.25	1993.25	1989.62	1990.30	4419	0	0
2024.02.14	15:00:00	1990.31	1993.21	1988.72	1989.14	10360	0	0
2024.02.14	16:00:00	1989.13	1992.25	1986.26	1987.42	11488	0	0
2024.02.14	17:00:00	1987.41	1989.00	1984.27	1987.91	11925	0	0
2024.02.14	18:00:00	1987.93	1993.67	1987.53	1993.20	9228	0	0
2024.02.14	19:00:00	1993.19	1995.31	1990.75	1994.36	6571	0	0
2024.02.14	20:00:00	1994.44	1996.16	1991.14	1991.70	4862	0	0
2024.02.14	21:00:00	1991.72	1992.05	1989.78	1991.76	2391	0	0
2024.02.14	22:00:00	1991.78	1991.84	1989.64	1991.16	3004	0	0
2024.02.14	23:00:00	1991.14	1992.97	1990.42	1992.22	1744	0	0
2024.02.15	01:00:00	1993.27	1993.87	1992.78	1993.77	1384	0	0
2024.02.15	02:00:00	1993.79	1994.37	1992.60	1993.68	2773	0	0
2024.02.15	03:00:00	1993.67	1994.35	1992.33	1992.56	2539	0	0
2024.02.15	04:00:00	1992.55	1993.55	1992.14	1993.20	2154	0	0
2024.02.15	05:00:00	1993.19	1993.34	1990.27	1990.79	1785	0	0
2024.02.15	06:00:00	1990.80	1992.21	1990.45	1992.11	1501	0	0
2024.02.15	07:00:00	1992.07	1992.95	1991.77	1991.97	1599	0	0
2024.02.15	08:00:00	1991.96	1993.43	1991.56	1993.29	2400	0	0
2024.02.15	09:00:00	1993.31	1994.72	1992.25	1993.84	4427	0	0
2024.02.15	10:00:00	1993.81	1996.02	1993.51	1995.25	4876	0	0
2024.02.15	11:00:00	1995.26	1996.78	1993.87	1996.39	2916	0	0
2024.02.15	12:00:00	1996.37	1997.97	1995.76	1995.98	3433	0	0
2024.02.15	13:00:00	1995.98	1998.15	1995.78	1997.56	3396	0	0
2024.02.15	14:00:00	1997.55	1999.07	1996.40	1998.01	3913	0	0
2024.02.15	15:00:00	1998.05	2004.29	1995.73	2003.81	14571	0	0
2024.02.15	16:00:00	2003.80	2008.29	2001.49	2003.79	14956	0	0
2024.02.15	17:00:00	2003.76	2008.13	1999.80	2000.80	13683	0	0
2024.02.15	18:00:00	2000.79	2001.49	1998.49	2000.19	9023	0	0
2024.02.15	19:00:00	2000.20	2004.64	2000.14	2003.68	5369	0	0
2024.02.15	20:00:00	2003.67	2004.92	2002.79	2004.54	4176	0	0
2024.02.15	21:00:00	2004.57	2006.48	2003.73	2005.12	3003	0	0
2024.02.15	22:00:00	2005.11	2005.13	2003.56	2004.42	2965	0	0
2024.02.15	23:00:00	2004.43	2004.70	2003.94	2004.38	935	0	0
2024.02.16	01:00:00	2004.61	2004.80	2003.34	2003.42	1057	0	0
2024.02.16	02:00:00	2003.43	2003.67	2002.39	2002.61	1785	0	0
2024.02.16	03:00:00	2002.61	2005.66	2002.43	2005.54	3118	0	0
2024.02.16	04:00:00	2005.50	2005.65	2004.09	2004.49	2378	0	0
2024.02.16	05:00:00	2004.54	2004.85	2003.43	2004.37	1651	0	0
2024.02.16	06:00:00	2004.36	2004.40	2003.33	2003.63	2029	0	0
2024.02.16	07:00:00	2003.61	2004.73	2003.38	2004.51	1592	0	0
2024.02.16	08:00:00	2004.50	2004.72	2002.75	2003.83	2847	0	0
2024.02.16	09:00:00	2003.81	2006.47	2003.40	2005.18	3826	0	0
2024.02.16	10:00:00	2005.13	2005.70	2003.87	2004.95	4221	0	0
2024.02.16	11:00:00	2004.97	2006.48	2004.25	2005.09	3004	0	0
2024.02.16	12:00:00	2005.08	2007.50	2004.75	2007.18	3330	0	0
2024.02.16	13:00:00	2007.14	2007.85	2006.28	2007.28	2996	0	0
2024.02.16	14:00:00	2007.27	2008.09	2006.43	2006.87	3688	0	0
2024.02.16	15:00:00	2006.73	2006.99	1995.10	2001.46	13770	0	0
2024.02.16	16:00:00	2001.47	2003.37	1995.36	1997.89	14035	0	0
2024.02.16	17:00:00	1997.98	2011.02	1997.19	2007.94	15685	0	0
2024.02.16	18:00:00	2007.92	2010.98	2007.26	2009.23	8480	0	0
2024.02.16	19:00:00	2009.25	2014.47	2008.77	2013.35	6017	0	0
2024.02.16	20:00:00	2013.40	2015.11	2011.16	2013.89	5742	0	0
2024.02.16	21:00:00	2013.91	2015.18	2011.75	2012.67	3521	0	0
2024.02.16	22:00:00	2012.64	2013.11	2011.27	2011.90	2947	0	0
2024.02.16	23:00:00	2011.92	2014.06	2011.92	2013.62	1334	0	0
2024.02.19	01:00:00	2012.00	2015.73	2011.61	2013.77	2252	0	0
2024.02.19	02:00:00	2013.75	2020.14	2013.57	2018.82	3495	0	0
2024.02.19	03:00:00	2018.81	2020.78	2016.40	2019.79	8390	0	0
2024.02.19	04:00:00	2019.78	2022.91	2018.60	2022.34	3633	0	0
2024.02.19	05:00:00	2022.34	2022.43	2019.30	2019.89	2350	0	0
2024.02.19	06:00:00	2019.92	2019.95	2018.25	2019.05	1735	0	0
2024.02.19	07:00:00	2019.04	2021.45	2018.53	2020.75	2220	0	0
2024.02.19	08:00:00	2020.74	2022.58	2020.45	2021.51	2295	0	0
2024.02.19	09:00:00	2021.48	2022.99	2019.75	2021.01	3400	0	0
2024.02.19	10:00:00	2020.97	2021.26	2019.10	2020.17	4165	0	0
2024.02.19	11:00:00	2020.19	2020.74	2019.26	2020.19	3167	0	0
2024.02.19	12:00:00	2020.17	2020.61	2018.19	2018.93	2365	0	0
2024.02.19	13:00:00	2018.94	2019.60	2018.36	2018.37	2661	0	0
2024.02.19	14:00:00	2018.35	2019.10	2016.02	2016.78	3087	0	0
2024.02.19	15:00:00	2016.76	2019.34	2016.47	2016.83	5063	0	0
2024.02.19	16:00:00	2016.84	2017.73	2015.93	2017.33	3427	0	0
2024.02.19	17:00:00	2017.34	2017.60	2014.81	2014.95	2875	0	0
2024.02.19	18:00:00	2014.94	2016.69	2013.27	2016.29	2406	0	0
2024.02.19	19:00:00	2016.27	2018.51	2016.00	2017.37	1294	0	0
2024.02.19	20:00:00	2017.36	2018.51	2016.98	2017.67	965	0	0
2024.02.19	21:00:00	2017.66	2018.29	2017.66	2017.98	566	0	0
2024.02.20	01:00:00	2016.88	2017.24	2015.80	2016.18	1190	0	0
2024.02.20	02:00:00	2016.19	2016.79	2015.04	2016.23	2361	0	0
2024.02.20	03:00:00	2016.23	2019.25	2015.24	2016.95	4814	0	0
2024.02.20	04:00:00	2016.96	2018.33	2016.81	2017.60	2395	0	0
2024.02.20	05:00:00	2017.61	2018.75	2017.06	2018.30	2355	0	0
2024.02.20	06:00:00	2018.30	2019.72	2018.21	2019.54	1487	0	0
2024.02.20	07:00:00	2019.60	2019.60	2017.79	2018.53	2052	0	0
2024.02.20	08:00:00	2018.49	2020.86	2017.77	2019.45	2527	0	0
2024.02.20	09:00:00	2019.44	2022.89	2018.94	2021.51	4036	0	0
2024.02.20	10:00:00	2021.50	2023.00	2020.79	2022.85	5418	0	0
2024.02.20	11:00:00	2022.84	2025.16	2022.58	2024.06	5392	0	0
2024.02.20	12:00:00	2024.04	2027.60	2023.56	2026.11	5449	0	0
2024.02.20	13:00:00	2026.12	2027.29	2025.28	2026.89	6285	0	0
2024.02.20	14:00:00	2026.93	2028.03	2026.30	2026.66	4527	0	0
2024.02.20	15:00:00	2026.69	2030.87	2026.14	2030.04	9289	0	0
2024.02.20	16:00:00	2030.07	2030.89	2025.50	2028.16	10660	0	0
2024.02.20	17:00:00	2028.15	2030.03	2025.84	2027.48	8659	0	0
2024.02.20	18:00:00	2027.47	2028.32	2026.06	2026.92	4990	0	0
2024.02.20	19:00:00	2026.93	2028.72	2025.65	2028.72	3697	0	0
2024.02.20	20:00:00	2028.71	2028.93	2026.81	2027.21	3023	0	0
2024.02.20	21:00:00	2027.20	2027.69	2024.81	2025.09	2848	0	0
2024.02.20	22:00:00	2025.15	2025.19	2023.57	2024.33	3200	0	0
2024.02.20	23:00:00	2024.37	2024.73	2023.57	2024.29	1109	0	0
2024.02.21	01:00:00	2024.35	2024.98	2023.73	2024.21	1382	0	0
2024.02.21	02:00:00	2024.22	2024.28	2022.93	2023.59	1871	0	0
2024.02.21	03:00:00	2023.60	2026.10	2023.34	2025.43	3634	0	0
2024.02.21	04:00:00	2025.42	2029.15	2025.39	2027.88	3709	0	0
2024.02.21	05:00:00	2027.89	2030.90	2027.78	2030.48	2266	0	0
2024.02.21	06:00:00	2030.51	2031.27	2030.13	2030.87	2006	0	0
2024.02.21	07:00:00	2030.93	2032.28	2029.46	2030.97	2968	0	0
2024.02.21	08:00:00	2030.99	2031.23	2029.24	2030.01	3361	0	0
2024.02.21	09:00:00	2029.97	2030.64	2028.41	2028.87	3611	0	0
2024.02.21	10:00:00	2028.86	2029.25	2026.22	2026.58	4741	0	0
2024.02.21	11:00:00	2026.59	2028.65	2025.99	2028.11	4568	0	0
2024.02.21	12:00:00	2028.09	2030.18	2027.91	2030.02	3053	0	0
2024.02.21	13:00:00	2030.03	2030.08	2027.39	2028.30	3059	0	0
2024.02.21	14:00:00	2028.34	2030.10	2028.00	2029.50	3880	0	0
2024.02.21	15:00:00	2029.47	2031.56	2027.65	2028.78	7403	0	0
2024.02.21	16:00:00	2028.77	2030.33	2027.03	2027.56	8727	0	0
2024.02.21	17:00:00	2027.54	2030.27	2024.10	2024.18	9077	0	0
2024.02.21	18:00:00	2024.22	2025.88	2023.28	2023.97	7066	0	0
2024.02.21	19:00:00	2023.98	2024.56	2021.51	2024.25	4832	0	0
2024.02.21	20:00:00	2024.29	2024.75	2021.48	2021.84	6069	0	0
2024.02.21	21:00:00	2021.84	2026.50	2020.07	2026.04	7469	0	0
2024.02.21	22:00:00	2026.02	2027.03	2024.18	2024.40	3418	0	0
2024.02.21	23:00:00	2024.40	2026.26	2023.97	2025.91	2987	0	0
2024.02.22	01:00:00	2026.19	2026.72	2025.09	2025.81	1568	0	0
2024.02.22	02:00:00	2025.83	2026.77	2025.07	2026.45	2433	0	0
2024.02.22	03:00:00	2026.46	2028.58	2026.28	2027.03	4639	0	0
2024.02.22	04:00:00	2027.01	2028.37	2026.51	2027.80	3070	0	0
2024.02.22	05:00:00	2027.79	2028.28	2026.09	2026.26	1571	0	0
2024.02.22	06:00:00	2026.26	2028.93	2025.53	2028.87	2075	0	0
2024.02.22	07:00:00	2028.88	2030.00	2028.30	2028.48	2422	0	0
2024.02.22	08:00:00	2028.46	2030.62	2028.37	2029.29	2814	0	0
2024.02.22	09:00:00	2029.32	2032.02	2028.87	2031.47	4534	0	0
2024.02.22	10:00:00	2031.46	2034.93	2031.36	2033.25	8197	0	0
2024.02.22	11:00:00	2033.16	2033.16	2028.53	2030.33	5853	0	0
2024.02.22	12:00:00	2030.34	2031.23	2029.19	2029.45	3610	0	0
2024.02.22	13:00:00	2029.46	2029.81	2027.33	2029.03	3762	0	0
2024.02.22	14:00:00	2029.02	2029.90	2027.72	2028.29	4986	0	0
2024.02.22	15:00:00	2028.30	2028.59	2022.80	2025.66	11790	0	0
2024.02.22	16:00:00	2025.66	2026.74	2021.93	2024.95	12470	0	0
2024.02.22	17:00:00	2024.98	2025.36	2020.19	2023.40	11756	0	0
2024.02.22	18:00:00	2023.51	2024.31	2019.78	2020.99	7004	0	0
2024.02.22	19:00:00	2020.99	2024.72	2020.32	2022.96	4970	0	0
2024.02.22	20:00:00	2022.99	2023.28	2019.65	2022.70	4632	0	0
2024.02.22	21:00:00	2022.72	2023.65	2022.18	2023.09	2636	0	0
2024.02.22	22:00:00	2023.09	2024.68	2022.60	2024.63	2418	0	0
2024.02.22	23:00:00	2024.64	2025.01	2024.02	2024.38	1235	0	0
2024.02.23	01:00:00	2024.43	2026.07	2024.24	2024.83	2009	0	0
2024.02.23	02:00:00	2024.86	2026.15	2022.79	2024.62	2495	0	0
2024.02.23	03:00:00	2024.58	2027.28	2024.43	2026.88	3732	0	0
2024.02.23	04:00:00	2026.89	2027.39	2024.30	2024.35	2641	0	0
2024.02.23	05:00:00	2024.35	2026.32	2024.06	2025.75	2121	0	0
2024.02.23	06:00:00	2025.78	2026.51	2025.75	2026.10	839	0	0
2024.02.23	07:00:00	2026.12	2026.19	2022.22	2022.44	2334	0	0
2024.02.23	08:00:00	2022.42	2022.65	2018.24	2020.92	3759	0	0
2024.02.23	09:00:00	2020.96	2022.51	2019.58	2021.87	3925	0	0
2024.02.23	10:00:00	2021.85	2022.64	2018.41	2019.54	5693	0	0
2024.02.23	11:00:00	2019.52	2019.88	2016.09	2016.78	4445	0	0
2024.02.23	12:00:00	2016.77	2023.32	2016.60	2022.96	4446	0	0
2024.02.23	12:27:00	2019.88	2020.00	2019.53	2019.91	113	0	0
2024.02.23	12:28:00	2019.92	2019.98	2019.53	2019.58	178	0	0
2024.02.23	12:29:00	2019.57	2019.84	2019.38	2019.63	136	0	0
2024.02.23	12:30:00	2019.63	2019.82	2019.40	2019.63	145	0	0
2024.02.23	12:31:00	2019.64	2019.81	2019.53	2019.65	60	0	0
2024.02.23	12:32:00	2019.66	2019.79	2019.66	2019.66	53	0	0
2024.02.23	12:33:00	2019.64	2019.66	2019.41	2019.43	76	0	0
2024.02.23	12:34:00	2019.47	2019.77	2019.46	2019.71	104	0	0
2024.02.23	12:35:00	2019.66	2019.79	2019.57	2019.76	55	0	0
2024.02.23	12:36:00	2019.78	2020.08	2019.77	2019.84	73	0	0
2024.02.23	12:37:00	2019.86	2020.05	2019.85	2020.04	35	0	0
2024.02.23	12:38:00	2020.05	2020.32	2020.05	2020.21	63	0	0
2024.02.23	12:39:00	2020.23	2020.32	2020.16	2020.32	49	0	0
2024.02.23	12:40:00	2020.35	2020.99	2020.35	2020.96	85	0	0
2024.02.23	12:41:00	2020.96	2021.26	2020.93	2021.22	87	0	0
2024.02.23	12:42:00	2021.21	2021.48	2021.20	2021.26	103	0	0
2024.02.23	12:43:00	2021.25	2021.30	2021.04	2021.25	75	0	0
2024.02.23	12:44:00	2021.27	2021.35	2021.15	2021.15	62	0	0
2024.02.23	12:45:00	2021.14	2021.78	2021.14	2021.73	80	0	0
2024.02.23	12:46:00	2021.75	2022.07	2021.70	2022.04	98	0	0
2024.02.23	12:47:00	2022.03	2022.42	2021.79	2022.42	115	0	0
2024.02.23	12:48:00	2022.43	2022.55	2022.12	2022.22	97	0	0
2024.02.23	12:49:00	2022.23	2022.47	2022.21	2022.44	90	0	0
2024.02.23	12:50:00	2022.45	2022.53	2022.19	2022.33	61	0	0
2024.02.23	12:51:00	2022.36	2022.65	2022.35	2022.65	80	0	0
2024.02.23	12:52:00	2022.64	2023.21	2022.29	2022.92	110	0	0
2024.02.23	12:53:00	2022.91	2022.95	2022.74	2022.88	91	0	0
2024.02.23	12:54:00	2022.87	2022.88	2022.53	2022.84	74	0	0
2024.02.23	12:55:00	2022.86	2023.32	2022.86	2023.24	97	0	0
2024.02.23	12:56:00	2023.23	2023.23	2022.78	2023.02	83	0	0
2024.02.23	12:57:00	2023.03	2023.17	2023.00	2023.03	84	0	0
2024.02.23	12:58:00	2023.02	2023.02	2022.70	2022.79	87	0	0
2024.02.23	12:59:00	2022.83	2023.09	2022.83	2022.96	53	0	0
2024.02.23	13:00:00	2022.95	2023.09	2022.60	2023.01	124	0	0
2024.02.23	13:01:00	2023.05	2023.23	2022.96	2023.02	83	0	0
2024.02.23	13:02:00	2023.03	2023.06	2022.34	2022.37	110	0	0
2024.02.23	13:03:00	2022.38	2022.89	2022.38	2022.56	113	0	0
2024.02.23	13:04:00	2022.57	2022.57	2022.28	2022.37	83	0	0
2024.02.23	13:05:00	2022.36	2022.63	2022.32	2022.58	84	0	0
2024.02.23	13:06:00	2022.59	2022.80	2022.45	2022.45	88	0	0
2024.02.23	13:07:00	2022.46	2022.92	2022.46	2022.78	86	0	0
2024.02.23	13:08:00	2022.74	2022.79	2022.46	2022.47	56	0	0
2024.02.23	13:09:00	2022.50	2022.71	2022.50	2022.63	49	0	0
2024.02.23	13:10:00	2022.64	2022.80	2022.46	2022.47	51	0	0
2024.02.23	13:11:00	2022.46	2022.83	2022.32	2022.80	82	0	0
2024.02.23	13:12:00	2022.84	2022.88	2022.70	2022.78	54	0	0
2024.02.23	13:13:00	2022.79	2022.88	2022.68	2022.84	84	0	0
2024.02.23	13:14:00	2022.85	2022.88	2022.69	2022.69	48	0	0
2024.02.23	13:15:00	2022.68	2023.00	2022.65	2022.65	63	0	0
2024.02.23	13:16:00	2022.66	2022.95	2022.64	2022.92	72	0	0
2024.02.23	13:17:00	2022.98	2023.28	2022.96	2023.05	94	0	0
2024.02.23	13:18:00	2023.06	2023.15	2022.80	2022.84	62	0	0
2024.02.23	13:19:00	2022.85	2023.12	2022.83	2022.95	43	0	0
2024.02.23	13:20:00	2022.97	2023.27	2022.96	2023.20	49	0	0
2024.02.23	13:21:00	2023.21	2023.33	2023.11	2023.22	61	0	0
2024.02.23	13:22:00	2023.25	2023.78	2023.15	2023.68	91	0	0
2024.02.23	13:23:00	2023.69	2023.73	2023.55	2023.59	79	0	0
2024.02.23	13:24:00	2023.57	2023.69	2023.39	2023.62	63	0	0
2024.02.23	13:25:00	2023.61	2023.72	2023.51	2023.54	68	0	0
2024.02.23	13:26:00	2023.55	2023.58	2023.18	2023.33	88	0	0
2024.02.23	13:27:00	2023.32	2023.50	2023.24	2023.42	64	0	0
2024.02.23	13:28:00	2023.43	2023.65	2023.38	2023.59	66	0	0
2024.02.23	13:29:00	2023.60	2023.62	2022.94	2022.94	81	0	0
2024.02.23	13:30:00	2022.93	2022.98	2022.23	2022.31	187	0	0
2024.02.23	13:31:00	2022.35	2022.85	2022.32	2022.43	211	0	0
2024.02.23	13:32:00	2022.37	2022.59	2022.10	2022.15	117	0	0
2024.02.23	13:33:00	2022.16	2022.31	2022.12	2022.29	52	0	0
2024.02.23	13:34:00	2022.39	2022.79	2022.37	2022.58	91	0	0
2024.02.23	13:35:00	2022.57	2022.57	2022.42	2022.57	83	0	0
2024.02.23	13:36:00	2022.58	2022.81	2022.56	2022.72	95	0	0
2024.02.23	13:37:00	2022.70	2022.85	2022.64	2022.64	83	0	0
2024.02.23	13:38:00	2022.63	2022.68	2022.53	2022.58	55	0	0
2024.02.23	13:39:00	2022.60	2022.83	2022.58	2022.65	56	0	0
2024.02.23	13:40:00	2022.67	2023.02	2022.65	2022.94	70	0	0
2024.02.23	13:41:00	2022.93	2023.64	2022.91	2023.34	118	0	0
2024.02.23	13:42:00	2023.35	2023.50	2023.13	2023.48	61	0	0
2024.02.23	13:43:00	2023.50	2023.68	2023.28	2023.67	64	0	0
2024.02.23	13:44:00	2023.68	2023.71	2023.48	2023.64	69	0	0
2024.02.23	13:45:00	2023.66	2023.74	2023.38	2023.57	75	0	0
2024.02.23	13:46:00	2023.61	2023.78	2023.44	2023.60	104	0	0
2024.02.23	13:47:00	2023.64	2023.89	2023.52	2023.53	65	0	0
2024.02.23	13:48:00	2023.52	2023.68	2023.50	2023.68	57	0	0
2024.02.23	13:49:00	2023.69	2023.75	2023.40	2023.43	49	0	0
2024.02.23	13:50:00	2023.37	2023.62	2023.20	2023.62	98	0	0
2024.02.23	13:51:00	2023.60	2023.71	2023.48	2023.54	65	0	0
2024.02.23	13:52:00	2023.53	2023.65	2023.34	2023.46	70	0	0
2024.02.23	13:53:00	2023.46	2023.57	2023.25	2023.41	58	0	0
2024.02.23	13:54:00	2023.42	2023.66	2023.40	2023.66	36	0	0
2024.02.23	13:55:00	2023.67	2023.83	2023.50	2023.71	67	0	0
2024.02.23	13:56:00	2023.72	2023.99	2023.71	2023.94	54	0	0
2024.02.23	13:57:00	2023.93	2023.93	2023.61	2023.69	61	0	0
2024.02.23	13:58:00	2023.73	2023.90	2023.62	2023.90	52	0	0
2024.02.23	13:59:00	2023.92	2023.94	2023.72	2023.88	86	0	0
2024.02.23	14:00:00	2023.90	2024.24	2023.89	2024.14	103	0	0
2024.02.23	14:01:00	2024.13	2024.61	2024.12	2024.55	94	0	0
2024.02.23	14:02:00	2024.57	2024.72	2024.39	2024.51	100	0	0
2024.02.23	14:03:00	2024.47	2024.55	2024.28	2024.51	78	0	0
2024.02.23	14:04:00	2024.51	2024.61	2024.31	2024.44	72	0	0
2024.02.23	14:05:00	2024.41	2024.44	2024.19	2024.19	32	0	0
2024.02.23	14:06:00	2024.20	2024.37	2023.84	2024.03	142	0	0
2024.02.23	14:07:00	2024.06	2024.19	2023.90	2023.90	76	0	0
2024.02.23	14:08:00	2023.89	2023.97	2023.80	2023.88	71	0	0
2024.02.23	14:09:00	2023.88	2023.99	2023.73	2023.78	50	0	0
2024.02.23	14:10:00	2023.79	2023.80	2023.37	2023.52	47	0	0
2024.02.23	14:11:00	2023.54	2023.60	2023.22	2023.22	54	0	0
2024.02.23	14:12:00	2023.11	2023.43	2023.11	2023.43	57	0	0
2024.02.23	14:13:00	2023.45	2023.53	2023.35	2023.42	32	0	0
2024.02.23	14:14:00	2023.43	2023.64	2023.29	2023.49	51	0	0
2024.02.23	14:15:00	2023.51	2023.83	2023.47	2023.62	68	0	0
2024.02.23	14:16:00	2023.65	2023.72	2023.62	2023.67	39	0	0
2024.02.23	14:17:00	2023.65	2023.83	2023.63	2023.83	39	0	0
2024.02.23	14:18:00	2023.88	2023.96	2023.84	2023.85	53	0	0
2024.02.23	14:19:00	2023.83	2024.06	2023.75	2023.95	95	0	0
2024.02.23	14:20:00	2023.92	2023.92	2023.64	2023.64	70	0	0
2024.02.23	14:21:00	2023.66	2023.79	2023.50	2023.74	54	0	0
2024.02.23	14:22:00	2023.75	2023.82	2023.66	2023.72	59	0	0
2024.02.23	14:23:00	2023.73	2023.93	2023.60	2023.84	57	0	0
2024.02.23	14:24:00	2023.84	2024.02	2023.84	2024.02	56	0	0
2024.02.23	14:25:00	2024.02	2024.58	2023.94	2024.56	82	0	0
2024.02.23	14:26:00	2024.58	2024.72	2024.43	2024.63	84	0	0
2024.02.23	14:27:00	2024.66	2025.06	2024.62	2024.73	124	0	0
2024.02.23	14:28:00	2024.75	2024.76	2024.52	2024.55	82	0	0
2024.02.23	14:29:00	2024.58	2025.37	2024.57	2025.18	122	0	0
2024.02.23	14:30:00	2025.22	2025.39	2024.97	2025.06	154	0	0
2024.02.23	14:31:00	2025.06	2025.28	2024.73	2025.17	169	0	0
2024.02.23	14:32:00	2025.09	2025.27	2024.98	2025.05	84	0	0
2024.02.23	14:33:00	2025.08	2025.15	2024.95	2025.05	67	0	0
2024.02.23	14:34:00	2025.06	2026.25	2025.05	2026.25	131	0	0
2024.02.23	14:35:00	2026.24	2028.43	2026.12	2027.29	239	0	0
2024.02.23	14:36:00	2027.27	2027.27	2026.47	2026.57	211	0	0
2024.02.23	14:37:00	2026.58	2026.83	2026.39	2026.69	147	0	0
2024.02.23	14:38:00	2026.68	2026.89	2026.59	2026.66	189	0	0
2024.02.23	14:39:00	2026.68	2026.77	2026.12	2026.68	205	0	0
2024.02.23	14:40:00	2026.68	2026.79	2026.18	2026.18	174	0	0
2024.02.23	14:41:00	2026.20	2027.77	2026.20	2027.77	192	0	0
2024.02.23	14:42:00	2027.76	2027.97	2027.19	2027.92	228	0	0
2024.02.23	14:43:00	2027.98	2028.24	2027.76	2028.02	158	0	0
2024.02.23	14:44:00	2028.01	2028.07	2027.67	2027.68	136	0	0
2024.02.23	14:45:00	2027.67	2028.08	2027.66	2028.07	83	0	0
2024.02.23	14:46:00	2028.03	2028.07	2027.15	2027.30	188	0	0
2024.02.23	14:47:00	2027.31	2027.45	2027.12	2027.35	159	0	0
2024.02.23	14:48:00	2027.34	2027.71	2027.33	2027.57	148	0	0
2024.02.23	14:49:00	2027.61	2027.94	2027.39	2027.50	146	0	0
2024.02.23	14:50:00	2027.48	2027.62	2027.15	2027.37	172	0	0
2024.02.23	14:51:00	2027.39	2027.48	2027.12	2027.21	131	0	0
2024.02.23	14:52:00	2027.22	2027.50	2027.02	2027.30	124	0	0
2024.02.23	14:53:00	2027.29	2027.54	2027.28	2027.54	97	0	0
2024.02.23	14:54:00	2027.55	2028.00	2027.51	2027.83	178	0	0
2024.02.23	14:55:00	2027.82	2028.81	2027.81	2028.62	245	0	0
2024.02.23	14:56:00	2028.61	2028.68	2028.19	2028.29	202	0	0
2024.02.23	14:57:00	2028.30	2028.59	2028.04	2028.15	140	0	0
2024.02.23	14:58:00	2028.15	2028.44	2027.92	2028.25	148	0	0
2024.02.23	14:59:00	2028.28	2028.28	2027.90	2028.06	140	0	0
2024.02.23	15:00:00	2028.08	2028.26	2027.77	2027.99	276	0	0
2024.02.23	15:01:00	2027.98	2028.01	2026.98	2026.98	271	0	0
2024.02.23	15:02:00	2026.97	2027.67	2026.93	2027.55	224	0	0
2024.02.23	15:03:00	2027.54	2027.88	2027.37	2027.80	215	0	0
2024.02.23	15:04:00	2027.83	2028.17	2027.12	2027.38	207	0	0
2024.02.23	15:05:00	2027.39	2027.58	2027.14	2027.28	132	0	0
2024.02.23	15:06:00	2027.26	2027.28	2026.83	2027.17	173	0	0
2024.02.23	15:07:00	2027.17	2027.93	2026.99	2027.59	202	0	0
2024.02.23	15:08:00	2027.56	2028.17	2027.48	2027.93	122	0	0
2024.02.23	15:09:00	2027.92	2028.45	2027.91	2028.37	132	0	0
2024.02.23	15:10:00	2028.36	2028.54	2028.09	2028.39	118	0	0
2024.02.23	15:11:00	2028.39	2028.54	2028.25	2028.25	97	0	0
2024.02.23	15:12:00	2028.24	2028.54	2028.18	2028.32	106	0	0
2024.02.23	15:13:00	2028.31	2028.69	2028.22	2028.62	108	0	0
2024.02.23	15:14:00	2028.63	2029.06	2028.59	2028.67	134	0	0
2024.02.23	15:15:00	2028.66	2029.22	2028.62	2029.00	115	0	0
2024.02.23	15:16:00	2029.00	2029.27	2028.86	2029.10	121	0	0
2024.02.23	15:17:00	2029.09	2029.22	2028.54	2028.57	97	0	0
2024.02.23	15:18:00	2028.57	2028.78	2028.18	2028.36	143	0	0
2024.02.23	15:19:00	2028.34	2028.69	2028.34	2028.41	131	0	0
2024.02.23	15:20:00	2028.42	2028.78	2028.01	2028.01	147	0	0
2024.02.23	15:21:00	2028.05	2028.09	2027.11	2027.20	170	0	0
2024.02.23	15:22:00	2027.22	2027.34	2026.93	2026.97	128	0	0
2024.02.23	15:23:00	2026.96	2027.06	2026.82	2026.84	116	0	0
2024.02.23	15:24:00	2026.82	2026.86	2026.10	2026.42	140	0	0
2024.02.23	15:25:00	2026.43	2026.85	2026.42	2026.62	160	0	0
2024.02.23	15:26:00	2026.63	2026.84	2026.02	2026.23	154	0	0
2024.02.23	15:27:00	2026.23	2026.28	2025.05	2025.39	307	0	0
2024.02.23	15:28:00	2025.41	2026.27	2025.37	2025.70	289	0	0
2024.02.23	15:29:00	2025.71	2026.24	2025.56	2026.19	249	0	0
2024.02.23	15:30:00	2026.18	2026.49	2025.75	2026.46	219	0	0
2024.02.23	15:31:00	2026.47	2026.93	2026.43	2026.93	129	0	0
2024.02.23	15:32:00	2026.96	2027.35	2026.76	2026.95	234	0	0
2024.02.23	15:33:00	2026.97	2027.19	2026.57	2027.04	231	0	0
2024.02.23	15:34:00	2027.05	2027.05	2026.71	2026.93	154	0	0
2024.02.23	15:35:00	2026.95	2027.18	2026.48	2026.82	183	0	0
2024.02.23	15:36:00	2026.85	2026.90	2026.28	2026.37	285	0	0
2024.02.23	15:37:00	2026.40	2026.93	2026.40	2026.50	178	0	0
2024.02.23	15:38:00	2026.51	2026.77	2026.33	2026.75	167	0	0
2024.02.23	15:39:00	2026.75	2027.12	2026.53	2026.89	144	0	0
2024.02.23	15:40:00	2026.96	2027.46	2026.69	2026.81	145	0	0
2024.02.23	15:41:00	2026.79	2027.11	2026.38	2026.83	149	0	0
2024.02.23	15:42:00	2026.81	2026.92	2026.63	2026.74	108	0	0
2024.02.23	15:43:00	2026.73	2026.75	2026.34	2026.36	107	0	0
2024.02.23	15:44:00	2026.41	2026.64	2026.19	2026.27	100	0	0
2024.02.23	15:45:00	2026.28	2026.65	2026.28	2026.62	132	0	0
2024.02.23	15:46:00	2026.59	2026.61	2026.24	2026.26	138	0	0
2024.02.23	15:47:00	2026.30	2026.34	2025.82	2026.06	152	0	0
2024.02.23	15:48:00	2026.04	2026.54	2026.03	2026.37	111	0	0
2024.02.23	15:49:00	2026.38	2026.44	2026.22	2026.44	104	0	0
2024.02.23	15:50:00	2026.42	2026.83	2026.34	2026.62	158	0	0
2024.02.23	15:51:00	2026.63	2026.99	2026.63	2026.73	116	0	0
2024.02.23	15:52:00	2026.74	2026.79	2026.44	2026.45	132	0	0
2024.02.23	15:53:00	2026.41	2026.41	2025.23	2025.44	153	0	0
2024.02.23	15:54:00	2025.46	2025.49	2025.28	2025.28	113	0	0
2024.02.23	15:55:00	2025.27	2025.39	2024.97	2025.13	137	0	0
2024.02.23	15:56:00	2025.11	2025.16	2024.68	2024.71	127	0	0
2024.02.23	15:57:00	2024.70	2025.03	2024.52	2024.71	168	0	0
2024.02.23	15:58:00	2024.70	2025.18	2024.53	2025.10	233	0	0
2024.02.23	15:59:00	2025.10	2025.37	2024.79	2025.37	209	0	0
2024.02.23	16:00:00	2025.36	2025.83	2025.33	2025.56	194	0	0
2024.02.23	16:01:00	2025.56	2025.72	2024.82	2024.94	161	0	0
2024.02.23	16:02:00	2024.93	2025.14	2024.75	2025.14	151	0	0
2024.02.23	16:03:00	2025.16	2025.44	2024.99	2025.11	142	0	0
2024.02.23	16:04:00	2025.12	2025.62	2025.12	2025.43	95	0	0
2024.02.23	16:05:00	2025.45	2025.55	2025.24	2025.43	136	0	0
2024.02.23	16:06:00	2025.44	2026.05	2025.11	2025.63	138	0	0
2024.02.23	16:07:00	2025.64	2026.12	2025.45	2026.04	163	0	0
2024.02.23	16:08:00	2026.03	2026.22	2025.63	2025.89	227	0	0
2024.02.23	16:09:00	2025.93	2026.10	2025.26	2025.27	179	0	0
2024.02.23	16:10:00	2025.28	2025.41	2025.06	2025.08	155	0	0
2024.02.23	16:11:00	2025.09	2025.30	2024.97	2025.29	116	0	0
2024.02.23	16:12:00	2025.28	2025.49	2025.16	2025.47	128	0	0
2024.02.23	16:13:00	2025.48	2025.87	2025.40	2025.57	151	0	0
2024.02.23	16:14:00	2025.51	2025.68	2025.16	2025.16	95	0	0
2024.02.23	16:15:00	2025.17	2025.17	2024.73	2024.75	127	0	0
2024.02.23	16:16:00	2024.76	2025.05	2024.76	2025.03	109	0	0
2024.02.23	16:17:00	2024.99	2025.01	2024.66	2024.91	110	0	0
2024.02.23	16:18:00	2024.93	2024.99	2024.78	2024.86	106	0	0
2024.02.23	16:19:00	2024.88	2025.61	2024.76	2025.61	152	0	0
2024.02.23	16:20:00	2025.63	2026.02	2025.63	2025.89	131	0	0
2024.02.23	16:21:00	2025.88	2026.10	2025.78	2025.88	238	0	0
2024.02.23	16:22:00	2025.85	2026.29	2025.77	2026.13	161	0	0
2024.02.23	16:23:00	2026.14	2026.17	2025.94	2025.97	108	0	0
2024.02.23	16:24:00	2025.87	2025.87	2025.34	2025.45	81	0	0
2024.02.23	16:25:00	2025.46	2025.73	2025.29	2025.67	108	0	0
2024.02.23	16:26:00	2025.66	2025.73	2025.35	2025.40	97	0	0
2024.02.23	16:27:00	2025.42	2025.59	2025.25	2025.50	63	0	0
2024.02.23	16:28:00	2025.46	2025.87	2025.34	2025.38	96	0	0
2024.02.23	16:29:00	2025.40	2025.44	2025.04	2025.35	112	0	0
2024.02.23	16:30:00	2025.20	2025.76	2024.99	2025.04	177	0	0
2024.02.23	16:31:00	2025.11	2025.90	2025.08	2025.86	184	0	0
2024.02.23	16:32:00	2025.85	2026.25	2025.82	2026.11	205	0	0
2024.02.23	16:33:00	2026.12	2026.30	2024.87	2025.14	193	0	0
2024.02.23	16:34:00	2025.10	2025.39	2024.82	2025.23	156	0	0
2024.02.23	16:35:00	2025.24	2025.39	2024.20	2024.30	153	0	0
2024.02.23	16:36:00	2024.29	2025.10	2024.21	2025.10	220	0	0
2024.02.23	16:37:00	2025.15	2026.45	2025.08	2026.31	238	0	0
2024.02.23	16:38:00	2026.31	2026.33	2024.96	2025.03	285	0	0
2024.02.23	16:39:00	2025.06	2025.36	2024.69	2024.71	154	0	0
2024.02.23	16:40:00	2024.70	2024.93	2024.41	2024.93	173	0	0
2024.02.23	16:41:00	2024.94	2025.17	2024.83	2025.14	154	0	0
2024.02.23	16:42:00	2025.15	2025.20	2024.41	2024.84	211	0	0
2024.02.23	16:43:00	2024.86	2025.03	2024.42	2024.71	184	0	0
2024.02.23	16:44:00	2024.70	2024.88	2024.42	2024.58	170	0	0
2024.02.23	16:45:00	2024.59	2024.99	2024.35	2024.46	157	0	0
2024.02.23	16:46:00	2024.48	2024.75	2024.44	2024.74	157	0	0
2024.02.23	16:47:00	2024.75	2025.21	2024.38	2025.21	152	0	0
2024.02.23	16:48:00	2025.20	2025.51	2024.95	2025.24	148	0	0
2024.02.23	16:49:00	2025.23	2025.62	2024.93	2025.44	187	0	0
2024.02.23	16:50:00	2025.43	2025.44	2024.93	2025.10	150	0	0
2024.02.23	16:51:00	2025.09	2025.61	2024.72	2025.35	142	0	0
2024.02.23	16:52:00	2025.43	2025.64	2025.09	2025.31	141	0	0
2024.02.23	16:53:00	2025.31	2025.62	2024.98	2025.23	170	0	0
2024.02.23	16:54:00	2025.24	2026.11	2025.05	2025.63	164	0	0
2024.02.23	16:55:00	2025.62	2027.43	2025.60	2027.02	240	0	0
2024.02.23	16:56:00	2027.11	2028.49	2027.04	2028.40	326	0	0
2024.02.23	16:57:00	2028.42	2028.70	2027.26	2028.10	326	0	0
2024.02.23	16:58:00	2028.16	2028.46	2027.44	2027.44	287	0	0
2024.02.23	16:59:00	2027.43	2027.60	2026.91	2027.60	234	0	0
2024.02.23	17:00:00	2027.56	2028.18	2027.50	2027.99	336	0	0
2024.02.23	17:01:00	2027.96	2028.63	2027.65	2027.72	291	0	0
2024.02.23	17:02:00	2027.70	2027.70	2027.14	2027.18	202	0	0
2024.02.23	17:03:00	2027.17	2027.62	2027.14	2027.28	209	0	0
2024.02.23	17:04:00	2027.33	2027.63	2027.08	2027.18	198	0	0
2024.02.23	17:05:00	2027.22	2027.62	2026.88	2027.58	181	0	0
2024.02.23	17:06:00	2027.59	2027.71	2027.03	2027.68	162	0	0
2024.02.23	17:07:00	2027.64	2027.93	2027.19	2027.83	169	0	0
2024.02.23	17:08:00	2027.81	2027.97	2027.62	2027.90	162	0	0
2024.02.23	17:09:00	2027.94	2028.47	2027.88	2027.88	158	0	0
2024.02.23	17:10:00	2027.90	2028.03	2027.52	2027.68	183	0	0
2024.02.23	17:11:00	2027.69	2027.77	2026.19	2026.57	276	0	0
2024.02.23	17:12:00	2026.62	2027.10	2026.62	2026.71	240	0	0
2024.02.23	17:13:00	2026.70	2026.79	2025.68	2026.32	256	0	0
2024.02.23	17:14:00	2026.37	2026.62	2026.29	2026.35	182	0	0
2024.02.23	17:15:00	2026.31	2026.52	2025.78	2025.83	139	0	0
2024.02.23	17:16:00	2025.82	2026.73	2025.76	2026.73	189	0	0
2024.02.23	17:17:00	2026.74	2026.86	2026.48	2026.71	113	0	0
2024.02.23	17:18:00	2026.74	2027.41	2026.74	2027.41	96	0	0
2024.02.23	17:19:00	2027.40	2027.60	2027.11	2027.54	154	0	0
2024.02.23	17:20:00	2027.53	2027.53	2026.90	2027.16	157	0	0
2024.02.23	17:21:00	2027.15	2027.23	2026.82	2026.83	164	0	0
2024.02.23	17:22:00	2026.84	2027.19	2026.74	2026.94	106	0	0
2024.02.23	17:23:00	2026.95	2027.60	2026.64	2027.50	129	0	0
2024.02.23	17:24:00	2027.52	2027.86	2027.49	2027.86	138	0	0
2024.02.23	17:25:00	2027.86	2028.07	2027.55	2027.71	151	0	0
2024.02.23	17:26:00	2027.67	2027.95	2027.43	2027.66	159	0	0
2024.02.23	17:27:00	2027.65	2027.65	2026.97	2027.11	137	0	0
2024.02.23	17:28:00	2027.07	2027.66	2026.94	2027.35	181	0	0
2024.02.23	17:29:00	2027.34	2027.41	2026.80	2027.13	164	0	0
2024.02.23	17:30:00	2027.11	2027.66	2026.96	2027.34	193	0	0
2024.02.23	17:31:00	2027.30	2027.66	2027.02	2027.49	146	0	0
2024.02.23	17:32:00	2027.47	2027.50	2027.17	2027.29	147	0	0
2024.02.23	17:33:00	2027.27	2027.59	2027.07	2027.44	131	0	0
2024.02.23	17:34:00	2027.45	2027.80	2027.41	2027.67	131	0	0
2024.02.23	17:35:00	2027.64	2027.88	2027.58	2027.69	125	0	0
2024.02.23	17:36:00	2027.68	2027.91	2027.26	2027.91	157	0	0
2024.02.23	17:37:00	2027.95	2027.98	2027.63	2027.89	98	0	0
2024.02.23	17:38:00	2027.88	2028.15	2027.85	2027.86	94	0	0
2024.02.23	17:39:00	2027.84	2028.15	2027.63	2027.63	135	0	0
2024.02.23	17:40:00	2027.58	2027.87	2027.54	2027.79	102	0	0
2024.02.23	17:41:00	2027.78	2027.79	2027.45	2027.45	134	0	0
2024.02.23	17:42:00	2027.46	2027.86	2027.28	2027.74	114	0	0
2024.02.23	17:43:00	2027.73	2027.81	2027.43	2027.60	141	0	0
2024.02.23	17:44:00	2027.57	2027.60	2027.07	2027.12	169	0	0
2024.02.23	17:45:00	2027.14	2027.74	2026.97	2027.64	187	0	0
2024.02.23	17:46:00	2027.61	2028.47	2027.40	2027.87	277	0	0
2024.02.23	17:47:00	2027.87	2028.01	2027.46	2027.51	131	0	0
2024.02.23	17:48:00	2027.56	2028.15	2027.52	2028.02	201	0	0
2024.02.23	17:49:00	2028.05	2028.08	2027.51	2027.67	152	0	0
2024.02.23	17:50:00	2027.67	2028.13	2027.60	2028.07	125	0	0
2024.02.23	17:51:00	2028.11	2028.40	2028.00	2028.13	118	0	0
2024.02.23	17:52:00	2028.11	2028.34	2028.00	2028.00	146	0	0
2024.02.23	17:53:00	2028.03	2028.42	2027.95	2028.26	165	0	0
2024.02.23	17:54:00	2028.29	2028.98	2028.27	2028.98	154	0	0
2024.02.23	17:55:00	2029.01	2030.05	2029.01	2029.92	277	0	0
2024.02.23	17:56:00	2029.95	2031.12	2029.91	2031.12	207	0	0
2024.02.23	17:57:00	2031.13	2031.16	2029.90	2030.20	243	0	0
2024.02.23	17:58:00	2030.21	2030.52	2029.65	2030.51	248	0	0
2024.02.23	17:59:00	2030.52	2030.59	2030.08	2030.20	177	0	0
2024.02.23	18:00:00	2030.21	2031.04	2030.21	2031.02	176	0	0
2024.02.23	18:01:00	2031.03	2031.82	2031.01	2031.80	247	0	0
2024.02.23	18:02:00	2031.79	2032.16	2031.28	2031.87	274	0	0
2024.02.23	18:03:00	2031.85	2031.87	2031.34	2031.40	183	0	0
2024.02.23	18:04:00	2031.39	2032.03	2031.25	2031.81	203	0	0
2024.02.23	18:05:00	2031.81	2031.81	2031.34	2031.72	182	0	0
2024.02.23	18:06:00	2031.80	2032.94	2031.79	2032.16	270	0	0
2024.02.23	18:07:00	2032.19	2032.55	2031.97	2032.28	194	0	0
2024.02.23	18:08:00	2032.26	2032.87	2032.13	2032.66	169	0	0
2024.02.23	18:09:00	2032.66	2033.24	2032.56	2033.21	250	0	0
2024.02.23	18:10:00	2033.23	2033.24	2032.53	2032.59	208	0	0
2024.02.23	18:11:00	2032.60	2033.24	2032.60	2033.12	181	0	0
2024.02.23	18:12:00	2033.13	2033.22	2032.36	2032.92	240	0	0
2024.02.23	18:13:00	2032.92	2034.08	2032.53	2033.99	222	0	0
2024.02.23	18:14:00	2033.98	2034.21	2033.18	2033.34	215	0	0
2024.02.23	18:15:00	2033.37	2034.15	2033.35	2034.07	213	0	0
2024.02.23	18:16:00	2034.05	2034.07	2033.14	2033.37	239	0	0
2024.02.23	18:17:00	2033.44	2033.95	2033.44	2033.65	128	0	0
2024.02.23	18:18:00	2033.68	2034.08	2033.68	2033.99	137	0	0
2024.02.23	18:19:00	2034.03	2034.09	2033.77	2033.77	125	0	0
2024.02.23	18:20:00	2033.79	2034.09	2033.43	2033.92	167	0	0
2024.02.23	18:21:00	2033.91	2034.32	2033.69	2033.70	156	0	0
2024.02.23	18:22:00	2033.71	2034.02	2033.54	2033.95	136	0	0
2024.02.23	18:23:00	2033.98	2034.00	2033.71	2033.83	100	0	0
2024.02.23	18:24:00	2033.86	2034.49	2033.82	2034.19	176	0	0
2024.02.23	18:25:00	2034.20	2034.52	2034.00	2034.27	158	0	0
2024.02.23	18:26:00	2034.19	2034.25	2033.55	2033.57	158	0	0
2024.02.23	18:27:00	2033.65	2033.94	2033.54	2033.84	206	0	0
2024.02.23	18:28:00	2033.87	2034.09	2033.62	2033.82	152	0	0
2024.02.23	18:29:00	2033.83	2034.18	2033.26	2033.32	185	0	0
2024.02.23	18:30:00	2033.40	2034.17	2033.40	2034.01	166	0	0
2024.02.23	18:31:00	2034.02	2034.17	2033.82	2034.09	209	0	0
2024.02.23	18:32:00	2034.10	2034.32	2033.98	2034.09	122	0	0
2024.02.23	18:33:00	2034.04	2037.11	2033.76	2036.53	304	0	0
2024.02.23	18:34:00	2036.54	2037.39	2035.91	2036.77	291	0	0
2024.02.23	18:35:00	2036.80	2036.90	2036.38	2036.40	208	0	0
2024.02.23	18:36:00	2036.39	2037.13	2036.32	2036.50	217	0	0
2024.02.23	18:37:00	2036.50	2036.68	2036.20	2036.31	185	0	0
2024.02.23	18:38:00	2036.34	2036.91	2036.29	2036.42	222	0	0
2024.02.23	18:39:00	2036.43	2036.90	2036.43	2036.77	143	0	0
2024.02.23	18:40:00	2036.75	2037.37	2036.67	2037.15	156	0	0
2024.02.23	18:41:00	2037.16	2037.78	2037.16	2037.59	154	0	0
2024.02.23	18:42:00	2037.60	2037.92	2037.19	2037.26	225	0	0
2024.02.23	18:43:00	2037.29	2037.94	2037.29	2037.72	169	0	0
2024.02.23	18:44:00	2037.73	2037.78	2037.39	2037.39	133	0	0
2024.02.23	18:45:00	2037.42	2037.95	2037.39	2037.85	97	0	0
2024.02.23	18:46:00	2037.87	2037.97	2037.62	2037.85	108	0	0
2024.02.23	18:47:00	2037.88	2037.96	2037.76	2037.86	89	0	0
2024.02.23	18:48:00	2037.91	2038.58	2037.91	2038.48	137	0	0
2024.02.23	18:49:00	2038.50	2038.50	2037.79	2037.82	108	0	0
2024.02.23	18:50:00	2037.79	2038.00	2037.50	2037.50	149	0	0
2024.02.23	18:51:00	2037.50	2037.58	2037.00	2037.53	128	0	0
2024.02.23	18:52:00	2037.55	2038.13	2037.55	2038.07	117	0	0
2024.02.23	18:53:00	2038.03	2038.18	2037.79	2038.09	132	0	0
2024.02.23	18:54:00	2038.07	2038.23	2038.00	2038.20	105	0	0
2024.02.23	18:55:00	2038.21	2038.37	2038.12	2038.24	142	0	0
2024.02.23	18:56:00	2038.26	2038.47	2038.13	2038.13	88	0	0
2024.02.23	18:57:00	2037.96	2037.97	2037.08	2037.12	145	0	0
2024.02.23	18:58:00	2037.13	2038.32	2037.13	2038.24	105	0	0
2024.02.23	18:59:00	2038.25	2038.44	2038.06	2038.42	123	0	0
2024.02.23	19:00:00	2038.41	2039.20	2038.37	2039.15	174	0	0
2024.02.23	19:01:00	2039.14	2039.46	2038.97	2038.98	130	0	0
2024.02.23	19:02:00	2038.99	2039.42	2038.75	2038.96	124	0	0
2024.02.23	19:03:00	2038.95	2039.73	2038.94	2039.17	197	0	0
2024.02.23	19:04:00	2039.16	2039.55	2039.15	2039.38	108	0	0
2024.02.23	19:05:00	2039.39	2039.84	2039.35	2039.36	116	0	0
2024.02.23	19:06:00	2039.35	2039.40	2039.03	2039.09	115	0	0
2024.02.23	19:07:00	2039.12	2039.13	2038.33	2038.45	116	0	0
2024.02.23	19:08:00	2038.47	2038.48	2037.87	2037.91	128	0	0
2024.02.23	19:09:00	2037.92	2038.15	2037.72	2037.73	155	0	0
2024.02.23	19:10:00	2037.68	2037.77	2037.41	2037.74	128	0	0
2024.02.23	19:11:00	2037.81	2038.25	2037.67	2038.04	124	0	0
2024.02.23	19:12:00	2038.07	2038.38	2037.96	2038.38	118	0	0
2024.02.23	19:13:00	2038.39	2038.53	2038.18	2038.44	141	0	0
2024.02.23	19:14:00	2038.40	2038.62	2038.11	2038.41	118	0	0
2024.02.23	19:15:00	2038.41	2038.62	2038.29	2038.62	78	0	0
2024.02.23	19:16:00	2038.63	2038.63	2038.11	2038.11	99	0	0
2024.02.23	19:17:00	2038.10	2038.34	2037.98	2038.27	135	0	0
2024.02.23	19:18:00	2038.26	2038.32	2037.54	2037.58	138	0	0
2024.02.23	19:19:00	2037.57	2037.71	2037.21	2037.67	161	0	0
2024.02.23	19:20:00	2037.68	2038.22	2037.61	2038.21	148	0	0
2024.02.23	19:21:00	2038.20	2038.20	2037.87	2037.99	75	0	0
2024.02.23	19:22:00	2038.00	2038.40	2037.97	2038.05	66	0	0
2024.02.23	19:23:00	2038.06	2038.06	2037.57	2037.89	118	0	0
2024.02.23	19:24:00	2037.91	2038.19	2037.90	2038.10	86	0	0
2024.02.23	19:25:00	2038.14	2038.42	2037.83	2038.24	141	0	0
2024.02.23	19:26:00	2038.21	2038.49	2038.18	2038.40	49	0	0
2024.02.23	19:27:00	2038.47	2038.60	2037.00	2037.28	102	0	0
2024.02.23	19:28:00	2037.30	2037.40	2036.72	2036.79	95	0	0
2024.02.23	19:29:00	2036.86	2036.89	2036.49	2036.50	109	0	0
2024.02.23	19:30:00	2036.54	2037.39	2036.54	2037.23	113	0	0
2024.02.23	19:31:00	2037.24	2037.80	2037.24	2037.72	128	0	0
2024.02.23	19:32:00	2037.71	2037.79	2037.40	2037.60	103	0	0
2024.02.23	19:33:00	2037.61	2037.82	2037.21	2037.82	86	0	0
2024.02.23	19:34:00	2037.88	2038.09	2037.78	2037.83	54	0	0
2024.02.23	19:35:00	2037.82	2037.82	2037.50	2037.78	84	0	0
2024.02.23	19:36:00	2037.79	2037.89	2037.31	2037.35	61	0	0
2024.02.23	19:37:00	2037.34	2037.34	2036.90	2037.21	115	0	0
2024.02.23	19:38:00	2037.19	2037.47	2037.08	2037.25	102	0	0
2024.02.23	19:39:00	2037.25	2037.27	2037.04	2037.14	85	0	0
2024.02.23	19:40:00	2037.11	2037.27	2037.06	2037.25	61	0	0
2024.02.23	19:41:00	2037.30	2037.54	2037.19	2037.20	89	0	0
2024.02.23	19:42:00	2037.19	2037.65	2037.14	2037.55	76	0	0
2024.02.23	19:43:00	2037.54	2037.79	2037.44	2037.65	73	0	0
2024.02.23	19:44:00	2037.64	2037.85	2037.55	2037.83	45	0	0
2024.02.23	19:45:00	2037.82	2037.82	2037.52	2037.63	55	0	0
2024.02.23	19:46:00	2037.64	2037.85	2037.31	2037.49	76	0	0
2024.02.23	19:47:00	2037.51	2037.57	2037.00	2037.15	84	0	0
2024.02.23	19:48:00	2037.16	2037.47	2037.16	2037.31	82	0	0
2024.02.23	19:49:00	2037.30	2037.31	2036.65	2036.67	75	0	0
2024.02.23	19:50:00	2036.66	2037.08	2036.64	2037.06	122	0	0
2024.02.23	19:51:00	2037.09	2037.25	2036.82	2037.00	110	0	0
2024.02.23	19:52:00	2037.02	2037.03	2036.60	2036.70	80	0	0
2024.02.23	19:53:00	2036.70	2037.35	2036.55	2037.35	83	0	0
2024.02.23	19:54:00	2037.33	2037.33	2037.01	2037.22	66	0	0
2024.02.23	19:55:00	2037.19	2037.54	2037.02	2037.54	81	0	0
2024.02.23	19:56:00	2037.37	2037.42	2037.33	2037.39	59	0	0
2024.02.23	19:57:00	2037.41	2038.01	2037.35	2037.94	67	0	0
2024.02.23	19:58:00	2037.95	2038.12	2037.72	2037.74	106	0	0
2024.02.23	19:59:00	2037.73	2038.02	2037.73	2037.90	80	0	0
2024.02.23	20:00:00	2037.91	2038.44	2037.91	2038.33	88	0	0
2024.02.23	20:01:00	2038.32	2038.33	2037.99	2038.19	72	0	0
2024.02.23	20:02:00	2038.20	2038.42	2037.93	2037.93	97	0	0
2024.02.23	20:03:00	2037.93	2038.10	2037.92	2038.04	77	0	0
2024.02.23	20:04:00	2038.03	2038.41	2038.03	2038.20	61	0	0
2024.02.23	20:05:00	2038.22	2038.44	2038.17	2038.22	59	0	0
2024.02.23	20:06:00	2038.21	2038.26	2037.99	2037.99	38	0	0
2024.02.23	20:07:00	2038.06	2038.30	2038.00	2038.29	24	0	0
2024.02.23	20:08:00	2038.34	2038.44	2038.10	2038.21	67	0	0
2024.02.23	20:09:00	2038.22	2038.49	2038.18	2038.49	58	0	0
2024.02.23	20:10:00	2038.45	2038.50	2038.12	2038.30	52	0	0
2024.02.23	20:11:00	2038.35	2038.41	2037.99	2038.02	38	0	0
2024.02.23	20:12:00	2038.01	2038.20	2037.90	2038.06	58	0	0
2024.02.23	20:13:00	2038.07	2038.49	2038.07	2038.43	67	0	0
2024.02.23	20:14:00	2038.47	2038.61	2038.29	2038.37	49	0	0
2024.02.23	20:15:00	2038.39	2038.52	2038.30	2038.50	40	0	0
2024.02.23	20:16:00	2038.52	2038.60	2038.37	2038.57	72	0	0
2024.02.23	20:17:00	2038.58	2038.72	2038.40	2038.51	56	0	0
2024.02.23	20:18:00	2038.50	2038.55	2037.77	2037.96	88	0	0
2024.02.23	20:19:00	2037.91	2038.09	2037.58	2038.07	93	0	0
2024.02.23	20:20:00	2038.04	2038.58	2037.98	2038.48	72	0	0
2024.02.23	20:21:00	2038.44	2038.58	2038.38	2038.40	27	0	0
2024.02.23	20:22:00	2038.35	2038.35	2037.90	2038.12	38	0	0
2024.02.23	20:23:00	2038.11	2038.20	2037.89	2038.11	57	0	0
2024.02.23	20:24:00	2038.09	2038.09	2037.47	2037.50	63	0	0
2024.02.23	20:25:00	2037.60	2037.93	2037.59	2037.80	57	0	0
2024.02.23	20:26:00	2037.96	2038.73	2037.93	2038.69	81	0	0
2024.02.23	20:27:00	2038.70	2038.88	2038.58	2038.82	73	0	0
2024.02.23	20:28:00	2038.85	2039.57	2038.79	2039.49	136	0	0
2024.02.23	20:29:00	2039.45	2039.57	2039.11	2039.12	93	0	0
2024.02.23	20:30:00	2039.11	2039.11	2038.10	2038.11	103	0	0
2024.02.23	20:31:00	2038.13	2038.22	2037.99	2037.99	40	0	0
2024.02.23	20:32:00	2038.02	2038.09	2037.77	2037.80	77	0	0
2024.02.23	20:33:00	2037.80	2038.18	2037.67	2038.09	95	0	0
2024.02.23	20:34:00	2038.08	2038.53	2038.04	2038.44	108	0	0
2024.02.23	20:35:00	2038.46	2038.61	2038.36	2038.50	57	0	0
2024.02.23	20:36:00	2038.49	2038.56	2038.28	2038.35	68	0	0
2024.02.23	20:37:00	2038.33	2038.69	2038.22	2038.59	63	0	0
2024.02.23	20:38:00	2038.57	2038.67	2038.47	2038.62	52	0	0
2024.02.23	20:39:00	2038.59	2038.75	2038.41	2038.74	56	0	0
2024.02.23	20:40:00	2038.75	2038.88	2038.59	2038.78	71	0	0
2024.02.23	20:41:00	2038.77	2038.90	2038.69	2038.79	37	0	0
2024.02.23	20:42:00	2038.78	2039.18	2038.69	2039.17	36	0	0
2024.02.23	20:43:00	2039.10	2039.36	2039.07	2039.20	61	0	0
2024.02.23	20:44:00	2039.25	2039.26	2039.00	2039.06	78	0	0
2024.02.23	20:45:00	2039.07	2039.40	2039.01	2039.40	55	0	0
2024.02.23	20:46:00	2039.38	2039.59	2039.17	2039.26	106	0	0
2024.02.23	20:47:00	2039.26	2039.43	2039.25	2039.33	79	0	0
2024.02.23	20:48:00	2039.32	2039.50	2039.27	2039.35	65	0	0
2024.02.23	20:49:00	2039.36	2039.82	2039.36	2039.74	73	0	0
2024.02.23	20:50:00	2039.79	2040.97	2039.62	2040.76	174	0	0
2024.02.23	20:51:00	2040.79	2040.93	2040.47	2040.69	209	0	0
2024.02.23	20:52:00	2040.68	2041.00	2040.68	2040.81	112	0	0
2024.02.23	20:53:00	2040.79	2040.99	2040.45	2040.45	108	0	0
2024.02.23	20:54:00	2040.48	2040.84	2040.48	2040.79	101	0	0
2024.02.23	20:55:00	2040.78	2041.13	2040.77	2041.11	91	0	0
2024.02.23	20:56:00	2041.13	2041.35	2040.94	2041.00	95	0	0
2024.02.23	20:57:00	2041.01	2041.09	2040.95	2041.07	42	0	0
2024.02.23	20:58:00	2041.09	2041.13	2040.45	2040.49	51	0	0
2024.02.23	20:59:00	2040.46	2040.57	2040.23	2040.48	57	0	0
2024.02.23	21:00:00	2040.46	2040.46	2039.82	2039.82	77	0	0
2024.02.23	21:01:00	2039.85	2040.03	2039.82	2039.83	70	0	0
2024.02.23	21:02:00	2039.92	2040.29	2039.83	2040.22	45	0	0
2024.02.23	21:03:00	2040.21	2040.41	2040.03	2040.20	81	0	0
2024.02.23	21:04:00	2040.19	2040.39	2040.19	2040.23	39	0	0
2024.02.23	21:05:00	2040.26	2040.51	2040.18	2040.38	51	0	0
2024.02.23	21:06:00	2040.41	2040.47	2040.16	2040.18	46	0	0
2024.02.23	21:07:00	2040.20	2040.36	2040.14	2040.34	32	0	0
2024.02.23	21:08:00	2040.31	2040.39	2039.86	2039.86	72	0	0
2024.02.23	21:09:00	2039.85	2039.98	2039.83	2039.95	62	0	0
2024.02.23	21:10:00	2039.96	2040.21	2039.95	2040.13	62	0	0
2024.02.23	21:11:00	2040.09	2040.30	2040.03	2040.27	53	0	0
2024.02.23	21:12:00	2040.29	2040.38	2039.83	2039.84	29	0	0
2024.02.23	21:13:00	2039.88	2040.16	2039.88	2040.13	31	0	0
2024.02.23	21:14:00	2040.07	2040.12	2040.01	2040.04	26	0	0
2024.02.23	21:15:00	2040.06	2040.20	2039.90	2039.95	45	0	0
2024.02.23	21:16:00	2039.98	2040.08	2039.51	2039.62	73	0	0
2024.02.23	21:17:00	2039.61	2039.91	2039.56	2039.57	61	0	0
2024.02.23	21:18:00	2039.56	2039.71	2039.32	2039.41	73	0	0
2024.02.23	21:19:00	2039.40	2039.77	2039.39	2039.77	48	0	0
2024.02.23	21:20:00	2039.75	2040.00	2039.72	2039.90	58	0	0
2024.02.23	21:21:00	2039.85	2039.88	2039.64	2039.68	23	0	0
2024.02.23	21:22:00	2039.65	2039.83	2039.49	2039.54	45	0	0
2024.02.23	21:23:00	2039.53	2039.54	2039.35	2039.39	28	0	0
2024.02.23	21:24:00	2039.43	2039.57	2039.38	2039.45	38	0	0
2024.02.23	21:25:00	2039.40	2039.60	2039.00	2039.15	56	0	0
2024.02.23	21:26:00	2039.12	2039.12	2038.57	2038.57	44	0	0
2024.02.23	21:27:00	2038.50	2038.67	2038.46	2038.67	21	0	0
2024.02.23	21:28:00	2038.66	2038.78	2038.48	2038.68	43	0	0
2024.02.23	21:29:00	2038.60	2038.69	2038.37	2038.56	55	0	0
2024.02.23	21:30:00	2038.50	2038.50	2038.33	2038.46	64	0	0
2024.02.23	21:31:00	2038.51	2038.51	2038.32	2038.43	33	0	0
2024.02.23	21:32:00	2038.42	2038.55	2038.42	2038.53	47	0	0
2024.02.23	21:33:00	2038.54	2038.85	2038.52	2038.54	59	0	0
2024.02.23	21:34:00	2038.57	2038.73	2038.55	2038.68	77	0	0
2024.02.23	21:35:00	2038.71	2038.81	2038.30	2038.30	58	0	0
2024.02.23	21:36:00	2038.31	2038.49	2038.26	2038.35	49	0	0
2024.02.23	21:37:00	2038.34	2038.53	2038.21	2038.48	32	0	0
2024.02.23	21:38:00	2038.44	2038.44	2038.17	2038.34	28	0	0
2024.02.23	21:39:00	2038.29	2038.33	2037.97	2038.07	49	0	0
2024.02.23	21:40:00	2038.03	2038.20	2037.92	2038.16	40	0	0
2024.02.23	21:41:00	2038.17	2038.20	2038.02	2038.07	36	0	0
2024.02.23	21:42:00	2038.08	2038.14	2038.06	2038.13	28	0	0
2024.02.23	21:43:00	2038.11	2038.14	2037.96	2038.04	65	0	0
2024.02.23	21:44:00	2038.05	2038.11	2037.97	2037.99	58	0	0
2024.02.23	21:45:00	2037.98	2038.24	2037.96	2038.17	59	0	0
2024.02.23	21:46:00	2038.15	2038.20	2037.97	2038.02	26	0	0
2024.02.23	21:47:00	2038.04	2038.05	2037.48	2037.48	41	0	0
2024.02.23	21:48:00	2037.51	2037.55	2037.07	2037.12	72	0	0
2024.02.23	21:49:00	2037.11	2037.24	2036.89	2037.20	50	0	0
2024.02.23	21:50:00	2037.22	2037.31	2036.95	2037.24	58	0	0
2024.02.23	21:51:00	2037.25	2037.49	2037.10	2037.10	84	0	0
2024.02.23	21:52:00	2037.11	2037.61	2037.10	2037.60	48	0	0
2024.02.23	21:53:00	2037.58	2037.58	2037.35	2037.38	64	0	0
2024.02.23	21:54:00	2037.39	2037.52	2037.35	2037.39	21	0	0
2024.02.23	21:55:00	2037.40	2037.40	2037.10	2037.10	48	0	0
2024.02.23	21:56:00	2037.13	2037.37	2037.10	2037.37	42	0	0
2024.02.23	21:57:00	2037.33	2037.40	2037.32	2037.40	12	0	0
2024.02.23	21:58:00	2037.34	2037.34	2036.91	2036.95	64	0	0
2024.02.23	21:59:00	2036.94	2037.33	2036.93	2037.32	64	0	0
2024.02.23	22:00:00	2037.33	2037.53	2036.88	2036.88	96	0	0
2024.02.23	22:01:00	2036.91	2036.96	2036.50	2036.57	75	0	0
2024.02.23	22:02:00	2036.55	2036.72	2036.53	2036.70	37	0	0
2024.02.23	22:03:00	2036.71	2036.80	2036.70	2036.79	21	0	0
2024.02.23	22:04:00	2036.80	2037.14	2036.80	2037.07	41	0	0
2024.02.23	22:05:00	2037.05	2037.25	2037.02	2037.24	49	0	0
2024.02.23	22:06:00	2037.26	2037.32	2037.11	2037.19	47	0	0
2024.02.23	22:07:00	2037.16	2037.35	2036.95	2036.95	59	0	0
2024.02.23	22:08:00	2036.94	2036.99	2036.64	2036.72	67	0	0
2024.02.23	22:09:00	2036.69	2036.72	2036.55	2036.58	29	0	0
2024.02.23	22:10:00	2036.57	2036.80	2036.46	2036.80	32	0	0
2024.02.23	22:11:00	2036.79	2036.88	2036.74	2036.82	43	0	0
2024.02.23	22:12:00	2036.72	2036.82	2036.63	2036.72	51	0	0
2024.02.23	22:13:00	2036.73	2036.74	2036.68	2036.69	12	0	0
2024.02.23	22:14:00	2036.72	2036.89	2036.30	2036.40	80	0	0
2024.02.23	22:15:00	2036.44	2036.48	2036.26	2036.29	38	0	0
2024.02.23	22:16:00	2036.28	2036.91	2036.28	2036.87	56	0	0
2024.02.23	22:17:00	2036.88	2036.95	2036.85	2036.94	27	0	0
2024.02.23	22:18:00	2036.94	2037.18	2036.88	2036.88	46	0	0
2024.02.23	22:19:00	2036.93	2036.97	2036.84	2036.89	27	0	0
2024.02.23	22:20:00	2036.87	2036.89	2036.68	2036.72	37	0	0
2024.02.23	22:21:00	2036.74	2036.75	2036.59	2036.62	19	0	0
2024.02.23	22:22:00	2036.56	2036.56	2036.30	2036.34	47	0	0
2024.02.23	22:23:00	2036.33	2036.42	2036.22	2036.40	53	0	0
2024.02.23	22:24:00	2036.38	2036.38	2036.08	2036.15	39	0	0
2024.02.23	22:25:00	2036.16	2036.48	2036.13	2036.48	41	0	0
2024.02.23	22:26:00	2036.49	2036.76	2036.46	2036.75	32	0	0
2024.02.23	22:27:00	2036.76	2036.99	2036.71	2036.79	28	0	0
2024.02.23	22:28:00	2036.78	2036.94	2036.68	2036.78	56	0	0
2024.02.23	22:29:00	2036.76	2036.86	2036.69	2036.69	27	0	0
2024.02.23	22:30:00	2036.70	2036.70	2036.11	2036.16	63	0	0
2024.02.23	22:31:00	2036.15	2036.26	2036.12	2036.17	52	0	0
2024.02.23	22:32:00	2036.16	2036.16	2035.79	2035.84	60	0	0
2024.02.23	22:33:00	2035.85	2035.94	2035.75	2035.83	42	0	0
2024.02.23	22:34:00	2035.80	2035.90	2035.73	2035.77	41	0	0
2024.02.23	22:35:00	2035.95	2036.14	2035.89	2036.14	19	0	0
2024.02.23	22:36:00	2036.08	2036.33	2035.94	2036.24	59	0	0
2024.02.23	22:37:00	2036.21	2036.24	2036.01	2036.02	47	0	0
2024.02.23	22:38:00	2036.02	2036.07	2035.90	2035.94	75	0	0
2024.02.23	22:39:00	2035.96	2036.09	2035.92	2036.09	37	0	0
2024.02.23	22:40:00	2036.08	2036.18	2036.01	2036.17	31	0	0
2024.02.23	22:41:00	2036.18	2036.18	2036.00	2036.08	37	0	0
2024.02.23	22:42:00	2036.10	2036.22	2036.06	2036.07	39	0	0
2024.02.23	22:43:00	2036.08	2036.18	2036.08	2036.13	27	0	0
2024.02.23	22:44:00	2036.17	2036.30	2035.96	2036.15	85	0	0
2024.02.23	22:45:00	2036.17	2036.18	2035.96	2035.98	41	0	0
2024.02.23	22:46:00	2035.99	2036.17	2035.96	2036.17	43	0	0
2024.02.23	22:47:00	2036.17	2036.17	2035.96	2036.06	59	0	0
2024.02.23	22:48:00	2036.04	2036.36	2036.01	2036.36	62	0	0
2024.02.23	22:49:00	2036.35	2036.62	2036.33	2036.37	51	0	0
2024.02.23	22:50:00	2036.38	2036.43	2036.17	2036.32	59	0	0
2024.02.23	22:51:00	2036.34	2036.49	2036.27	2036.35	32	0	0
2024.02.23	22:52:00	2036.38	2036.45	2036.27	2036.27	40	0	0
2024.02.23	22:53:00	2036.29	2036.33	2036.17	2036.29	36	0	0
2024.02.23	22:54:00	2036.24	2036.24	2036.10	2036.17	28	0	0
2024.02.23	22:55:00	2036.16	2036.17	2036.05	2036.14	55	0	0
2024.02.23	22:56:00	2036.16	2036.20	2036.05	2036.16	50	0	0
2024.02.23	22:57:00	2036.11	2036.18	2036.02	2036.18	33	0	0
2024.02.23	22:58:00	2036.22	2036.44	2036.22	2036.41	36	0	0
2024.02.23	22:59:00	2036.42	2036.62	2036.38	2036.58	62	0	0
2024.02.23	23:00:00	2036.54	2036.60	2036.39	2036.39	32	0	0
2024.02.23	23:01:00	2036.29	2036.29	2036.16	2036.25	13	0	0
2024.02.23	23:02:00	2036.26	2036.31	2036.24	2036.25	23	0	0
2024.02.23	23:03:00	2036.22	2036.32	2036.20	2036.32	26	0	0
2024.02.23	23:05:00	2036.29	2036.30	2036.20	2036.28	22	0	0
2024.02.23	23:06:00	2036.32	2036.55	2036.29	2036.38	33	0	0
2024.02.23	23:07:00	2036.37	2036.37	2036.25	2036.25	32	0	0
2024.02.23	23:08:00	2036.25	2036.29	2036.19	2036.25	8	0	0
2024.02.23	23:09:00	2036.19	2036.19	2036.04	2036.12	26	0	0
2024.02.23	23:10:00	2036.13	2036.22	2036.10	2036.11	30	0	0
2024.02.23	23:11:00	2036.12	2036.15	2036.10	2036.11	25	0	0
2024.02.23	23:12:00	2036.11	2036.14	2036.03	2036.03	43	0	0
2024.02.23	23:13:00	2036.03	2036.12	2035.98	2036.12	41	0	0
2024.02.23	23:14:00	2036.11	2036.15	2036.00	2036.07	36	0	0
2024.02.23	23:15:00	2036.06	2036.06	2035.95	2036.03	19	0	0
2024.02.23	23:16:00	2036.04	2036.04	2035.89	2035.90	24	0	0
2024.02.23	23:17:00	2035.89	2035.90	2035.74	2035.74	31	0	0
2024.02.23	23:18:00	2035.73	2035.80	2035.64	2035.79	23	0	0
2024.02.23	23:19:00	2035.80	2035.83	2035.62	2035.64	18	0	0
2024.02.23	23:20:00	2035.63	2035.76	2035.62	2035.72	23	0	0
2024.02.23	23:21:00	2035.69	2035.69	2035.50	2035.56	21	0	0
2024.02.23	23:22:00	2035.55	2035.67	2035.55	2035.63	31	0	0
2024.02.23	23:23:00	2035.63	2035.64	2035.32	2035.35	34	0	0
2024.02.23	23:24:00	2035.33	2035.46	2035.33	2035.44	37	0	0
2024.02.23	23:25:00	2035.43	2035.45	2035.36	2035.43	12	0	0
2024.02.23	23:26:00	2035.44	2035.44	2035.32	2035.32	18	0	0
2024.02.23	23:27:00	2035.34	2035.34	2035.23	2035.25	19	0	0
2024.02.23	23:28:00	2035.24	2035.44	2035.23	2035.42	28	0	0
2024.02.23	23:29:00	2035.41	2035.41	2035.29	2035.31	18	0	0
2024.02.23	23:30:00	2035.27	2035.31	2035.19	2035.23	36	0	0
2024.02.23	23:31:00	2035.24	2035.29	2035.11	2035.12	47	0	0
2024.02.23	23:32:00	2035.15	2035.17	2035.11	2035.16	24	0	0
2024.02.23	23:33:00	2035.14	2035.32	2035.12	2035.31	42	0	0
2024.02.23	23:34:00	2035.31	2035.39	2035.24	2035.39	39	0	0
2024.02.23	23:35:00	2035.37	2035.42	2035.32	2035.35	30	0	0
2024.02.23	23:36:00	2035.39	2035.73	2035.39	2035.61	34	0	0
2024.02.23	23:37:00	2035.62	2035.73	2035.55	2035.71	32	0	0
2024.02.23	23:38:00	2035.70	2035.73	2035.66	2035.66	21	0	0
2024.02.23	23:39:00	2035.67	2035.73	2035.57	2035.66	17	0	0
2024.02.23	23:40:00	2035.67	2035.85	2035.66	2035.77	15	0	0
2024.02.23	23:41:00	2035.76	2035.97	2035.76	2035.86	28	0	0
2024.02.23	23:42:00	2035.85	2035.90	2035.85	2035.86	27	0	0
2024.02.23	23:43:00	2035.84	2036.03	2035.84	2035.96	35	0	0
2024.02.23	23:44:00	2036.04	2036.05	2035.95	2035.96	19	0	0
2024.02.23	23:45:00	2035.95	2036.05	2035.84	2036.05	44	0	0
2024.02.23	23:46:00	2036.04	2036.10	2035.93	2036.05	30	0	0
2024.02.23	23:47:00	2036.06	2036.13	2036.03	2036.06	17	0	0
2024.02.23	23:48:00	2036.04	2036.23	2036.00	2036.16	23	0	0
2024.02.23	23:49:00	2036.15	2036.16	2035.85	2035.86	26	0	0
2024.02.23	23:50:00	2035.87	2036.06	2035.84	2036.05	46	0	0
2024.02.23	23:51:00	2036.03	2036.11	2035.95	2035.99	37	0	0
2024.02.23	23:52:00	2036.01	2036.11	2036.01	2036.09	35	0	0
2024.02.23	23:53:00	2036.12	2036.23	2036.09	2036.14	53	0	0
2024.02.23	23:54:00	2036.10	2036.10	2035.55	2035.74	31	0	0
2024.02.26	01:05:00	2033.07	2033.39	2033.07	2033.39	34	0	0
2024.02.26	01:06:00	2033.39	2034.26	2033.34	2034.09	71	0	0
2024.02.26	01:07:00	2033.82	2033.82	2033.29	2033.69	50	0	0
2024.02.26	01:08:00	2033.75	2034.10	2033.75	2033.89	43	0	0
2024.02.26	01:09:00	2033.85	2034.25	2033.68	2034.18	49	0	0
2024.02.26	01:10:00	2034.11	2034.21	2033.99	2034.01	45	0	0
2024.02.26	01:11:00	2034.01	2034.11	2033.83	2033.91	25	0	0
2024.02.26	01:12:00	2033.92	2034.11	2033.73	2033.90	28	0	0
2024.02.26	01:13:00	2033.94	2034.09	2033.90	2033.93	25	0	0
2024.02.26	01:14:00	2033.84	2033.84	2033.61	2033.70	32	0	0
2024.02.26	01:15:00	2033.70	2033.70	2033.40	2033.45	53	0	0
2024.02.26	01:16:00	2033.45	2033.62	2033.41	2033.62	12	0	0
2024.02.26	01:17:00	2033.62	2034.06	2033.62	2034.06	27	0	0
2024.02.26	01:18:00	2034.08	2034.16	2034.08	2034.16	14	0	0
2024.02.26	01:19:00	2034.16	2034.16	2034.05	2034.13	16	0	0
2024.02.26	01:20:00	2034.14	2034.28	2034.07	2034.21	16	0	0
2024.02.26	01:21:00	2034.21	2034.45	2034.21	2034.31	27	0	0
2024.02.26	01:22:00	2034.31	2034.51	2034.31	2034.47	26	0	0
2024.02.26	01:23:00	2034.47	2034.64	2034.47	2034.64	43	0	0
2024.02.26	01:24:00	2034.64	2034.92	2034.55	2034.79	30	0	0
2024.02.26	01:25:00	2034.80	2034.81	2034.48	2034.48	26	0	0
2024.02.26	01:26:00	2034.47	2034.53	2034.26	2034.35	42	0	0
2024.02.26	01:27:00	2034.41	2034.63	2034.36	2034.53	28	0	0
2024.02.26	01:28:00	2034.51	2034.72	2034.35	2034.67	45	0	0
2024.02.26	01:29:00	2034.65	2034.82	2034.62	2034.78	42	0	0
2024.02.26	01:30:00	2034.78	2034.78	2034.34	2034.44	39	0	0
2024.02.26	01:31:00	2034.43	2034.47	2034.28	2034.37	41	0	0
2024.02.26	01:32:00	2034.32	2034.37	2034.02	2034.19	27	0	0
2024.02.26	01:33:00	2034.22	2034.22	2034.00	2034.01	21	0	0
2024.02.26	01:34:00	2034.02	2034.20	2034.01	2034.17	24	0	0
2024.02.26	01:35:00	2034.18	2034.30	2034.08	2034.29	14	0	0
2024.02.26	01:36:00	2034.23	2034.37	2034.12	2034.37	26	0	0
2024.02.26	01:37:00	2034.41	2034.55	2034.40	2034.50	27	0	0
2024.02.26	01:38:00	2034.46	2034.53	2034.29	2034.29	22	0	0
2024.02.26	01:39:00	2034.30	2034.61	2034.23	2034.56	32	0	0
2024.02.26	01:40:00	2034.47	2034.54	2034.34	2034.41	28	0	0
2024.02.26	01:41:00	2034.37	2034.37	2034.32	2034.36	11	0	0
2024.02.26	01:42:00	2034.33	2034.41	2034.20	2034.27	30	0	0
2024.02.26	01:43:00	2034.20	2034.20	2034.10	2034.10	12	0	0
2024.02.26	01:44:00	2034.11	2034.22	2034.07	2034.11	25	0	0
2024.02.26	01:45:00	2034.17	2034.21	2033.93	2034.08	44	0	0
2024.02.26	01:46:00	2034.07	2034.12	2033.93	2034.12	23	0	0
2024.02.26	01:47:00	2034.08	2034.08	2033.92	2033.99	15	0	0
2024.02.26	01:48:00	2034.03	2034.03	2033.77	2033.93	36	0	0
2024.02.26	01:49:00	2033.95	2034.12	2033.92	2034.03	24	0	0
2024.02.26	01:50:00	2034.08	2034.18	2033.99	2034.00	14	0	0
2024.02.26	01:51:00	2033.94	2034.24	2033.93	2034.13	34	0	0
2024.02.26	01:52:00	2034.14	2034.54	2034.14	2034.54	30	0	0
2024.02.26	01:53:00	2034.53	2034.53	2034.40	2034.45	22	0	0
2024.02.26	01:54:00	2034.35	2034.45	2034.26	2034.40	34	0	0
2024.02.26	01:55:00	2034.39	2034.43	2034.34	2034.43	20	0	0
2024.02.26	01:56:00	2034.44	2034.52	2034.36	2034.39	17	0	0
2024.02.26	01:57:00	2034.34	2034.41	2034.23	2034.23	17	0	0
2024.02.26	01:58:00	2034.20	2034.34	2034.14	2034.27	26	0	0
2024.02.26	01:59:00	2034.25	2034.25	2034.03	2034.03	21	0	0
2024.02.26	02:00:00	2034.08	2034.11	2033.59	2033.67	135	0	0
2024.02.26	02:01:00	2033.65	2033.65	2033.27	2033.41	86	0	0
2024.02.26	02:02:00	2033.40	2033.57	2033.10	2033.11	91	0	0
2024.02.26	02:03:00	2033.12	2033.30	2033.03	2033.09	66	0	0
2024.02.26	02:04:00	2033.08	2033.20	2033.02	2033.11	63	0	0
2024.02.26	02:05:00	2033.09	2033.11	2032.75	2032.76	51	0	0
2024.02.26	02:06:00	2032.79	2033.63	2032.78	2033.38	94	0	0
2024.02.26	02:07:00	2033.46	2033.54	2033.37	2033.54	42	0	0
2024.02.26	02:08:00	2033.58	2033.60	2033.23	2033.28	45	0	0
2024.02.26	02:09:00	2033.31	2033.48	2033.28	2033.30	37	0	0
2024.02.26	02:10:00	2033.29	2033.50	2033.29	2033.47	18	0	0
2024.02.26	02:11:00	2033.56	2033.58	2033.23	2033.23	29	0	0
2024.02.26	02:12:00	2033.27	2033.42	2033.18	2033.38	43	0	0
2024.02.26	02:13:00	2033.39	2033.39	2033.19	2033.39	21	0	0
2024.02.26	02:14:00	2033.30	2033.48	2033.28	2033.39	32	0	0
2024.02.26	02:15:00	2033.45	2033.69	2033.45	2033.67	37	0	0
2024.02.26	02:16:00	2033.59	2033.65	2033.17	2033.22	40	0	0
2024.02.26	02:17:00	2033.20	2033.60	2033.18	2033.60	30	0	0
2024.02.26	02:18:00	2033.55	2033.72	2033.38	2033.63	44	0	0
2024.02.26	02:19:00	2033.60	2033.65	2033.54	2033.60	27	0	0
2024.02.26	02:20:00	2033.59	2033.65	2033.55	2033.55	21	0	0
2024.02.26	02:21:00	2033.54	2033.54	2033.21	2033.21	28	0	0
2024.02.26	02:22:00	2033.17	2033.21	2032.65	2032.67	58	0	0
2024.02.26	02:23:00	2032.65	2032.89	2032.65	2032.86	33	0	0
2024.02.26	02:24:00	2032.89	2032.89	2032.82	2032.82	15	0	0
2024.02.26	02:25:00	2032.81	2032.84	2032.77	2032.78	19	0	0
2024.02.26	02:26:00	2032.78	2032.81	2032.74	2032.76	17	0	0
2024.02.26	02:27:00	2032.81	2033.02	2032.67	2032.67	32	0	0
2024.02.26	02:28:00	2032.66	2032.69	2032.13	2032.17	60	0	0
2024.02.26	02:29:00	2032.14	2032.58	2032.04	2032.21	113	0	0
2024.02.26	02:30:00	2032.24	2032.56	2031.73	2031.82	90	0	0
2024.02.26	02:31:00	2031.81	2031.91	2031.30	2031.39	100	0	0
2024.02.26	02:32:00	2031.32	2031.34	2030.91	2031.11	113	0	0
2024.02.26	02:33:00	2031.15	2031.56	2031.12	2031.35	107	0	0
2024.02.26	02:34:00	2031.37	2031.38	2030.96	2031.22	97	0	0
2024.02.26	02:35:00	2031.29	2031.51	2030.99	2031.09	137	0	0
2024.02.26	02:36:00	2031.09	2031.14	2030.75	2030.82	77	0	0
2024.02.26	02:37:00	2030.81	2030.91	2030.81	2030.90	33	0	0
2024.02.26	02:38:00	2030.87	2031.08	2030.71	2030.75	52	0	0
2024.02.26	02:39:00	2030.76	2031.08	2030.60	2031.02	42	0	0
2024.02.26	02:40:00	2030.99	2030.99	2030.55	2030.73	67	0	0
2024.02.26	02:41:00	2030.76	2031.06	2030.74	2030.95	62	0	0
2024.02.26	02:42:00	2030.98	2031.03	2030.94	2030.96	32	0	0
2024.02.26	02:43:00	2030.95	2031.06	2030.72	2030.87	47	0	0
2024.02.26	02:44:00	2030.84	2030.84	2030.49	2030.61	88	0	0
2024.02.26	02:45:00	2030.60	2030.86	2030.56	2030.72	59	0	0
2024.02.26	02:46:00	2030.74	2030.98	2030.69	2030.89	48	0	0
2024.02.26	02:47:00	2030.90	2030.90	2030.43	2030.49	69	0	0
2024.02.26	02:48:00	2030.48	2030.62	2030.29	2030.35	65	0	0
2024.02.26	02:49:00	2030.34	2030.38	2030.14	2030.19	58	0	0
2024.02.26	02:50:00	2030.21	2030.44	2029.96	2029.97	72	0	0
2024.02.26	02:51:00	2029.96	2030.39	2029.96	2030.38	50	0	0
2024.02.26	02:52:00	2030.41	2030.50	2030.34	2030.46	51	0	0
2024.02.26	02:53:00	2030.47	2030.86	2030.44	2030.86	72	0	0
2024.02.26	02:54:00	2030.80	2030.86	2030.45	2030.66	98	0	0
2024.02.26	02:55:00	2030.67	2030.86	2030.50	2030.84	76	0	0
2024.02.26	02:56:00	2030.83	2030.90	2030.55	2030.55	54	0	0
2024.02.26	02:57:00	2030.52	2030.72	2030.50	2030.50	37	0	0
2024.02.26	02:58:00	2030.45	2030.53	2030.34	2030.34	49	0	0
2024.02.26	02:59:00	2030.33	2030.39	2030.22	2030.34	79	0	0
2024.02.26	03:00:00	2030.31	2030.78	2030.01	2030.03	282	0	0
2024.02.26	03:01:00	2030.05	2030.61	2029.93	2030.50	209	0	0
2024.02.26	03:02:00	2030.50	2031.11	2030.47	2031.01	163	0	0
2024.02.26	03:03:00	2031.02	2031.05	2030.73	2030.99	127	0	0
2024.02.26	03:04:00	2030.93	2031.46	2030.91	2031.13	116	0	0
2024.02.26	03:05:00	2031.12	2032.05	2031.10	2031.92	141	0	0
2024.02.26	03:06:00	2031.93	2031.93	2031.52	2031.64	101	0	0
2024.02.26	03:07:00	2031.64	2031.69	2031.22	2031.36	89	0	0
2024.02.26	03:08:00	2031.33	2031.73	2031.32	2031.73	75	0	0
2024.02.26	03:09:00	2031.78	2031.99	2031.64	2031.88	78	0	0
2024.02.26	03:10:00	2031.85	2032.42	2031.80	2032.30	93	0	0
2024.02.26	03:11:00	2032.25	2032.29	2031.93	2031.94	93	0	0
2024.02.26	03:12:00	2031.91	2032.17	2031.87	2032.10	87	0	0
2024.02.26	03:13:00	2032.14	2032.14	2031.79	2032.00	52	0	0
2024.02.26	03:14:00	2032.02	2032.26	2031.90	2032.20	62	0	0
2024.02.26	03:15:00	2032.22	2032.35	2032.00	2032.16	62	0	0
2024.02.26	03:16:00	2032.15	2032.37	2032.00	2032.05	105	0	0
2024.02.26	03:17:00	2032.05	2032.19	2032.00	2032.04	67	0	0
2024.02.26	03:18:00	2032.05	2032.23	2031.97	2032.01	68	0	0
2024.02.26	03:19:00	2032.00	2032.00	2031.57	2031.95	120	0	0
2024.02.26	03:20:00	2032.00	2032.62	2032.00	2032.57	100	0	0
2024.02.26	03:21:00	2032.62	2032.84	2032.43	2032.50	108	0	0
2024.02.26	03:22:00	2032.59	2032.85	2032.48	2032.82	129	0	0
2024.02.26	03:23:00	2032.84	2032.96	2032.72	2032.74	99	0	0
2024.02.26	03:24:00	2032.74	2032.84	2032.63	2032.66	76	0	0
2024.02.26	03:25:00	2032.67	2032.76	2032.50	2032.73	88	0	0
2024.02.26	03:26:00	2032.74	2032.88	2032.56	2032.78	110	0	0
2024.02.26	03:27:00	2032.77	2033.03	2032.72	2032.83	62	0	0
2024.02.26	03:28:00	2032.84	2033.04	2032.53	2032.78	108	0	0
2024.02.26	03:29:00	2032.81	2032.81	2032.61	2032.67	99	0	0
2024.02.26	03:30:00	2032.66	2032.87	2032.55	2032.84	86	0	0
2024.02.26	03:31:00	2032.83	2032.83	2032.35	2032.59	84	0	0
2024.02.26	03:32:00	2032.60	2032.82	2032.58	2032.75	70	0	0
2024.02.26	03:33:00	2032.75	2032.99	2032.75	2032.84	63	0	0
2024.02.26	03:34:00	2032.89	2033.40	2032.89	2033.28	93	0	0
2024.02.26	03:35:00	2033.31	2033.44	2033.13	2033.22	69	0	0
2024.02.26	03:36:00	2033.24	2033.29	2032.90	2033.02	98	0	0
2024.02.26	03:37:00	2033.03	2033.14	2032.91	2033.10	80	0	0
2024.02.26	03:38:00	2033.08	2033.48	2033.04	2033.48	55	0	0
2024.02.26	03:39:00	2033.51	2033.69	2033.49	2033.69	53	0	0
2024.02.26	03:40:00	2033.70	2033.80	2033.63	2033.80	62	0	0
2024.02.26	03:41:00	2033.82	2033.95	2033.61	2033.82	55	0	0
2024.02.26	03:42:00	2033.83	2033.97	2033.60	2033.71	56	0	0
2024.02.26	03:43:00	2033.75	2033.89	2033.66	2033.67	46	0	0
2024.02.26	03:44:00	2033.66	2033.76	2033.48	2033.76	72	0	0
2024.02.26	03:45:00	2033.75	2034.09	2033.75	2034.01	53	0	0
2024.02.26	03:46:00	2034.00	2034.02	2033.75	2033.90	48	0	0
2024.02.26	03:47:00	2033.87	2033.93	2033.62	2033.72	49	0	0
2024.02.26	03:48:00	2033.73	2033.73	2033.34	2033.34	56	0	0
2024.02.26	03:49:00	2033.33	2033.33	2032.88	2033.04	53	0	0
2024.02.26	03:50:00	2033.02	2033.05	2032.67	2032.70	91	0	0
2024.02.26	03:51:00	2032.69	2032.74	2032.20	2032.54	151	0	0
2024.02.26	03:52:00	2032.54	2032.61	2032.29	2032.29	77	0	0
2024.02.26	03:53:00	2032.28	2032.28	2031.84	2031.86	50	0	0
2024.02.26	03:54:00	2031.83	2031.93	2031.62	2031.72	50	0	0
2024.02.26	03:55:00	2031.73	2031.75	2031.55	2031.65	59	0	0
2024.02.26	03:56:00	2031.63	2031.87	2031.56	2031.85	87	0	0
2024.02.26	03:57:00	2031.82	2031.82	2031.54	2031.54	48	0	0
2024.02.26	03:58:00	2031.57	2031.69	2031.52	2031.60	39	0	0
2024.02.26	03:59:00	2031.59	2031.64	2031.30	2031.30	44	0	0
2024.02.26	04:00:00	2031.29	2031.61	2031.20	2031.60	58	0	0
2024.02.26	04:01:00	2031.67	2031.90	2031.67	2031.68	55	0	0
2024.02.26	04:02:00	2031.74	2031.74	2031.44	2031.55	57	0	0
2024.02.26	04:03:00	2031.53	2031.81	2031.49	2031.75	36	0	0
2024.02.26	04:04:00	2031.73	2031.79	2031.42	2031.42	52	0	0
2024.02.26	04:05:00	2031.40	2031.58	2031.36	2031.56	41	0	0
2024.02.26	04:06:00	2031.56	2031.63	2031.41	2031.63	56	0	0
2024.02.26	04:07:00	2031.62	2031.62	2031.25	2031.25	45	0	0
2024.02.26	04:08:00	2031.29	2031.34	2031.23	2031.30	40	0	0
2024.02.26	04:09:00	2031.26	2031.30	2031.12	2031.24	64	0	0
2024.02.26	04:10:00	2031.23	2031.23	2030.84	2030.99	56	0	0
2024.02.26	04:11:00	2031.02	2031.26	2031.02	2031.26	47	0	0
2024.02.26	04:12:00	2031.25	2031.58	2031.25	2031.46	53	0	0
2024.02.26	04:13:00	2031.47	2031.57	2031.19	2031.52	71	0	0
2024.02.26	04:14:00	2031.50	2031.65	2031.47	2031.57	33	0	0
2024.02.26	04:15:00	2031.56	2031.69	2031.29	2031.32	37	0	0
2024.02.26	04:16:00	2031.49	2031.75	2031.49	2031.53	52	0	0
2024.02.26	04:17:00	2031.58	2031.70	2031.39	2031.70	43	0	0
2024.02.26	04:18:00	2031.72	2031.75	2031.35	2031.40	36	0	0
2024.02.26	04:19:00	2031.43	2031.45	2031.07	2031.07	30	0	0
2024.02.26	04:20:00	2031.05	2031.10	2030.90	2030.92	29	0	0
2024.02.26	04:21:00	2030.86	2030.92	2030.72	2030.90	50	0	0
2024.02.26	04:22:00	2030.90	2031.10	2030.66	2031.10	46	0	0
2024.02.26	04:23:00	2031.12	2031.15	2030.88	2030.92	50	0	0
2024.02.26	04:24:00	2030.93	2031.04	2030.84	2030.95	58	0	0
2024.02.26	04:25:00	2030.95	2030.95	2030.74	2030.81	56	0	0
2024.02.26	04:26:00	2030.80	2031.31	2030.80	2031.03	74	0	0
2024.02.26	04:27:00	2031.01	2031.12	2030.90	2030.92	70	0	0
2024.02.26	04:28:00	2030.93	2031.05	2030.91	2030.98	38	0	0
2024.02.26	04:29:00	2030.97	2031.03	2030.83	2030.98	27	0	0
2024.02.26	04:30:00	2030.99	2031.12	2030.94	2031.12	31	0	0
2024.02.26	04:31:00	2031.10	2031.25	2031.06	2031.20	80	0	0
2024.02.26	04:32:00	2031.21	2031.40	2031.20	2031.25	57	0	0
2024.02.26	04:33:00	2031.24	2031.44	2031.20	2031.36	54	0	0
2024.02.26	04:34:00	2031.38	2031.67	2031.36	2031.59	29	0	0
2024.02.26	04:35:00	2031.61	2031.63	2031.36	2031.36	64	0	0
2024.02.26	04:36:00	2031.35	2031.35	2031.08	2031.13	31	0	0
2024.02.26	04:37:00	2031.13	2031.38	2031.12	2031.32	47	0	0
2024.02.26	04:38:00	2031.32	2031.39	2031.21	2031.23	48	0	0
2024.02.26	04:39:00	2031.21	2031.24	2030.97	2031.02	44	0	0
2024.02.26	04:40:00	2030.98	2031.25	2030.78	2031.10	61	0	0
2024.02.26	04:41:00	2031.11	2031.24	2031.11	2031.11	26	0	0
2024.02.26	04:42:00	2031.13	2031.25	2031.06	2031.19	35	0	0
2024.02.26	04:43:00	2031.21	2031.31	2031.21	2031.25	39	0	0
2024.02.26	04:44:00	2031.23	2031.36	2031.16	2031.27	36	0	0
2024.02.26	04:45:00	2031.31	2031.37	2031.24	2031.35	60	0	0
2024.02.26	04:46:00	2031.35	2031.36	2031.12	2031.13	28	0	0
2024.02.26	04:47:00	2031.14	2031.17	2030.76	2030.96	47	0	0
2024.02.26	04:48:00	2030.94	2030.97	2030.85	2030.95	33	0	0
2024.02.26	04:49:00	2030.96	2031.02	2030.86	2030.87	33	0	0
2024.02.26	04:50:00	2030.88	2030.93	2030.77	2030.82	32	0	0
2024.02.26	04:51:00	2030.81	2031.12	2030.81	2031.09	52	0	0
2024.02.26	04:52:00	2031.08	2031.38	2031.07	2031.17	42	0	0
2024.02.26	04:53:00	2031.16	2031.26	2031.01	2031.26	45	0	0
2024.02.26	04:54:00	2031.27	2031.27	2030.98	2030.99	29	0	0
2024.02.26	04:55:00	2030.97	2031.12	2030.88	2031.09	35	0	0
2024.02.26	04:56:00	2031.08	2031.28	2031.08	2031.22	44	0	0
2024.02.26	04:57:00	2031.23	2031.24	2031.02	2031.03	27	0	0
2024.02.26	04:58:00	2031.07	2031.09	2030.87	2030.90	36	0	0
2024.02.26	04:59:00	2030.89	2030.89	2030.78	2030.89	27	0	0
2024.02.26	05:00:00	2030.98	2030.98	2030.84	2030.94	30	0	0
2024.02.26	05:01:00	2030.96	2031.00	2030.86	2030.89	35	0	0
2024.02.26	05:02:00	2030.87	2031.02	2030.86	2031.02	22	0	0
2024.02.26	05:03:00	2031.03	2031.31	2031.03	2031.25	39	0	0
2024.02.26	05:04:00	2031.28	2031.32	2030.91	2030.99	32	0	0
2024.02.26	05:05:00	2030.98	2031.00	2030.91	2031.00	31	0	0
2024.02.26	05:06:00	2031.05	2031.14	2031.05	2031.09	14	0	0
2024.02.26	05:07:00	2031.10	2031.10	2030.94	2030.95	35	0	0
2024.02.26	05:08:00	2030.97	2031.13	2030.97	2031.08	23	0	0
2024.02.26	05:09:00	2031.09	2031.13	2031.00	2031.08	21	0	0
2024.02.26	05:10:00	2031.07	2031.09	2031.00	2031.09	27	0	0
2024.02.26	05:11:00	2031.07	2031.07	2030.77	2030.88	30	0	0
2024.02.26	05:12:00	2030.87	2030.91	2030.78	2030.79	27	0	0
2024.02.26	05:13:00	2030.78	2030.82	2030.71	2030.78	26	0	0
2024.02.26	05:14:00	2030.80	2030.83	2030.75	2030.81	13	0	0
2024.02.26	05:15:00	2030.89	2030.94	2030.87	2030.88	13	0	0
2024.02.26	05:16:00	2030.97	2031.16	2030.97	2031.16	17	0	0
2024.02.26	05:17:00	2031.22	2031.52	2031.18	2031.46	26	0	0
2024.02.26	05:18:00	2031.47	2031.48	2031.13	2031.14	45	0	0
2024.02.26	05:19:00	2031.11	2031.27	2031.05	2031.18	34	0	0
2024.02.26	05:20:00	2031.14	2031.27	2031.13	2031.18	30	0	0
2024.02.26	05:21:00	2031.14	2031.18	2031.01	2031.11	24	0	0
2024.02.26	05:22:00	2031.12	2031.20	2031.11	2031.16	18	0	0
2024.02.26	05:23:00	2031.16	2031.31	2031.12	2031.22	32	0	0
2024.02.26	05:24:00	2031.23	2031.23	2031.01	2031.11	30	0	0
2024.02.26	05:25:00	2031.10	2031.42	2031.10	2031.39	26	0	0
2024.02.26	05:26:00	2031.38	2031.65	2031.36	2031.62	37	0	0
2024.02.26	05:27:00	2031.63	2031.76	2031.63	2031.74	19	0	0
2024.02.26	05:28:00	2031.75	2031.76	2031.53	2031.64	23	0	0
2024.02.26	05:29:00	2031.61	2031.61	2031.48	2031.55	18	0	0
2024.02.26	05:30:00	2031.54	2031.75	2031.35	2031.40	51	0	0
2024.02.26	05:31:00	2031.43	2031.53	2031.35	2031.48	30	0	0
2024.02.26	05:32:00	2031.46	2031.63	2031.44	2031.45	24	0	0
2024.02.26	05:33:00	2031.44	2031.65	2031.44	2031.54	16	0	0
2024.02.26	05:34:00	2031.51	2031.54	2031.42	2031.53	25	0	0
2024.02.26	05:35:00	2031.52	2031.63	2031.52	2031.59	17	0	0
2024.02.26	05:36:00	2031.60	2031.78	2031.56	2031.56	29	0	0
2024.02.26	05:37:00	2031.55	2031.59	2031.49	2031.51	25	0	0
2024.02.26	05:38:00	2031.55	2031.67	2031.54	2031.62	20	0	0
2024.02.26	05:39:00	2031.68	2031.69	2031.66	2031.68	9	0	0
2024.02.26	05:40:00	2031.60	2031.65	2031.45	2031.50	35	0	0
2024.02.26	05:41:00	2031.55	2031.66	2031.55	2031.60	13	0	0
2024.02.26	05:42:00	2031.59	2031.68	2031.59	2031.68	9	0	0
2024.02.26	05:43:00	2031.66	2031.69	2031.66	2031.68	9	0	0
2024.02.26	05:44:00	2031.74	2031.74	2031.62	2031.68	33	0	0
2024.02.26	05:45:00	2031.69	2031.78	2031.67	2031.78	13	0	0
2024.02.26	05:46:00	2031.79	2031.82	2031.78	2031.82	16	0	0
2024.02.26	05:47:00	2031.83	2032.14	2031.82	2032.05	32	0	0
2024.02.26	05:48:00	2032.02	2032.19	2032.02	2032.19	29	0	0
2024.02.26	05:49:00	2032.14	2032.14	2031.97	2031.97	8	0	0
2024.02.26	05:50:00	2031.91	2032.00	2031.88	2031.98	13	0	0
2024.02.26	05:51:00	2031.99	2032.09	2031.95	2031.95	18	0	0
2024.02.26	05:52:00	2031.97	2032.01	2031.89	2031.89	9	0	0
2024.02.26	05:53:00	2031.88	2031.92	2031.81	2031.92	16	0	0
2024.02.26	05:54:00	2031.91	2032.12	2031.89	2032.00	32	0	0
2024.02.26	05:55:00	2032.02	2032.33	2032.01	2032.31	23	0	0
2024.02.26	05:56:00	2032.34	2032.37	2032.32	2032.36	16	0	0
2024.02.26	05:57:00	2032.42	2032.55	2032.42	2032.46	35	0	0
2024.02.26	05:58:00	2032.45	2032.47	2032.41	2032.45	30	0	0
2024.02.26	05:59:00	2032.48	2032.57	2032.48	2032.55	15	0	0
2024.02.26	06:00:00	2032.56	2032.67	2032.48	2032.52	40	0	0
2024.02.26	06:01:00	2032.53	2032.54	2032.35	2032.35	17	0	0
2024.02.26	06:02:00	2032.36	2032.54	2032.36	2032.53	20	0	0
2024.02.26	06:03:00	2032.54	2032.56	2032.40	2032.43	26	0	0
2024.02.26	06:04:00	2032.44	2032.46	2032.33	2032.33	21	0	0
2024.02.26	06:05:00	2032.30	2032.30	2032.24	2032.24	10	0	0
2024.02.26	06:06:00	2032.26	2032.26	2032.24	2032.24	5	0	0
2024.02.26	06:07:00	2032.25	2032.34	2032.23	2032.23	25	0	0
2024.02.26	06:08:00	2032.20	2032.34	2032.20	2032.33	24	0	0
2024.02.26	06:09:00	2032.32	2032.43	2032.32	2032.38	15	0	0
2024.02.26	06:10:00	2032.38	2032.42	2032.32	2032.32	20	0	0
2024.02.26	06:11:00	2032.32	2032.38	2032.28	2032.31	24	0	0
2024.02.26	06:12:00	2032.31	2032.32	2032.12	2032.13	19	0	0
2024.02.26	06:13:00	2032.12	2032.18	2032.12	2032.17	12	0	0
2024.02.26	06:14:00	2032.20	2032.47	2032.20	2032.44	39	0	0
2024.02.26	06:15:00	2032.43	2032.45	2032.43	2032.44	13	0	0
2024.02.26	06:16:00	2032.44	2032.70	2032.44	2032.70	36	0	0
2024.02.26	06:17:00	2032.72	2032.90	2032.71	2032.84	56	0	0
2024.02.26	06:18:00	2032.85	2032.93	2032.54	2032.54	35	0	0
2024.02.26	06:19:00	2032.50	2032.51	2032.38	2032.48	25	0	0
2024.02.26	06:20:00	2032.48	2032.53	2032.39	2032.40	27	0	0
2024.02.26	06:21:00	2032.39	2032.40	2032.29	2032.30	15	0	0
2024.02.26	06:22:00	2032.35	2032.43	2032.33	2032.40	28	0	0
2024.02.26	06:23:00	2032.55	2032.55	2032.30	2032.30	24	0	0
2024.02.26	06:24:00	2032.29	2032.31	2032.29	2032.31	3	0	0
2024.02.26	06:25:00	2032.30	2032.44	2032.30	2032.43	19	0	0
2024.02.26	06:26:00	2032.42	2032.43	2032.41	2032.41	6	0	0
2024.02.26	06:27:00	2032.42	2032.43	2032.37	2032.37	5	0	0
2024.02.26	06:28:00	2032.42	2032.48	2032.31	2032.47	30	0	0
2024.02.26	06:29:00	2032.50	2032.52	2032.31	2032.33	18	0	0
2024.02.26	06:30:00	2032.31	2032.43	2032.31	2032.41	31	0	0
2024.02.26	06:31:00	2032.42	2032.60	2032.42	2032.56	23	0	0
2024.02.26	06:32:00	2032.55	2032.58	2032.41	2032.49	24	0	0
2024.02.26	06:33:00	2032.51	2032.56	2032.44	2032.46	34	0	0
2024.02.26	06:34:00	2032.45	2032.48	2032.40	2032.45	16	0	0
2024.02.26	06:35:00	2032.43	2032.49	2032.43	2032.49	13	0	0
2024.02.26	06:36:00	2032.46	2032.46	2032.23	2032.36	22	0	0
2024.02.26	06:37:00	2032.38	2032.54	2032.38	2032.52	8	0	0
2024.02.26	06:38:00	2032.53	2032.54	2032.39	2032.44	31	0	0
2024.02.26	06:39:00	2032.47	2032.60	2032.44	2032.60	30	0	0
2024.02.26	06:40:00	2032.58	2032.59	2032.44	2032.44	36	0	0
2024.02.26	06:41:00	2032.46	2032.49	2032.34	2032.40	25	0	0
2024.02.26	06:42:00	2032.42	2032.73	2032.42	2032.72	28	0	0
2024.02.26	06:43:00	2032.71	2032.90	2032.71	2032.79	45	0	0
2024.02.26	06:44:00	2032.78	2032.93	2032.73	2032.92	20	0	0
2024.02.26	06:45:00	2032.86	2032.90	2032.69	2032.79	28	0	0
2024.02.26	06:46:00	2032.77	2032.77	2032.53	2032.53	27	0	0
2024.02.26	06:47:00	2032.51	2032.53	2032.33	2032.49	35	0	0
2024.02.26	06:48:00	2032.48	2032.48	2032.17	2032.30	13	0	0
2024.02.26	06:49:00	2032.32	2032.44	2032.32	2032.42	12	0	0
2024.02.26	06:50:00	2032.41	2032.50	2032.41	2032.47	8	0	0
2024.02.26	06:51:00	2032.46	2032.48	2032.42	2032.42	18	0	0
2024.02.26	06:52:00	2032.41	2032.41	2032.33	2032.33	13	0	0
2024.02.26	06:53:00	2032.35	2032.37	2032.27	2032.32	12	0	0
2024.02.26	06:54:00	2032.33	2032.45	2032.33	2032.39	22	0	0
2024.02.26	06:55:00	2032.39	2032.43	2032.21	2032.23	32	0	0
2024.02.26	06:56:00	2032.19	2032.24	2032.16	2032.16	17	0	0
2024.02.26	06:57:00	2032.17	2032.32	2032.17	2032.22	22	0	0
2024.02.26	06:58:00	2032.22	2032.24	2032.13	2032.16	31	0	0
2024.02.26	06:59:00	2032.15	2032.28	2032.14	2032.28	19	0	0
2024.02.26	07:00:00	2032.25	2032.37	2032.19	2032.28	37	0	0
2024.02.26	07:01:00	2032.25	2032.33	2032.22	2032.25	21	0	0
2024.02.26	07:02:00	2032.26	2032.90	2032.26	2032.90	37	0	0
2024.02.26	07:03:00	2032.87	2032.87	2032.49	2032.49	22	0	0
2024.02.26	07:04:00	2032.48	2032.72	2032.48	2032.72	40	0	0
2024.02.26	07:05:00	2032.66	2032.71	2032.33	2032.33	29	0	0
2024.02.26	07:06:00	2032.32	2032.48	2032.21	2032.27	53	0	0
2024.02.26	07:07:00	2032.30	2032.53	2032.30	2032.52	24	0	0
2024.02.26	07:08:00	2032.53	2032.63	2032.51	2032.62	17	0	0
2024.02.26	07:09:00	2032.64	2032.70	2032.59	2032.64	25	0	0
2024.02.26	07:10:00	2032.65	2032.79	2032.63	2032.72	46	0	0
2024.02.26	07:11:00	2032.76	2032.94	2032.76	2032.90	37	0	0
2024.02.26	07:12:00	2032.88	2032.90	2032.78	2032.79	32	0	0
2024.02.26	07:13:00	2032.80	2032.88	2032.78	2032.87	13	0	0
2024.02.26	07:14:00	2032.80	2032.90	2032.70	2032.85	37	0	0
2024.02.26	07:15:00	2032.87	2032.92	2032.72	2032.91	44	0	0
2024.02.26	07:16:00	2032.98	2033.09	2032.98	2033.06	20	0	0
2024.02.26	07:17:00	2033.02	2033.12	2032.97	2033.04	38	0	0
2024.02.26	07:18:00	2033.02	2033.18	2032.99	2033.10	44	0	0
2024.02.26	07:19:00	2033.16	2033.18	2033.09	2033.15	26	0	0
2024.02.26	07:20:00	2033.14	2033.15	2033.05	2033.09	32	0	0
2024.02.26	07:21:00	2033.11	2033.19	2033.08	2033.10	34	0	0
2024.02.26	07:22:00	2033.13	2033.15	2032.94	2032.96	20	0	0
2024.02.26	07:23:00	2032.98	2033.01	2032.91	2032.92	10	0	0
2024.02.26	07:24:00	2032.91	2032.91	2032.59	2032.71	38	0	0
2024.02.26	07:25:00	2032.69	2032.71	2032.63	2032.65	19	0	0
2024.02.26	07:26:00	2032.61	2032.67	2032.59	2032.62	15	0	0
2024.02.26	07:27:00	2032.68	2032.74	2032.60	2032.73	28	0	0
2024.02.26	07:28:00	2032.72	2033.04	2032.68	2033.04	62	0	0
2024.02.26	07:29:00	2032.99	2033.42	2032.99	2033.28	95	0	0
2024.02.26	07:30:00	2033.30	2033.40	2032.95	2032.97	120	0	0
2024.02.26	07:31:00	2032.96	2033.24	2032.74	2033.24	77	0	0
2024.02.26	07:32:00	2033.24	2033.38	2032.96	2033.32	101	0	0
2024.02.26	07:33:00	2033.29	2033.29	2032.98	2032.98	84	0	0
2024.02.26	07:34:00	2032.99	2033.47	2032.93	2033.47	124	0	0
2024.02.26	07:35:00	2033.45	2033.45	2033.07	2033.15	99	0	0
2024.02.26	07:36:00	2033.16	2033.22	2032.66	2032.72	89	0	0
2024.02.26	07:37:00	2032.70	2032.74	2032.62	2032.70	20	0	0
2024.02.26	07:38:00	2032.74	2032.74	2032.57	2032.68	22	0	0
2024.02.26	07:39:00	2032.68	2032.85	2032.68	2032.75	60	0	0
2024.02.26	07:40:00	2032.77	2032.88	2032.76	2032.84	44	0	0
2024.02.26	07:41:00	2032.86	2032.95	2032.83	2032.93	35	0	0
2024.02.26	07:42:00	2032.94	2033.25	2032.94	2033.23	39	0	0
2024.02.26	07:43:00	2033.17	2033.28	2033.15	2033.18	32	0	0
2024.02.26	07:44:00	2033.19	2033.25	2033.06	2033.13	33	0	0
2024.02.26	07:45:00	2033.15	2033.54	2033.14	2033.54	45	0	0
2024.02.26	07:46:00	2033.53	2033.61	2033.46	2033.52	35	0	0
2024.02.26	07:47:00	2033.52	2033.58	2033.17	2033.58	46	0	0
2024.02.26	07:48:00	2033.59	2033.93	2033.59	2033.92	55	0	0
2024.02.26	07:49:00	2033.91	2034.08	2033.88	2034.08	31	0	0
2024.02.26	07:50:00	2034.08	2034.30	2034.01	2034.03	60	0	0
2024.02.26	07:51:00	2034.04	2034.09	2033.78	2034.00	53	0	0
2024.02.26	07:52:00	2034.01	2034.01	2033.68	2033.83	83	0	0
2024.02.26	07:53:00	2033.85	2033.86	2033.72	2033.83	54	0	0
2024.02.26	07:54:00	2033.82	2034.06	2033.81	2033.82	23	0	0
2024.02.26	07:55:00	2033.78	2033.78	2033.62	2033.64	22	0	0
2024.02.26	07:56:00	2033.61	2033.61	2033.54	2033.55	10	0	0
2024.02.26	07:57:00	2033.56	2033.63	2033.55	2033.56	22	0	0
2024.02.26	07:58:00	2033.57	2033.60	2033.38	2033.48	25	0	0
2024.02.26	07:59:00	2033.49	2033.55	2033.08	2033.08	49	0	0
2024.02.26	08:00:00	2033.07	2033.09	2032.63	2032.65	68	0	0
2024.02.26	08:01:00	2032.64	2032.67	2032.32	2032.37	89	0	0
2024.02.26	08:02:00	2032.39	2032.64	2032.28	2032.46	60	0	0
2024.02.26	08:03:00	2032.47	2032.54	2032.35	2032.36	38	0	0
2024.02.26	08:04:00	2032.37	2032.44	2032.30	2032.42	53	0	0
2024.02.26	08:05:00	2032.41	2032.47	2032.33	2032.47	25	0	0
2024.02.26	08:06:00	2032.43	2032.52	2032.37	2032.43	42	0	0
2024.02.26	08:07:00	2032.41	2032.42	2032.32	2032.42	38	0	0
2024.02.26	08:08:00	2032.37	2032.47	2032.35	2032.40	21	0	0
2024.02.26	08:09:00	2032.41	2032.58	2032.40	2032.53	43	0	0
2024.02.26	08:10:00	2032.54	2032.69	2032.47	2032.69	39	0	0
2024.02.26	08:11:00	2032.65	2032.75	2032.50	2032.52	32	0	0
2024.02.26	08:12:00	2032.51	2032.51	2032.16	2032.16	37	0	0
2024.02.26	08:13:00	2032.17	2032.17	2031.95	2032.03	33	0	0
2024.02.26	08:14:00	2032.08	2032.24	2031.95	2032.03	53	0	0
2024.02.26	08:15:00	2032.00	2032.29	2032.00	2032.02	34	0	0
2024.02.26	08:16:00	2032.04	2032.23	2031.93	2032.23	62	0	0
2024.02.26	08:17:00	2032.23	2032.29	2032.17	2032.23	33	0	0
2024.02.26	08:18:00	2032.23	2032.23	2032.12	2032.19	53	0	0
2024.02.26	08:19:00	2032.18	2032.94	2032.18	2032.89	69	0	0
2024.02.26	08:20:00	2032.88	2032.92	2032.67	2032.86	60	0	0
2024.02.26	08:21:00	2032.87	2032.90	2032.72	2032.81	46	0	0
2024.02.26	08:22:00	2032.83	2032.83	2032.64	2032.70	54	0	0
2024.02.26	08:23:00	2032.65	2032.70	2032.39	2032.48	39	0	0
2024.02.26	08:24:00	2032.46	2032.53	2032.38	2032.44	31	0	0
2024.02.26	08:25:00	2032.48	2032.74	2032.48	2032.63	47	0	0
2024.02.26	08:26:00	2032.62	2032.80	2032.57	2032.70	31	0	0
2024.02.26	08:27:00	2032.74	2032.92	2032.72	2032.78	29	0	0
2024.02.26	08:28:00	2032.78	2032.98	2032.66	2032.84	56	0	0
2024.02.26	08:29:00	2032.85	2033.37	2032.85	2033.37	81	0	0
2024.02.26	08:30:00	2033.32	2033.41	2033.21	2033.36	59	0	0
2024.02.26	08:31:00	2033.25	2033.49	2033.18	2033.33	71	0	0
2024.02.26	08:32:00	2033.33	2033.58	2033.29	2033.51	71	0	0
2024.02.26	08:33:00	2033.49	2033.78	2033.43	2033.72	61	0	0
2024.02.26	08:34:00	2033.69	2033.79	2033.44	2033.49	51	0	0
2024.02.26	08:35:00	2033.47	2033.48	2033.03	2033.17	63	0	0
2024.02.26	08:36:00	2033.21	2033.51	2033.19	2033.40	48	0	0
2024.02.26	08:37:00	2033.32	2033.43	2033.23	2033.32	47	0	0
2024.02.26	08:38:00	2033.33	2033.56	2033.29	2033.53	45	0	0
2024.02.26	08:39:00	2033.54	2033.94	2033.54	2033.78	107	0	0
2024.02.26	08:40:00	2033.83	2033.93	2033.71	2033.83	54	0	0
2024.02.26	08:41:00	2033.78	2033.88	2033.73	2033.73	25	0	0
2024.02.26	08:42:00	2033.74	2033.89	2033.70	2033.70	53	0	0
2024.02.26	08:43:00	2033.67	2033.88	2033.58	2033.63	51	0	0
2024.02.26	08:44:00	2033.61	2033.92	2033.55	2033.81	49	0	0
2024.02.26	08:45:00	2033.81	2033.81	2033.54	2033.72	38	0	0
2024.02.26	08:46:00	2033.73	2033.77	2033.29	2033.30	65	0	0
2024.02.26	08:47:00	2033.29	2033.37	2033.13	2033.37	47	0	0
2024.02.26	08:48:00	2033.34	2033.52	2033.31	2033.35	57	0	0
2024.02.26	08:49:00	2033.33	2033.37	2033.20	2033.27	30	0	0
2024.02.26	08:50:00	2033.28	2033.47	2033.25	2033.40	63	0	0
2024.02.26	08:51:00	2033.39	2033.43	2033.22	2033.24	27	0	0
2024.02.26	08:52:00	2033.18	2033.18	2032.72	2032.92	65	0	0
2024.02.26	08:53:00	2032.91	2032.93	2032.83	2032.92	55	0	0
2024.02.26	08:54:00	2032.91	2032.93	2032.68	2032.73	37	0	0
2024.02.26	08:55:00	2032.71	2032.71	2032.60	2032.70	18	0	0
2024.02.26	08:56:00	2032.61	2032.87	2032.60	2032.72	48	0	0
2024.02.26	08:57:00	2032.65	2032.89	2032.65	2032.85	58	0	0
2024.02.26	08:58:00	2032.84	2032.88	2032.67	2032.86	69	0	0
2024.02.26	08:59:00	2032.82	2032.87	2032.70	2032.73	38	0	0
2024.02.26	09:00:00	2032.78	2032.79	2032.48	2032.48	82	0	0
2024.02.26	09:01:00	2032.49	2032.99	2032.39	2032.57	91	0	0
2024.02.26	09:02:00	2032.60	2032.60	2032.38	2032.54	53	0	0
2024.02.26	09:03:00	2032.53	2032.95	2032.44	2032.91	84	0	0
2024.02.26	09:04:00	2032.90	2033.11	2032.88	2032.97	76	0	0
2024.02.26	09:05:00	2032.96	2033.03	2032.69	2032.73	89	0	0
2024.02.26	09:06:00	2032.73	2032.97	2032.52	2032.89	64	0	0
2024.02.26	09:07:00	2032.88	2033.13	2032.84	2033.13	29	0	0
2024.02.26	09:08:00	2033.06	2033.24	2032.96	2033.12	73	0	0
2024.02.26	09:09:00	2033.11	2033.43	2032.89	2033.43	65	0	0
2024.02.26	09:10:00	2033.47	2033.72	2033.47	2033.60	43	0	0
2024.02.26	09:11:00	2033.59	2033.98	2033.58	2033.95	71	0	0
2024.02.26	09:12:00	2033.96	2034.51	2033.96	2034.41	89	0	0
2024.02.26	09:13:00	2034.42	2035.01	2034.42	2034.89	100	0	0
2024.02.26	09:14:00	2034.90	2034.90	2034.12	2034.21	94	0	0
2024.02.26	09:15:00	2034.20	2034.24	2033.82	2034.03	112	0	0
2024.02.26	09:16:00	2034.07	2034.30	2033.98	2034.12	81	0	0
2024.02.26	09:17:00	2034.11	2034.18	2033.90	2034.00	91	0	0
2024.02.26	09:18:00	2034.01	2034.08	2033.93	2034.01	53	0	0
2024.02.26	09:19:00	2034.02	2034.12	2033.82	2034.11	79	0	0
2024.02.26	09:20:00	2034.13	2034.39	2034.13	2034.29	70	0	0
2024.02.26	09:21:00	2034.30	2034.35	2034.03	2034.03	55	0	0
2024.02.26	09:22:00	2034.13	2034.21	2033.64	2034.18	91	0	0
2024.02.26	09:23:00	2034.17	2034.33	2034.01	2034.33	81	0	0
2024.02.26	09:24:00	2034.32	2034.35	2034.17	2034.26	46	0	0
2024.02.26	09:25:00	2034.25	2034.98	2034.25	2034.91	54	0	0
2024.02.26	09:26:00	2034.92	2034.98	2034.75	2034.93	89	0	0
2024.02.26	09:27:00	2034.93	2035.01	2034.72	2034.95	67	0	0
2024.02.26	09:28:00	2034.98	2035.06	2034.59	2034.63	90	0	0
2024.02.26	09:29:00	2034.64	2035.06	2034.64	2035.05	56	0	0
2024.02.26	09:30:00	2035.04	2035.04	2034.52	2034.87	93	0	0
2024.02.26	09:31:00	2034.86	2035.13	2034.83	2035.01	64	0	0
2024.02.26	09:32:00	2035.02	2035.33	2034.99	2035.09	64	0	0
2024.02.26	09:33:00	2035.08	2035.08	2034.80	2034.85	59	0	0
2024.02.26	09:34:00	2034.84	2035.13	2034.78	2035.13	63	0	0
2024.02.26	09:35:00	2035.14	2035.24	2035.09	2035.16	48	0	0
2024.02.26	09:36:00	2035.08	2035.28	2035.03	2035.23	46	0	0
2024.02.26	09:37:00	2035.29	2035.31	2035.02	2035.10	64	0	0
2024.02.26	09:38:00	2035.11	2035.13	2034.87	2034.90	56	0	0
2024.02.26	09:39:00	2034.89	2034.98	2034.71	2034.73	70	0	0
2024.02.26	09:40:00	2034.72	2034.93	2034.70	2034.92	70	0	0
2024.02.26	09:41:00	2034.96	2035.01	2034.77	2034.94	61	0	0
2024.02.26	09:42:00	2034.98	2035.25	2034.89	2034.92	65	0	0
2024.02.26	09:43:00	2034.87	2034.90	2034.02	2034.04	84	0	0
2024.02.26	09:44:00	2034.01	2034.06	2033.68	2033.80	75	0	0
2024.02.26	09:45:00	2033.79	2034.28	2033.78	2034.28	49	0	0
2024.02.26	09:46:00	2034.31	2034.43	2034.18	2034.27	76	0	0
2024.02.26	09:47:00	2034.26	2034.90	2034.26	2034.77	108	0	0
2024.02.26	09:48:00	2034.77	2034.94	2034.64	2034.94	84	0	0
2024.02.26	09:49:00	2034.96	2035.07	2034.64	2034.67	88	0	0
2024.02.26	09:50:00	2034.68	2034.75	2034.43	2034.47	78	0	0
2024.02.26	09:51:00	2034.50	2034.61	2034.36	2034.38	77	0	0
2024.02.26	09:52:00	2034.38	2034.63	2034.07	2034.60	81	0	0
2024.02.26	09:53:00	2034.59	2034.67	2034.24	2034.24	57	0	0
2024.02.26	09:54:00	2034.25	2034.33	2034.10	2034.29	58	0	0
2024.02.26	09:55:00	2034.28	2035.00	2034.24	2035.00	101	0	0
2024.02.26	09:56:00	2034.99	2035.03	2034.88	2034.97	51	0	0
2024.02.26	09:57:00	2034.99	2035.09	2034.77	2034.86	70	0	0
2024.02.26	09:58:00	2034.85	2034.94	2034.49	2034.90	72	0	0
2024.02.26	09:59:00	2034.93	2035.09	2034.89	2035.07	63	0	0
2024.02.26	10:00:00	2035.04	2035.04	2034.49	2034.52	119	0	0
2024.02.26	10:01:00	2034.55	2034.82	2034.48	2034.72	95	0	0
2024.02.26	10:02:00	2034.78	2034.92	2034.23	2034.28	111	0	0
2024.02.26	10:03:00	2034.30	2034.69	2034.23	2034.64	77	0	0
2024.02.26	10:04:00	2034.68	2034.79	2034.37	2034.37	68	0	0
2024.02.26	10:05:00	2034.38	2035.18	2034.38	2035.17	89	0	0
2024.02.26	10:06:00	2035.18	2035.48	2035.07	2035.38	130	0	0
2024.02.26	10:07:00	2035.39	2035.59	2035.11	2035.26	111	0	0
2024.02.26	10:08:00	2035.29	2035.43	2034.88	2034.90	146	0	0
2024.02.26	10:09:00	2034.89	2035.04	2034.78	2034.85	121	0	0
2024.02.26	10:10:00	2034.86	2034.98	2034.41	2034.77	100	0	0
2024.02.26	10:11:00	2034.78	2035.08	2034.77	2034.98	85	0	0
2024.02.26	10:12:00	2034.96	2035.23	2034.93	2035.23	62	0	0
2024.02.26	10:13:00	2035.29	2035.33	2035.07	2035.31	80	0	0
2024.02.26	10:14:00	2035.30	2035.35	2034.66	2034.86	70	0	0
2024.02.26	10:15:00	2034.83	2035.12	2034.80	2035.09	59	0	0
2024.02.26	10:16:00	2035.08	2035.39	2035.07	2035.28	76	0	0
2024.02.26	10:17:00	2035.29	2035.62	2035.27	2035.58	89	0	0
2024.02.26	10:18:00	2035.57	2035.65	2035.33	2035.48	60	0	0
2024.02.26	10:19:00	2035.49	2035.57	2035.27	2035.50	65	0	0
2024.02.26	10:20:00	2035.49	2035.52	2035.27	2035.30	39	0	0
2024.02.26	10:21:00	2035.27	2035.53	2035.24	2035.34	64	0	0
2024.02.26	10:22:00	2035.35	2035.79	2035.34	2035.69	59	0	0
2024.02.26	10:23:00	2035.71	2035.76	2035.55	2035.63	61	0	0
2024.02.26	10:24:00	2035.65	2035.93	2035.64	2035.83	70	0	0
2024.02.26	10:25:00	2035.84	2036.13	2035.80	2035.83	75	0	0
2024.02.26	10:26:00	2035.84	2036.04	2035.76	2035.88	83	0	0
2024.02.26	10:27:00	2035.87	2036.17	2035.81	2035.94	103	0	0
2024.02.26	10:28:00	2035.95	2035.95	2035.67	2035.85	63	0	0
2024.02.26	10:29:00	2035.78	2036.31	2035.72	2036.21	117	0	0
2024.02.26	10:30:00	2036.23	2036.47	2036.23	2036.35	68	0	0
2024.02.26	10:31:00	2036.34	2036.46	2036.16	2036.43	69	0	0
2024.02.26	10:32:00	2036.42	2036.77	2036.23	2036.51	120	0	0
2024.02.26	10:33:00	2036.48	2037.02	2036.45	2036.69	194	0	0
2024.02.26	10:34:00	2036.68	2036.81	2036.03	2036.13	119	0	0
2024.02.26	10:35:00	2036.14	2036.14	2035.67	2035.98	165	0	0
2024.02.26	10:36:00	2035.96	2036.16	2035.79	2036.05	121	0	0
2024.02.26	10:37:00	2036.05	2036.06	2035.45	2035.54	155	0	0
2024.02.26	10:38:00	2035.55	2035.66	2035.36	2035.38	119	0	0
2024.02.26	10:39:00	2035.39	2035.41	2035.10	2035.23	91	0	0
2024.02.26	10:40:00	2035.21	2035.23	2034.47	2034.57	99	0	0
2024.02.26	10:41:00	2034.56	2035.02	2034.48	2034.93	75	0	0
2024.02.26	10:42:00	2034.95	2035.03	2034.77	2034.82	55	0	0
2024.02.26	10:43:00	2034.84	2034.88	2034.38	2034.56	70	0	0
2024.02.26	10:44:00	2034.57	2034.74	2034.41	2034.67	83	0	0
2024.02.26	10:45:00	2034.68	2034.89	2034.54	2034.87	56	0	0
2024.02.26	10:46:00	2034.91	2035.08	2034.70	2034.97	70	0	0
2024.02.26	10:47:00	2034.97	2035.05	2034.86	2034.93	62	0	0
2024.02.26	10:48:00	2034.94	2035.41	2034.86	2035.25	78	0	0
2024.02.26	10:49:00	2035.21	2035.26	2034.92	2035.00	76	0	0
2024.02.26	10:50:00	2035.01	2035.01	2034.77	2034.99	78	0	0
2024.02.26	10:51:00	2035.00	2035.52	2035.00	2035.49	118	0	0
2024.02.26	10:52:00	2035.48	2035.79	2035.48	2035.70	102	0	0
2024.02.26	10:53:00	2035.71	2035.74	2035.13	2035.19	118	0	0
2024.02.26	10:54:00	2035.24	2035.27	2034.67	2034.82	97	0	0
2024.02.26	10:55:00	2034.83	2034.84	2033.88	2033.88	146	0	0
2024.02.26	10:56:00	2033.87	2034.22	2033.67	2033.93	181	0	0
2024.02.26	10:57:00	2033.93	2034.16	2033.71	2033.89	154	0	0
2024.02.26	10:58:00	2033.91	2034.49	2033.73	2034.07	156	0	0
2024.02.26	10:59:00	2034.10	2034.12	2033.83	2034.04	161	0	0
2024.02.26	11:00:00	2034.04	2034.04	2033.76	2034.01	145	0	0
2024.02.26	11:01:00	2033.99	2034.07	2033.77	2033.99	92	0	0
2024.02.26	11:02:00	2034.03	2034.40	2033.97	2034.37	95	0	0
2024.02.26	11:03:00	2034.36	2034.46	2034.04	2034.04	82	0	0
2024.02.26	11:04:00	2034.05	2034.27	2033.79	2033.89	89	0	0
2024.02.26	11:05:00	2033.88	2033.95	2033.61	2033.93	96	0	0
2024.02.26	11:06:00	2033.96	2034.11	2033.83	2034.00	63	0	0
2024.02.26	11:07:00	2033.98	2034.06	2033.72	2034.06	105	0	0
2024.02.26	11:08:00	2034.06	2034.19	2033.94	2033.96	73	0	0
2024.02.26	11:09:00	2033.97	2034.14	2033.68	2033.69	80	0	0
2024.02.26	11:10:00	2033.68	2033.85	2033.54	2033.73	107	0	0
2024.02.26	11:11:00	2033.74	2033.74	2033.53	2033.59	61	0	0
2024.02.26	11:12:00	2033.58	2033.88	2033.53	2033.75	118	0	0
2024.02.26	11:13:00	2033.77	2033.82	2033.60	2033.62	87	0	0
2024.02.26	11:14:00	2033.63	2033.72	2033.23	2033.29	96	0	0
2024.02.26	11:15:00	2033.27	2033.70	2033.17	2033.61	80	0	0
2024.02.26	11:16:00	2033.57	2033.77	2033.57	2033.64	64	0	0
2024.02.26	11:17:00	2033.63	2033.76	2033.44	2033.55	61	0	0
2024.02.26	11:18:00	2033.62	2033.62	2033.38	2033.45	44	0	0
2024.02.26	11:19:00	2033.44	2033.85	2033.44	2033.72	54	0	0
2024.02.26	11:20:00	2033.73	2034.06	2033.72	2033.92	71	0	0
2024.02.26	11:21:00	2033.93	2034.09	2033.91	2033.95	39	0	0
2024.02.26	11:22:00	2033.94	2034.08	2033.90	2033.98	55	0	0
2024.02.26	11:23:00	2034.00	2034.00	2033.62	2033.67	83	0	0
2024.02.26	11:24:00	2033.66	2033.66	2033.35	2033.49	75	0	0
2024.02.26	11:25:00	2033.47	2033.76	2033.46	2033.61	82	0	0
2024.02.26	11:26:00	2033.59	2033.82	2033.15	2033.20	109	0	0
2024.02.26	11:27:00	2033.19	2033.21	2032.99	2033.19	97	0	0
2024.02.26	11:28:00	2033.19	2033.23	2033.03	2033.08	90	0	0
2024.02.26	11:29:00	2033.07	2033.25	2033.01	2033.23	93	0	0
2024.02.26	11:30:00	2033.22	2033.48	2033.13	2033.30	85	0	0
2024.02.26	11:31:00	2033.31	2033.38	2032.85	2032.89	110	0	0
2024.02.26	11:32:00	2032.87	2033.16	2032.76	2033.04	89	0	0
2024.02.26	11:33:00	2033.03	2033.22	2033.00	2033.10	88	0	0
2024.02.26	11:34:00	2033.12	2033.15	2033.08	2033.14	37	0	0
2024.02.26	11:35:00	2033.13	2033.32	2033.09	2033.32	26	0	0
2024.02.26	11:36:00	2033.35	2033.41	2033.10	2033.40	61	0	0
2024.02.26	11:37:00	2033.41	2034.27	2033.39	2034.15	137	0	0
2024.02.26	11:38:00	2034.10	2034.17	2033.50	2033.53	152	0	0
2024.02.26	11:39:00	2033.52	2033.87	2033.42	2033.87	72	0	0
2024.02.26	11:40:00	2033.86	2033.86	2033.40	2033.44	96	0	0
2024.02.26	11:41:00	2033.43	2034.08	2033.43	2033.84	119	0	0
2024.02.26	11:42:00	2033.91	2034.23	2033.63	2033.63	126	0	0
2024.02.26	11:43:00	2033.64	2033.69	2033.44	2033.44	29	0	0
2024.02.26	11:44:00	2033.45	2033.58	2033.45	2033.56	30	0	0
2024.02.26	11:45:00	2033.53	2033.53	2033.12	2033.18	53	0	0
2024.02.26	11:46:00	2033.18	2033.48	2033.15	2033.43	79	0	0
2024.02.26	11:47:00	2033.43	2033.59	2033.35	2033.50	57	0	0
2024.02.26	11:48:00	2033.48	2033.53	2033.27	2033.28	63	0	0
2024.02.26	11:49:00	2033.30	2033.30	2032.70	2033.15	85	0	0
2024.02.26	11:50:00	2033.14	2033.15	2032.81	2032.95	91	0	0
2024.02.26	11:51:00	2032.94	2033.17	2032.84	2032.93	72	0	0
2024.02.26	11:52:00	2032.93	2032.98	2032.44	2032.57	91	0	0
2024.02.26	11:53:00	2032.56	2032.85	2032.44	2032.64	67	0	0
2024.02.26	11:54:00	2032.64	2032.67	2032.39	2032.40	63	0	0
2024.02.26	11:55:00	2032.39	2032.40	2032.24	2032.32	61	0	0
2024.02.26	11:56:00	2032.33	2032.52	2032.30	2032.52	46	0	0
2024.02.26	11:57:00	2032.60	2032.89	2032.58	2032.86	88	0	0
2024.02.26	11:58:00	2032.85	2032.88	2032.67	2032.77	73	0	0
2024.02.26	11:59:00	2032.75	2033.11	2032.75	2033.11	49	0	0
2024.02.26	12:00:00	2033.10	2033.24	2033.00	2033.10	89	0	0
2024.02.26	12:01:00	2033.12	2033.21	2032.98	2033.20	52	0	0
2024.02.26	12:02:00	2033.19	2033.23	2032.97	2033.02	35	0	0
2024.02.26	12:03:00	2033.03	2033.38	2033.03	2033.32	54	0	0
2024.02.26	12:04:00	2033.33	2033.95	2033.28	2033.90	75	0	0
2024.02.26	12:05:00	2033.89	2034.11	2033.84	2034.09	87	0	0
2024.02.26	12:06:00	2034.10	2034.11	2033.99	2034.04	52	0	0
2024.02.26	12:07:00	2034.03	2034.47	2033.98	2034.39	50	0	0
2024.02.26	12:08:00	2034.38	2034.44	2034.13	2034.17	71	0	0
2024.02.26	12:09:00	2034.18	2034.53	2034.18	2034.44	56	0	0
2024.02.26	12:10:00	2034.45	2034.51	2034.38	2034.44	76	0	0
2024.02.26	12:11:00	2034.45	2034.74	2034.39	2034.74	112	0	0
2024.02.26	12:12:00	2034.76	2034.93	2034.76	2034.92	71	0	0
2024.02.26	12:13:00	2034.91	2035.07	2034.91	2035.05	69	0	0
2024.02.26	12:14:00	2035.06	2035.42	2035.04	2035.38	83	0	0
2024.02.26	12:15:00	2035.40	2035.47	2035.13	2035.32	71	0	0
2024.02.26	12:16:00	2035.35	2035.36	2035.11	2035.33	67	0	0
2024.02.26	12:17:00	2035.34	2035.35	2035.08	2035.11	37	0	0
2024.02.26	12:18:00	2035.16	2035.31	2034.88	2034.90	66	0	0
2024.02.26	12:19:00	2034.89	2034.97	2034.77	2034.83	69	0	0
2024.02.26	12:20:00	2034.80	2034.83	2034.36	2034.38	85	0	0
2024.02.26	12:21:00	2034.37	2034.41	2034.27	2034.34	54	0	0
2024.02.26	12:22:00	2034.33	2034.41	2034.09	2034.09	40	0	0
2024.02.26	12:23:00	2034.08	2034.08	2033.77	2033.83	40	0	0
2024.02.26	12:24:00	2033.84	2033.89	2033.69	2033.83	51	0	0
2024.02.26	12:25:00	2033.81	2034.09	2033.80	2034.04	50	0	0
2024.02.26	12:26:00	2033.97	2034.26	2033.93	2034.25	43	0	0
2024.02.26	12:27:00	2034.22	2034.60	2034.10	2034.60	35	0	0
2024.02.26	12:28:00	2034.60	2034.82	2034.59	2034.68	49	0	0
2024.02.26	12:29:00	2034.64	2034.92	2034.63	2034.90	66	0	0
2024.02.26	12:30:00	2034.85	2035.20	2034.78	2034.94	77	0	0
2024.02.26	12:31:00	2034.93	2034.93	2033.57	2034.02	225	0	0
2024.02.26	12:32:00	2033.96	2034.72	2033.74	2034.41	270	0	0
2024.02.26	12:33:00	2034.45	2034.56	2033.76	2034.02	148	0	0
2024.02.26	12:34:00	2033.99	2034.22	2033.67	2034.09	176	0	0
2024.02.26	12:35:00	2034.09	2034.28	2033.97	2034.28	112	0	0
2024.02.26	12:36:00	2034.30	2034.39	2033.98	2034.38	103	0	0
2024.02.26	12:37:00	2034.38	2034.38	2033.97	2033.97	93	0	0
2024.02.26	12:38:00	2033.96	2033.96	2033.24	2033.28	127	0	0
2024.02.26	12:39:00	2033.27	2033.29	2033.01	2033.03	113	0	0
2024.02.26	12:40:00	2033.07	2033.37	2033.03	2033.36	74	0	0
2024.02.26	12:41:00	2033.31	2033.31	2033.04	2033.06	52	0	0
2024.02.26	12:42:00	2033.07	2033.32	2033.05	2033.25	69	0	0
2024.02.26	12:43:00	2033.23	2033.35	2033.10	2033.27	85	0	0
2024.02.26	12:44:00	2033.26	2033.28	2032.97	2033.16	72	0	0
2024.02.26	12:45:00	2033.17	2033.17	2032.69	2033.01	73	0	0
2024.02.26	12:46:00	2033.02	2033.27	2032.91	2033.26	101	0	0
2024.02.26	12:47:00	2033.23	2033.30	2032.85	2032.89	59	0	0
2024.02.26	12:48:00	2032.85	2032.91	2032.47	2032.62	68	0	0
2024.02.26	12:49:00	2032.61	2032.73	2032.48	2032.62	80	0	0
2024.02.26	12:50:00	2032.61	2032.95	2032.48	2032.92	98	0	0
2024.02.26	12:51:00	2032.91	2032.91	2032.59	2032.65	54	0	0
2024.02.26	12:52:00	2032.61	2032.75	2032.46	2032.50	58	0	0
2024.02.26	12:53:00	2032.52	2032.52	2032.00	2032.13	82	0	0
2024.02.26	12:54:00	2032.12	2032.12	2031.82	2032.04	59	0	0
2024.02.26	12:55:00	2032.03	2032.13	2031.82	2032.03	52	0	0
2024.02.26	12:56:00	2032.10	2032.14	2031.97	2032.08	57	0	0
2024.02.26	12:57:00	2032.07	2032.15	2031.93	2032.09	48	0	0
2024.02.26	12:58:00	2032.08	2032.17	2031.85	2031.86	62	0	0
2024.02.26	12:59:00	2031.75	2032.21	2031.73	2032.21	49	0	0
2024.02.26	13:00:00	2032.17	2032.17	2031.65	2031.70	91	0	0
2024.02.26	13:01:00	2031.69	2031.69	2031.34	2031.53	80	0	0
2024.02.26	13:02:00	2031.51	2031.51	2031.27	2031.45	75	0	0
2024.02.26	13:03:00	2031.44	2031.74	2031.44	2031.48	78	0	0
2024.02.26	13:04:00	2031.49	2031.73	2031.48	2031.70	70	0	0
2024.02.26	13:05:00	2031.66	2031.91	2031.15	2031.29	90	0	0
2024.02.26	13:06:00	2031.28	2031.30	2030.95	2031.22	88	0	0
2024.02.26	13:07:00	2031.24	2031.81	2031.20	2031.67	89	0	0
2024.02.26	13:08:00	2031.66	2031.89	2031.66	2031.89	79	0	0
2024.02.26	13:09:00	2031.87	2032.09	2031.79	2032.09	67	0	0
2024.02.26	13:10:00	2032.08	2032.55	2032.04	2032.47	72	0	0
2024.02.26	13:11:00	2032.51	2032.57	2032.23	2032.47	98	0	0
2024.02.26	13:12:00	2032.34	2032.71	2032.25	2032.57	91	0	0
2024.02.26	13:13:00	2032.56	2032.67	2032.48	2032.60	57	0	0
2024.02.26	13:14:00	2032.59	2032.65	2032.44	2032.54	67	0	0
2024.02.26	13:15:00	2032.55	2032.55	2032.11	2032.18	66	0	0
2024.02.26	13:16:00	2032.13	2032.31	2032.12	2032.20	54	0	0
2024.02.26	13:17:00	2032.19	2032.28	2031.98	2032.06	71	0	0
2024.02.26	13:18:00	2032.09	2032.20	2031.94	2032.17	45	0	0
2024.02.26	13:19:00	2032.16	2032.28	2031.95	2032.02	78	0	0
2024.02.26	13:20:00	2032.03	2032.31	2032.01	2032.15	94	0	0
2024.02.26	13:21:00	2032.17	2032.92	2032.17	2032.80	140	0	0
2024.02.26	13:22:00	2032.80	2032.83	2032.38	2032.70	182	0	0
2024.02.26	13:23:00	2032.71	2032.80	2032.24	2032.24	131	0	0
2024.02.26	13:24:00	2032.24	2032.40	2032.21	2032.23	90	0	0
2024.02.26	13:25:00	2032.24	2032.39	2032.23	2032.30	92	0	0
2024.02.26	13:26:00	2032.27	2032.43	2032.14	2032.28	63	0	0
2024.02.26	13:27:00	2032.26	2032.29	2032.04	2032.22	79	0	0
2024.02.26	13:28:00	2032.20	2032.40	2032.20	2032.34	79	0	0
2024.02.26	13:29:00	2032.40	2032.75	2032.40	2032.57	91	0	0
2024.02.26	13:30:00	2032.58	2032.59	2032.27	2032.50	74	0	0
2024.02.26	13:31:00	2032.51	2032.59	2032.12	2032.24	88	0	0
2024.02.26	13:32:00	2032.25	2032.32	2032.00	2032.28	63	0	0
2024.02.26	13:33:00	2032.30	2032.42	2032.24	2032.39	70	0	0
2024.02.26	13:34:00	2032.41	2032.64	2032.23	2032.31	79	0	0
2024.02.26	13:35:00	2032.31	2032.36	2032.20	2032.24	49	0	0
2024.02.26	13:36:00	2032.26	2032.39	2032.21	2032.24	52	0	0
2024.02.26	13:37:00	2032.28	2032.99	2032.24	2032.67	91	0	0
2024.02.26	13:38:00	2032.68	2032.68	2032.30	2032.39	95	0	0
2024.02.26	13:39:00	2032.38	2032.39	2032.19	2032.19	45	0	0
2024.02.26	13:40:00	2032.20	2032.44	2032.19	2032.42	55	0	0
2024.02.26	13:41:00	2032.41	2032.42	2032.22	2032.29	46	0	0
2024.02.26	13:42:00	2032.32	2032.38	2032.17	2032.18	75	0	0
2024.02.26	13:43:00	2032.17	2032.18	2031.70	2031.74	75	0	0
2024.02.26	13:44:00	2031.76	2031.79	2031.68	2031.78	66	0	0
2024.02.26	13:45:00	2031.79	2031.79	2031.17	2031.46	150	0	0
2024.02.26	13:46:00	2031.44	2031.73	2031.18	2031.63	144	0	0
2024.02.26	13:47:00	2031.62	2031.99	2031.56	2031.58	98	0	0
2024.02.26	13:48:00	2031.59	2031.65	2031.45	2031.53	98	0	0
2024.02.26	13:49:00	2031.55	2031.73	2031.47	2031.69	81	0	0
2024.02.26	13:50:00	2031.71	2031.71	2031.24	2031.28	105	0	0
2024.02.26	13:51:00	2031.31	2031.34	2031.19	2031.22	74	0	0
2024.02.26	13:52:00	2031.23	2031.39	2031.16	2031.22	51	0	0
2024.02.26	13:53:00	2031.22	2031.27	2030.94	2031.18	86	0	0
2024.02.26	13:54:00	2031.19	2031.34	2031.18	2031.22	74	0	0
2024.02.26	13:55:00	2031.21	2031.59	2031.21	2031.58	65	0	0
2024.02.26	13:56:00	2031.56	2031.63	2031.27	2031.33	89	0	0
2024.02.26	13:57:00	2031.31	2031.43	2031.14	2031.24	62	0	0
2024.02.26	13:58:00	2031.23	2031.29	2031.15	2031.21	32	0	0
2024.02.26	13:59:00	2031.20	2031.20	2030.89	2030.94	36	0	0
2024.02.26	14:00:00	2030.99	2031.59	2030.77	2031.51	157	0	0
2024.02.26	14:01:00	2031.50	2031.83	2031.48	2031.75	99	0	0
2024.02.26	14:02:00	2031.71	2031.76	2031.51	2031.67	92	0	0
2024.02.26	14:03:00	2031.68	2031.86	2031.53	2031.54	76	0	0
2024.02.26	14:04:00	2031.55	2031.66	2031.45	2031.64	53	0	0
2024.02.26	14:05:00	2031.65	2031.69	2031.41	2031.63	63	0	0
2024.02.26	14:06:00	2031.61	2031.81	2031.51	2031.71	67	0	0
2024.02.26	14:07:00	2031.73	2031.73	2031.25	2031.30	83	0	0
2024.02.26	14:08:00	2031.29	2031.46	2031.22	2031.37	55	0	0
2024.02.26	14:09:00	2031.36	2031.37	2030.92	2031.03	94	0	0
2024.02.26	14:10:00	2031.06	2031.24	2031.01	2031.16	103	0	0
2024.02.26	14:11:00	2031.17	2031.46	2031.17	2031.37	77	0	0
2024.02.26	14:12:00	2031.37	2031.67	2031.37	2031.62	69	0	0
2024.02.26	14:13:00	2031.64	2031.84	2031.63	2031.64	67	0	0
2024.02.26	14:14:00	2031.63	2031.78	2031.58	2031.74	36	0	0
2024.02.26	14:15:00	2031.76	2032.07	2031.49	2031.55	75	0	0
2024.02.26	14:16:00	2031.54	2031.64	2031.27	2031.61	143	0	0
2024.02.26	14:17:00	2031.57	2031.63	2031.24	2031.58	143	0	0
2024.02.26	14:18:00	2031.59	2032.39	2031.58	2032.39	140	0	0
2024.02.26	14:19:00	2032.35	2032.63	2032.19	2032.43	107	0	0
2024.02.26	14:20:00	2032.44	2032.60	2032.32	2032.50	68	0	0
2024.02.26	14:21:00	2032.51	2032.81	2032.50	2032.76	83	0	0
2024.02.26	14:22:00	2032.73	2032.79	2032.21	2032.33	85	0	0
2024.02.26	14:23:00	2032.32	2032.39	2032.21	2032.39	51	0	0
2024.02.26	14:24:00	2032.40	2032.69	2032.39	2032.63	88	0	0
2024.02.26	14:25:00	2032.63	2032.88	2032.58	2032.88	100	0	0
2024.02.26	14:26:00	2032.91	2033.15	2032.90	2033.06	69	0	0
2024.02.26	14:27:00	2033.09	2033.10	2032.86	2032.90	77	0	0
2024.02.26	14:28:00	2032.89	2033.01	2032.77	2032.81	67	0	0
2024.02.26	14:29:00	2032.85	2033.10	2032.84	2033.10	78	0	0
2024.02.26	14:30:00	2033.12	2033.14	2032.57	2032.66	96	0	0
2024.02.26	14:31:00	2032.67	2032.83	2032.57	2032.79	104	0	0
2024.02.26	14:32:00	2032.78	2032.89	2032.64	2032.75	80	0	0
2024.02.26	14:33:00	2032.76	2033.24	2032.76	2033.18	93	0	0
2024.02.26	14:34:00	2033.19	2033.28	2032.69	2032.81	115	0	0
2024.02.26	14:35:00	2032.84	2033.00	2032.78	2033.00	85	0	0
2024.02.26	14:36:00	2033.01	2033.15	2032.89	2032.99	70	0	0
2024.02.26	14:37:00	2033.00	2033.13	2032.92	2033.12	54	0	0
2024.02.26	14:38:00	2033.14	2033.27	2033.07	2033.09	34	0	0
2024.02.26	14:39:00	2033.06	2033.06	2032.83	2032.88	65	0	0
2024.02.26	14:40:00	2032.83	2033.03	2032.79	2032.91	64	0	0
2024.02.26	14:41:00	2032.92	2033.08	2032.87	2032.96	33	0	0
2024.02.26	14:42:00	2032.91	2032.91	2032.81	2032.91	42	0	0
2024.02.26	14:43:00	2032.90	2033.19	2032.86	2033.17	71	0	0
2024.02.26	14:44:00	2033.17	2033.27	2033.12	2033.15	89	0	0
2024.02.26	14:45:00	2033.09	2033.61	2033.08	2033.60	70	0	0
2024.02.26	14:46:00	2033.63	2034.08	2033.62	2034.07	138	0	0
2024.02.26	14:47:00	2034.07	2034.10	2033.60	2033.69	131	0	0
2024.02.26	14:48:00	2033.69	2034.08	2033.66	2033.96	125	0	0
2024.02.26	14:49:00	2033.98	2034.16	2033.37	2033.59	112	0	0
2024.02.26	14:50:00	2033.60	2033.76	2033.52	2033.53	97	0	0
2024.02.26	14:51:00	2033.52	2033.63	2033.37	2033.53	98	0	0
2024.02.26	14:52:00	2033.59	2033.66	2033.27	2033.38	88	0	0
2024.02.26	14:53:00	2033.37	2033.62	2033.34	2033.51	116	0	0
2024.02.26	14:54:00	2033.52	2033.52	2033.23	2033.33	45	0	0
2024.02.26	14:55:00	2033.32	2033.45	2033.09	2033.12	100	0	0
2024.02.26	14:56:00	2033.15	2033.49	2032.96	2033.20	109	0	0
2024.02.26	14:57:00	2033.16	2033.16	2032.70	2032.74	132	0	0
2024.02.26	14:58:00	2032.72	2032.85	2032.62	2032.83	135	0	0
2024.02.26	14:59:00	2032.83	2032.98	2032.66	2032.89	116	0	0
2024.02.26	15:00:00	2032.83	2032.95	2032.63	2032.91	227	0	0
2024.02.26	15:01:00	2032.90	2032.96	2032.58	2032.59	170	0	0
2024.02.26	15:02:00	2032.54	2032.89	2032.48	2032.66	131	0	0
2024.02.26	15:03:00	2032.65	2032.78	2031.97	2032.35	175	0	0
2024.02.26	15:04:00	2032.37	2032.44	2032.08	2032.41	167	0	0
2024.02.26	15:05:00	2032.42	2033.43	2032.36	2033.23	205	0	0
2024.02.26	15:06:00	2033.24	2033.42	2032.95	2033.14	253	0	0
2024.02.26	15:07:00	2033.14	2033.16	2032.67	2033.11	169	0	0
2024.02.26	15:08:00	2033.10	2033.67	2033.09	2033.28	179	0	0
2024.02.26	15:09:00	2033.30	2033.34	2032.90	2033.25	155	0	0
2024.02.26	15:10:00	2033.26	2033.35	2033.14	2033.33	155	0	0
2024.02.26	15:11:00	2033.29	2033.29	2032.82	2033.03	130	0	0
2024.02.26	15:12:00	2033.02	2033.10	2032.78	2033.05	117	0	0
2024.02.26	15:13:00	2033.02	2033.18	2032.88	2032.92	85	0	0
2024.02.26	15:14:00	2032.90	2033.09	2032.87	2032.93	111	0	0
2024.02.26	15:15:00	2032.95	2032.99	2032.44	2032.67	102	0	0
2024.02.26	15:16:00	2032.68	2032.78	2032.47	2032.47	130	0	0
2024.02.26	15:17:00	2032.48	2032.69	2032.29	2032.39	124	0	0
2024.02.26	15:18:00	2032.38	2032.54	2032.12	2032.27	99	0	0
2024.02.26	15:19:00	2032.30	2032.74	2032.30	2032.59	171	0	0
2024.02.26	15:20:00	2032.61	2032.61	2031.70	2032.13	184	0	0
2024.02.26	15:21:00	2032.12	2032.33	2031.83	2032.15	164	0	0
2024.02.26	15:22:00	2032.05	2032.24	2031.90	2032.10	143	0	0
2024.02.26	15:23:00	2032.15	2032.60	2032.13	2032.50	149	0	0
2024.02.26	15:24:00	2032.40	2032.44	2032.03	2032.23	151	0	0
2024.02.26	15:25:00	2032.26	2032.50	2031.93	2032.38	104	0	0
2024.02.26	15:26:00	2032.39	2032.69	2032.17	2032.19	126	0	0
2024.02.26	15:27:00	2032.17	2032.24	2031.96	2032.12	126	0	0
2024.02.26	15:28:00	2032.13	2032.32	2031.69	2032.29	142	0	0
2024.02.26	15:29:00	2032.28	2032.42	2032.07	2032.22	108	0	0
2024.02.26	15:30:00	2032.23	2032.79	2032.08	2032.78	144	0	0
2024.02.26	15:31:00	2032.82	2033.73	2032.79	2033.46	135	0	0
2024.02.26	15:32:00	2033.44	2034.02	2033.42	2034.02	101	0	0
2024.02.26	15:33:00	2034.07	2034.20	2033.63	2033.70	114	0	0
2024.02.26	15:34:00	2033.71	2033.92	2033.50	2033.68	96	0	0
2024.02.26	15:35:00	2033.65	2034.30	2033.65	2034.19	91	0	0
2024.02.26	15:36:00	2034.18	2034.50	2034.12	2034.37	88	0	0
2024.02.26	15:37:00	2034.35	2034.36	2033.58	2033.99	94	0	0
2024.02.26	15:38:00	2034.04	2034.16	2033.59	2033.76	131	0	0
2024.02.26	15:39:00	2033.77	2034.11	2033.76	2034.09	129	0	0
2024.02.26	15:40:00	2034.04	2034.34	2033.94	2034.07	119	0	0
2024.02.26	15:41:00	2034.04	2034.06	2033.74	2034.00	101	0	0
2024.02.26	15:42:00	2033.99	2034.30	2033.88	2033.92	122	0	0
2024.02.26	15:43:00	2033.85	2034.35	2033.83	2034.13	96	0	0
2024.02.26	15:44:00	2034.15	2034.35	2033.93	2034.11	118	0	0
2024.02.26	15:45:00	2034.12	2034.15	2033.84	2033.84	153	0	0
2024.02.26	15:46:00	2033.84	2034.10	2033.76	2033.94	104	0	0
2024.02.26	15:47:00	2033.96	2034.18	2033.91	2034.18	128	0	0
2024.02.26	15:48:00	2034.19	2034.22	2033.85	2033.92	108	0	0
2024.02.26	15:49:00	2033.91	2033.95	2033.64	2033.84	124	0	0
2024.02.26	15:50:00	2033.86	2033.94	2033.59	2033.87	95	0	0
2024.02.26	15:51:00	2033.86	2033.87	2033.14	2033.16	107	0	0
2024.02.26	15:52:00	2033.18	2033.28	2032.96	2033.03	79	0	0
2024.02.26	15:53:00	2033.02	2033.37	2032.85	2033.30	95	0	0
2024.02.26	15:54:00	2033.34	2033.43	2032.77	2033.06	136	0	0
2024.02.26	15:55:00	2033.05	2033.09	2032.83	2032.95	126	0	0
2024.02.26	15:56:00	2032.96	2032.96	2032.18	2032.34	215	0	0
2024.02.26	15:57:00	2032.35	2032.56	2032.12	2032.23	148	0	0
2024.02.26	15:58:00	2032.28	2032.94	2032.20	2032.94	104	0	0
2024.02.26	15:59:00	2032.95	2032.95	2032.47	2032.64	63	0	0
2024.02.26	16:00:00	2032.63	2032.78	2032.20	2032.28	98	0	0
2024.02.26	16:01:00	2032.29	2032.91	2032.18	2032.76	101	0	0
2024.02.26	16:02:00	2032.77	2032.80	2032.45	2032.51	136	0	0
2024.02.26	16:03:00	2032.52	2032.55	2031.88	2032.09	96	0	0
2024.02.26	16:04:00	2032.07	2032.20	2031.91	2032.05	93	0	0
2024.02.26	16:05:00	2032.08	2032.27	2031.80	2031.89	177	0	0
2024.02.26	16:06:00	2031.90	2032.07	2031.66	2032.07	137	0	0
2024.02.26	16:07:00	2032.08	2032.29	2031.71	2031.81	176	0	0
2024.02.26	16:08:00	2031.84	2031.85	2030.89	2031.18	171	0	0
2024.02.26	16:09:00	2031.16	2031.27	2030.89	2031.13	156	0	0
2024.02.26	16:10:00	2031.14	2031.63	2031.13	2031.37	128	0	0
2024.02.26	16:11:00	2031.38	2031.51	2030.91	2030.97	125	0	0
2024.02.26	16:12:00	2030.98	2030.99	2030.25	2030.30	146	0	0
2024.02.26	16:13:00	2030.31	2030.41	2029.11	2029.30	231	0	0
2024.02.26	16:14:00	2029.26	2029.26	2027.74	2028.40	283	0	0
2024.02.26	16:15:00	2028.38	2029.35	2028.28	2029.00	227	0	0
2024.02.26	16:16:00	2029.00	2029.36	2028.60	2029.36	168	0	0
2024.02.26	16:17:00	2029.34	2029.86	2029.26	2029.65	161	0	0
2024.02.26	16:18:00	2029.64	2029.64	2029.27	2029.27	120	0	0
2024.02.26	16:19:00	2029.26	2029.58	2029.08	2029.37	137	0	0
2024.02.26	16:20:00	2029.42	2029.57	2028.89	2029.37	137	0	0
2024.02.26	16:21:00	2029.34	2029.48	2028.95	2029.01	167	0	0
2024.02.26	16:22:00	2028.98	2029.37	2028.94	2029.21	65	0	0
2024.02.26	16:23:00	2029.18	2029.44	2028.93	2029.24	75	0	0
2024.02.26	16:24:00	2029.23	2029.64	2029.19	2029.63	105	0	0
2024.02.26	16:25:00	2029.64	2029.94	2029.48	2029.53	104	0	0
2024.02.26	16:26:00	2029.50	2029.50	2028.86	2028.96	144	0	0
2024.02.26	16:27:00	2028.95	2028.96	2028.69	2028.82	93	0	0
2024.02.26	16:28:00	2028.80	2028.80	2028.13	2028.19	150	0	0
2024.02.26	16:29:00	2028.18	2028.18	2027.22	2027.97	192	0	0
2024.02.26	16:30:00	2027.99	2027.99	2026.56	2026.72	271	0	0
2024.02.26	16:31:00	2026.78	2026.85	2025.60	2026.65	271	0	0
2024.02.26	16:32:00	2026.59	2027.42	2026.08	2027.31	291	0	0
2024.02.26	16:33:00	2027.27	2027.34	2026.49	2027.19	232	0	0
2024.02.26	16:34:00	2027.20	2027.43	2027.02	2027.32	202	0	0
2024.02.26	16:35:00	2027.31	2027.31	2026.73	2027.00	226	0	0
2024.02.26	16:36:00	2026.99	2027.42	2026.83	2027.02	191	0	0
2024.02.26	16:37:00	2027.05	2027.46	2027.04	2027.22	154	0	0
2024.02.26	16:38:00	2027.20	2027.47	2026.80	2027.38	170	0	0
2024.02.26	16:39:00	2027.37	2028.01	2027.09	2027.97	239	0	0
2024.02.26	16:40:00	2027.98	2027.98	2026.73	2026.77	222	0	0
2024.02.26	16:41:00	2026.76	2027.13	2026.68	2026.94	196	0	0
2024.02.26	16:42:00	2026.94	2027.00	2026.62	2026.62	189	0	0
2024.02.26	16:43:00	2026.61	2027.00	2026.54	2027.00	162	0	0
2024.02.26	16:44:00	2027.01	2028.18	2026.97	2028.18	194	0	0
2024.02.26	16:45:00	2028.17	2028.17	2027.17	2027.69	199	0	0
2024.02.26	16:46:00	2027.68	2029.17	2027.67	2028.53	287	0	0
2024.02.26	16:47:00	2028.48	2028.48	2027.94	2028.41	186	0	0
2024.02.26	16:48:00	2028.47	2028.78	2028.47	2028.71	223	0	0
2024.02.26	16:49:00	2028.65	2028.65	2028.03	2028.51	183	0	0
2024.02.26	16:50:00	2028.48	2028.87	2027.95	2027.99	178	0	0
2024.02.26	16:51:00	2028.02	2028.83	2028.02	2028.47	167	0	0
2024.02.26	16:52:00	2028.49	2028.51	2027.86	2028.22	180	0	0
2024.02.26	16:53:00	2028.19	2028.19	2027.69	2027.99	141	0	0
2024.02.26	16:54:00	2027.94	2028.11	2027.73	2027.93	112	0	0
2024.02.26	16:55:00	2027.91	2027.96	2027.49	2027.77	118	0	0
2024.02.26	16:56:00	2027.75	2027.79	2027.38	2027.41	75	0	0
2024.02.26	16:57:00	2027.39	2027.72	2027.34	2027.40	99	0	0
2024.02.26	16:58:00	2027.39	2027.69	2027.32	2027.49	118	0	0
2024.02.26	16:59:00	2027.50	2027.81	2027.48	2027.57	109	0	0
2024.02.26	17:00:00	2027.55	2028.28	2027.32	2027.52	261	0	0
2024.02.26	17:01:00	2027.51	2028.34	2027.23	2028.34	271	0	0
2024.02.26	17:02:00	2028.34	2028.60	2028.09	2028.58	199	0	0
2024.02.26	17:03:00	2028.59	2028.68	2027.38	2027.58	212	0	0
2024.02.26	17:04:00	2027.57	2028.14	2027.47	2028.11	211	0	0
2024.02.26	17:05:00	2028.09	2028.48	2028.03	2028.22	195	0	0
2024.02.26	17:06:00	2028.23	2028.28	2027.23	2027.28	225	0	0
2024.02.26	17:07:00	2027.27	2027.27	2026.62	2026.74	190	0	0
2024.02.26	17:08:00	2026.73	2027.24	2026.54	2027.15	146	0	0
2024.02.26	17:09:00	2027.08	2027.80	2027.03	2027.21	170	0	0
2024.02.26	17:10:00	2027.19	2027.33	2026.93	2027.19	192	0	0
2024.02.26	17:11:00	2027.17	2027.17	2026.64	2026.89	152	0	0
2024.02.26	17:12:00	2026.90	2027.08	2026.39	2026.55	159	0	0
2024.02.26	17:13:00	2026.54	2027.10	2026.29	2027.10	170	0	0
2024.02.26	17:14:00	2027.09	2027.09	2026.46	2026.50	152	0	0
2024.02.26	17:15:00	2026.48	2026.48	2026.03	2026.24	137	0	0
2024.02.26	17:16:00	2026.27	2026.61	2026.24	2026.43	155	0	0
2024.02.26	17:17:00	2026.43	2026.45	2025.90	2025.99	108	0	0
2024.02.26	17:18:00	2025.98	2026.03	2025.74	2025.92	181	0	0
2024.02.26	17:19:00	2025.88	2025.93	2025.56	2025.70	151	0	0
2024.02.26	17:20:00	2025.69	2026.84	2025.62	2026.79	178	0	0
2024.02.26	17:21:00	2026.78	2027.19	2026.78	2027.16	152	0	0
2024.02.26	17:22:00	2027.14	2027.14	2026.61	2026.99	163	0	0
2024.02.26	17:23:00	2026.91	2026.91	2026.52	2026.59	152	0	0
2024.02.26	17:24:00	2026.56	2026.76	2026.54	2026.67	117	0	0
2024.02.26	17:25:00	2026.69	2026.75	2026.55	2026.74	101	0	0
2024.02.26	17:26:00	2026.73	2026.85	2026.15	2026.15	119	0	0
2024.02.26	17:27:00	2026.14	2026.58	2026.05	2026.12	116	0	0
2024.02.26	17:28:00	2026.13	2026.47	2026.09	2026.40	125	0	0
2024.02.26	17:29:00	2026.41	2026.83	2026.30	2026.83	95	0	0
2024.02.26	17:30:00	2026.87	2026.96	2026.34	2026.34	119	0	0
2024.02.26	17:31:00	2026.33	2026.59	2026.19	2026.32	126	0	0
2024.02.26	17:32:00	2026.31	2026.33	2025.93	2026.14	98	0	0
2024.02.26	17:33:00	2026.13	2026.33	2025.68	2025.82	143	0	0
2024.02.26	17:34:00	2025.80	2025.88	2025.49	2025.52	121	0	0
2024.02.26	17:35:00	2025.49	2025.96	2025.07	2025.85	141	0	0
2024.02.26	17:36:00	2025.84	2026.32	2025.67	2026.14	147	0	0
2024.02.26	17:37:00	2026.13	2026.91	2026.13	2026.71	146	0	0
2024.02.26	17:38:00	2026.73	2027.11	2026.68	2027.09	99	0	0
2024.02.26	17:39:00	2027.10	2027.33	2026.73	2026.75	95	0	0
2024.02.26	17:40:00	2026.79	2027.76	2026.72	2027.64	152	0	0
2024.02.26	17:41:00	2027.65	2028.29	2027.53	2027.92	125	0	0
2024.02.26	17:42:00	2027.89	2028.25	2027.50	2028.19	117	0	0
2024.02.26	17:43:00	2028.23	2028.41	2027.97	2028.37	94	0	0
2024.02.26	17:44:00	2028.38	2028.49	2028.22	2028.42	121	0	0
2024.02.26	17:45:00	2028.38	2028.41	2027.74	2027.74	94	0	0
2024.02.26	17:46:00	2027.70	2027.85	2027.54	2027.83	87	0	0
2024.02.26	17:47:00	2027.88	2028.12	2027.88	2028.04	75	0	0
2024.02.26	17:48:00	2028.07	2028.39	2028.00	2028.32	71	0	0
2024.02.26	17:49:00	2028.25	2028.30	2028.06	2028.15	51	0	0
2024.02.26	17:50:00	2028.14	2028.41	2028.03	2028.40	96	0	0
2024.02.26	17:51:00	2028.50	2028.71	2028.44	2028.61	70	0	0
2024.02.26	17:52:00	2028.62	2029.00	2028.53	2028.91	98	0	0
2024.02.26	17:53:00	2028.95	2029.24	2028.91	2029.22	105	0	0
2024.02.26	17:54:00	2029.23	2030.15	2029.21	2029.36	159	0	0
2024.02.26	17:55:00	2029.37	2029.37	2028.29	2029.32	201	0	0
2024.02.26	17:56:00	2029.36	2029.42	2029.11	2029.19	112	0	0
2024.02.26	17:57:00	2029.16	2029.42	2028.98	2029.28	99	0	0
2024.02.26	17:58:00	2029.32	2029.36	2028.99	2029.10	65	0	0
2024.02.26	17:59:00	2029.12	2029.36	2029.02	2029.20	94	0	0
2024.02.26	18:00:00	2029.21	2029.47	2028.79	2029.16	129	0	0
2024.02.26	18:01:00	2029.24	2029.44	2028.96	2028.96	114	0	0
2024.02.26	18:02:00	2028.88	2029.08	2028.51	2029.04	118	0	0
2024.02.26	18:03:00	2029.03	2029.19	2028.43	2028.47	156	0	0
2024.02.26	18:04:00	2028.53	2028.64	2028.03	2028.25	155	0	0
2024.02.26	18:05:00	2028.25	2028.66	2028.01	2028.01	126	0	0
2024.02.26	18:06:00	2028.00	2028.69	2027.97	2028.64	125	0	0
2024.02.26	18:07:00	2028.58	2028.61	2028.42	2028.47	84	0	0
2024.02.26	18:08:00	2028.46	2028.60	2027.97	2027.98	91	0	0
2024.02.26	18:09:00	2027.94	2028.04	2027.64	2027.65	85	0	0
2024.02.26	18:10:00	2027.64	2027.64	2027.12	2027.20	136	0	0
2024.02.26	18:11:00	2027.18	2027.18	2026.89	2027.14	107	0	0
2024.02.26	18:12:00	2027.13	2027.13	2026.79	2026.82	106	0	0
2024.02.26	18:13:00	2026.80	2027.51	2026.61	2027.39	107	0	0
2024.02.26	18:14:00	2027.45	2027.52	2027.21	2027.41	175	0	0
2024.02.26	18:15:00	2027.42	2027.90	2027.30	2027.82	98	0	0
2024.02.26	18:16:00	2027.79	2027.84	2027.31	2027.75	156	0	0
2024.02.26	18:17:00	2027.79	2028.35	2027.74	2028.19	130	0	0
2024.02.26	18:18:00	2028.21	2028.33	2027.54	2027.55	138	0	0
2024.02.26	18:19:00	2027.54	2027.60	2027.07	2027.28	142	0	0
2024.02.26	18:20:00	2027.28	2027.48	2026.88	2027.08	100	0	0
2024.02.26	18:21:00	2027.08	2027.31	2026.97	2027.25	98	0	0
2024.02.26	18:22:00	2027.24	2027.28	2026.69	2026.97	151	0	0
2024.02.26	18:23:00	2026.96	2027.59	2026.92	2027.43	126	0	0
2024.02.26	18:24:00	2027.44	2027.53	2027.33	2027.42	73	0	0
2024.02.26	18:25:00	2027.39	2027.52	2026.92	2026.95	111	0	0
2024.02.26	18:26:00	2026.97	2027.18	2026.82	2026.90	104	0	0
2024.02.26	18:27:00	2026.84	2027.23	2026.73	2027.23	113	0	0
2024.02.26	18:28:00	2027.24	2027.41	2027.19	2027.29	72	0	0
2024.02.26	18:29:00	2027.31	2027.60	2027.31	2027.51	101	0	0
2024.02.26	18:30:00	2027.52	2027.94	2027.50	2027.60	150	0	0
2024.02.26	18:31:00	2027.53	2027.83	2027.43	2027.53	119	0	0
2024.02.26	18:32:00	2027.52	2027.54	2027.22	2027.42	141	0	0
2024.02.26	18:33:00	2027.43	2027.76	2027.43	2027.58	77	0	0
2024.02.26	18:34:00	2027.56	2027.73	2027.46	2027.54	74	0	0
2024.02.26	18:35:00	2027.53	2027.64	2027.01	2027.01	62	0	0
2024.02.26	18:36:00	2027.01	2028.23	2027.00	2028.21	139	0	0
2024.02.26	18:37:00	2028.26	2028.34	2027.79	2028.20	123	0	0
2024.02.26	18:38:00	2028.17	2028.27	2027.92	2028.23	122	0	0
2024.02.26	18:39:00	2028.23	2028.26	2027.69	2027.72	101	0	0
2024.02.26	18:40:00	2027.68	2027.70	2027.38	2027.49	84	0	0
2024.02.26	18:41:00	2027.47	2027.72	2027.42	2027.52	78	0	0
2024.02.26	18:42:00	2027.47	2027.63	2027.33	2027.43	81	0	0
2024.02.26	18:43:00	2027.39	2027.39	2026.74	2026.83	90	0	0
2024.02.26	18:44:00	2026.82	2027.11	2026.68	2026.93	95	0	0
2024.02.26	18:45:00	2026.93	2027.31	2026.76	2027.22	83	0	0
2024.02.26	18:46:00	2027.20	2027.35	2027.13	2027.25	77	0	0
2024.02.26	18:47:00	2027.24	2027.24	2026.83	2027.04	89	0	0
2024.02.26	18:48:00	2026.99	2027.35	2026.92	2027.35	82	0	0
2024.02.26	18:49:00	2027.36	2027.75	2027.25	2027.75	85	0	0
2024.02.26	18:50:00	2027.74	2027.83	2027.54	2027.75	71	0	0
2024.02.26	18:51:00	2027.78	2028.32	2027.78	2028.32	61	0	0
2024.02.26	18:52:00	2028.29	2028.31	2027.84	2027.94	77	0	0
2024.02.26	18:53:00	2027.95	2028.43	2027.95	2028.34	63	0	0
2024.02.26	18:54:00	2028.38	2028.40	2028.13	2028.25	83	0	0
2024.02.26	18:55:00	2028.24	2028.26	2027.87	2027.93	59	0	0
2024.02.26	18:56:00	2027.86	2027.86	2027.53	2027.73	42	0	0
2024.02.26	18:57:00	2027.72	2027.78	2027.61	2027.65	38	0	0
2024.02.26	18:58:00	2027.66	2027.70	2027.49	2027.58	67	0	0
2024.02.26	18:59:00	2027.57	2027.81	2027.49	2027.81	53	0	0
2024.02.26	19:00:00	2027.83	2027.97	2027.75	2027.83	65	0	0
2024.02.26	19:01:00	2027.85	2027.97	2027.37	2027.37	81	0	0
2024.02.26	19:02:00	2027.38	2027.45	2027.10	2027.18	49	0	0
2024.02.26	19:03:00	2027.16	2027.19	2026.94	2027.04	40	0	0
2024.02.26	19:04:00	2027.05	2027.05	2026.59	2026.65	86	0	0
2024.02.26	19:05:00	2026.64	2026.94	2026.57	2026.85	88	0	0
2024.02.26	19:06:00	2026.87	2027.09	2026.85	2026.99	50	0	0
2024.02.26	19:07:00	2027.04	2027.08	2026.86	2026.95	35	0	0
2024.02.26	19:08:00	2026.94	2027.01	2026.85	2026.94	41	0	0
2024.02.26	19:09:00	2026.90	2027.17	2026.84	2027.15	66	0	0
2024.02.26	19:10:00	2027.18	2027.24	2026.86	2026.86	24	0	0
2024.02.26	19:11:00	2026.84	2027.04	2026.79	2027.04	35	0	0
2024.02.26	19:12:00	2027.02	2027.02	2026.57	2026.58	28	0	0
2024.02.26	19:13:00	2026.56	2026.77	2026.52	2026.75	40	0	0
2024.02.26	19:14:00	2026.69	2026.87	2026.68	2026.87	25	0	0
2024.02.26	19:15:00	2026.85	2026.95	2026.69	2026.95	20	0	0
2024.02.26	19:16:00	2027.00	2027.29	2027.00	2027.25	31	0	0
2024.02.26	19:17:00	2027.27	2027.60	2027.17	2027.56	48	0	0
2024.02.26	19:18:00	2027.55	2027.82	2027.35	2027.35	55	0	0
2024.02.26	19:19:00	2027.36	2027.64	2027.17	2027.40	54	0	0
2024.02.26	19:20:00	2027.42	2027.54	2027.24	2027.31	79	0	0
2024.02.26	19:21:00	2027.32	2027.59	2027.30	2027.40	55	0	0
2024.02.26	19:22:00	2027.33	2027.71	2027.27	2027.61	50	0	0
2024.02.26	19:23:00	2027.64	2027.89	2027.60	2027.85	52	0	0
2024.02.26	19:24:00	2027.87	2028.01	2027.79	2027.91	45	0	0
2024.02.26	19:25:00	2027.93	2028.00	2027.79	2027.89	69	0	0
2024.02.26	19:26:00	2027.87	2028.10	2027.83	2027.94	47	0	0
2024.02.26	19:27:00	2027.90	2027.99	2027.89	2027.90	30	0	0
2024.02.26	19:28:00	2027.98	2028.04	2027.85	2027.99	43	0	0
2024.02.26	19:29:00	2027.98	2028.27	2027.89	2028.18	55	0	0
2024.02.26	19:30:00	2028.17	2028.17	2027.82	2027.86	50	0	0
2024.02.26	19:31:00	2027.84	2027.84	2027.60	2027.61	37	0	0
2024.02.26	19:32:00	2027.54	2027.68	2027.35	2027.44	68	0	0
2024.02.26	19:33:00	2027.42	2027.42	2027.15	2027.20	53	0	0
2024.02.26	19:34:00	2027.19	2027.24	2026.99	2027.19	45	0	0
2024.02.26	19:35:00	2027.20	2027.34	2027.09	2027.09	61	0	0
2024.02.26	19:36:00	2027.08	2027.28	2026.99	2027.28	43	0	0
2024.02.26	19:37:00	2027.20	2027.54	2027.19	2027.47	55	0	0
2024.02.26	19:38:00	2027.43	2027.43	2027.28	2027.40	19	0	0
2024.02.26	19:39:00	2027.42	2027.42	2027.17	2027.38	45	0	0
2024.02.26	19:40:00	2027.33	2027.39	2027.16	2027.35	42	0	0
2024.02.26	19:41:00	2027.29	2027.69	2027.27	2027.69	41	0	0
2024.02.26	19:42:00	2027.68	2027.68	2027.47	2027.47	27	0	0
2024.02.26	19:43:00	2027.45	2027.78	2027.40	2027.74	24	0	0
2024.02.26	19:44:00	2027.75	2027.75	2027.37	2027.50	41	0	0
2024.02.26	19:45:00	2027.51	2027.69	2027.45	2027.59	66	0	0
2024.02.26	19:46:00	2027.63	2027.93	2027.58	2027.69	101	0	0
2024.02.26	19:47:00	2027.67	2027.83	2027.63	2027.79	77	0	0
2024.02.26	19:48:00	2027.83	2028.07	2027.77	2028.01	75	0	0
2024.02.26	19:49:00	2028.00	2028.57	2028.00	2028.37	64	0	0
2024.02.26	19:50:00	2028.37	2028.47	2027.92	2027.96	113	0	0
2024.02.26	19:51:00	2027.85	2028.17	2027.82	2028.08	55	0	0
2024.02.26	19:52:00	2028.08	2028.57	2028.08	2028.47	68	0	0
2024.02.26	19:53:00	2028.48	2028.78	2028.48	2028.67	89	0	0
2024.02.26	19:54:00	2028.68	2028.87	2028.67	2028.76	38	0	0
2024.02.26	19:55:00	2028.78	2028.78	2028.55	2028.65	82	0	0
2024.02.26	19:56:00	2028.67	2028.77	2028.56	2028.64	78	0	0
2024.02.26	19:57:00	2028.63	2028.68	2028.06	2028.07	80	0	0
2024.02.26	19:58:00	2028.08	2028.38	2028.08	2028.28	68	0	0
2024.02.26	19:59:00	2028.22	2028.76	2028.20	2028.76	112	0	0
2024.02.26	20:00:00	2028.68	2028.97	2028.68	2028.79	105	0	0
2024.02.26	20:01:00	2028.82	2028.84	2028.19	2028.48	187	0	0
2024.02.26	20:02:00	2028.48	2029.16	2028.43	2029.15	164	0	0
2024.02.26	20:03:00	2029.08	2029.12	2028.40	2028.53	104	0	0
2024.02.26	20:04:00	2028.53	2029.31	2028.53	2029.31	136	0	0
2024.02.26	20:05:00	2029.30	2029.34	2028.72	2028.79	147	0	0
2024.02.26	20:06:00	2028.81	2029.08	2028.79	2029.00	67	0	0
2024.02.26	20:07:00	2028.99	2029.45	2028.88	2029.44	65	0	0
2024.02.26	20:08:00	2029.41	2029.81	2028.99	2029.00	152	0	0
2024.02.26	20:09:00	2028.99	2029.06	2028.84	2028.88	70	0	0
2024.02.26	20:10:00	2028.89	2029.23	2028.89	2029.07	60	0	0
2024.02.26	20:11:00	2029.08	2029.56	2029.06	2029.52	49	0	0
2024.02.26	20:12:00	2029.51	2029.95	2029.42	2029.88	64	0	0
2024.02.26	20:13:00	2029.87	2030.00	2029.56	2029.67	88	0	0
2024.02.26	20:14:00	2029.73	2030.06	2029.68	2030.06	61	0	0
2024.02.26	20:15:00	2030.08	2030.08	2029.72	2029.73	90	0	0
2024.02.26	20:16:00	2029.72	2029.84	2029.62	2029.77	78	0	0
2024.02.26	20:17:00	2029.74	2029.77	2029.60	2029.62	107	0	0
2024.02.26	20:18:00	2029.60	2029.83	2029.49	2029.63	104	0	0
2024.02.26	20:19:00	2029.65	2029.73	2029.51	2029.64	124	0	0
2024.02.26	20:20:00	2029.63	2029.84	2029.29	2029.32	107	0	0
2024.02.26	20:21:00	2029.33	2029.82	2029.33	2029.73	128	0	0
2024.02.26	20:22:00	2029.73	2029.73	2029.34	2029.60	71	0	0
2024.02.26	20:23:00	2029.58	2029.99	2029.53	2029.93	59	0	0
2024.02.26	20:24:00	2029.98	2029.98	2029.69	2029.69	67	0	0
2024.02.26	20:25:00	2029.68	2030.03	2029.55	2029.89	69	0	0
2024.02.26	20:26:00	2029.91	2030.01	2029.65	2029.74	93	0	0
2024.02.26	20:27:00	2029.73	2029.85	2029.54	2029.63	76	0	0
2024.02.26	20:28:00	2029.64	2029.64	2029.05	2029.11	83	0	0
2024.02.26	20:29:00	2029.09	2030.02	2029.06	2029.79	85	0	0
2024.02.26	20:30:00	2029.82	2030.13	2029.82	2030.04	42	0	0
2024.02.26	20:31:00	2030.06	2030.09	2029.80	2029.90	32	0	0
2024.02.26	20:32:00	2029.94	2030.02	2029.91	2029.94	31	0	0
2024.02.26	20:33:00	2029.92	2029.92	2029.58	2029.68	23	0	0
2024.02.26	20:34:00	2029.63	2029.63	2028.66	2028.71	97	0	0
2024.02.26	20:35:00	2028.68	2029.04	2028.51	2028.84	89	0	0
2024.02.26	20:36:00	2028.80	2028.95	2028.75	2028.93	33	0	0
2024.02.26	20:37:00	2028.91	2029.05	2028.80	2028.92	44	0	0
2024.02.26	20:38:00	2028.88	2029.03	2028.81	2028.90	33	0	0
2024.02.26	20:39:00	2028.92	2029.09	2028.80	2028.81	38	0	0
2024.02.26	20:40:00	2028.80	2028.83	2028.73	2028.75	59	0	0
2024.02.26	20:41:00	2028.76	2028.78	2028.59	2028.60	43	0	0
2024.02.26	20:42:00	2028.57	2028.63	2028.46	2028.54	58	0	0
2024.02.26	20:43:00	2028.55	2028.77	2028.55	2028.77	33	0	0
2024.02.26	20:44:00	2028.72	2029.24	2028.71	2029.23	67	0	0
2024.02.26	20:45:00	2029.18	2029.19	2029.07	2029.12	51	0	0
2024.02.26	20:46:00	2029.14	2029.14	2028.89	2028.89	43	0	0
2024.02.26	20:47:00	2028.92	2028.97	2028.77	2028.77	33	0	0
2024.02.26	20:48:00	2028.79	2029.15	2028.69	2029.03	73	0	0
2024.02.26	20:49:00	2029.06	2029.26	2029.04	2029.26	37	0	0
2024.02.26	20:50:00	2029.25	2029.72	2029.22	2029.69	57	0	0
2024.02.26	20:51:00	2029.70	2029.91	2029.70	2029.79	39	0	0
2024.02.26	20:52:00	2029.82	2029.91	2029.40	2029.47	59	0	0
2024.02.26	20:53:00	2029.48	2029.49	2029.40	2029.46	40	0	0
2024.02.26	20:54:00	2029.48	2029.48	2029.24	2029.33	69	0	0
2024.02.26	20:55:00	2029.34	2029.57	2029.31	2029.38	62	0	0
2024.02.26	20:56:00	2029.36	2029.46	2029.32	2029.36	28	0	0
2024.02.26	20:57:00	2029.40	2029.63	2029.37	2029.62	44	0	0
2024.02.26	20:58:00	2029.66	2029.84	2029.61	2029.61	63	0	0
2024.02.26	20:59:00	2029.61	2029.66	2029.29	2029.33	93	0	0
2024.02.26	21:00:00	2029.34	2029.92	2029.34	2029.92	50	0	0
2024.02.26	21:01:00	2029.94	2029.96	2029.62	2029.78	58	0	0
2024.02.26	21:02:00	2029.81	2029.81	2029.45	2029.63	33	0	0
2024.02.26	21:03:00	2029.67	2029.83	2029.67	2029.78	38	0	0
2024.02.26	21:04:00	2029.75	2029.94	2029.75	2029.91	41	0	0
2024.02.26	21:05:00	2029.89	2029.89	2029.72	2029.74	25	0	0
2024.02.26	21:06:00	2029.73	2029.75	2029.58	2029.61	34	0	0
2024.02.26	21:07:00	2029.72	2029.92	2029.72	2029.88	25	0	0
2024.02.26	21:08:00	2029.90	2030.31	2029.90	2030.27	33	0	0
2024.02.26	21:09:00	2030.28	2030.28	2030.10	2030.12	22	0	0
2024.02.26	21:10:00	2030.13	2030.22	2029.93	2029.93	33	0	0
2024.02.26	21:11:00	2029.89	2029.89	2029.50	2029.62	35	0	0
2024.02.26	21:12:00	2029.60	2029.80	2029.50	2029.59	52	0	0
2024.02.26	21:13:00	2029.65	2029.80	2029.65	2029.79	22	0	0
2024.02.26	21:14:00	2029.76	2029.96	2029.75	2029.96	23	0	0
2024.02.26	21:15:00	2029.93	2029.96	2029.59	2029.65	74	0	0
2024.02.26	21:16:00	2029.67	2029.70	2029.46	2029.47	39	0	0
2024.02.26	21:17:00	2029.48	2029.48	2029.32	2029.35	42	0	0
2024.02.26	21:18:00	2029.36	2029.37	2029.18	2029.31	36	0	0
2024.02.26	21:19:00	2029.32	2029.42	2029.20	2029.28	46	0	0
2024.02.26	21:20:00	2029.29	2029.46	2029.29	2029.37	49	0	0
2024.02.26	21:21:00	2029.39	2029.39	2029.29	2029.36	5	0	0
2024.02.26	21:22:00	2029.37	2029.38	2029.18	2029.18	25	0	0
2024.02.26	21:23:00	2029.25	2029.36	2029.19	2029.26	14	0	0
2024.02.26	21:24:00	2029.24	2029.27	2029.10	2029.13	25	0	0
2024.02.26	21:25:00	2029.10	2029.12	2028.75	2028.99	45	0	0
2024.02.26	21:26:00	2028.97	2028.97	2028.74	2028.81	37	0	0
2024.02.26	21:27:00	2028.74	2028.81	2028.64	2028.74	27	0	0
2024.02.26	21:28:00	2028.76	2028.96	2028.67	2028.72	32	0	0
2024.02.26	21:29:00	2028.71	2028.95	2028.62	2028.82	42	0	0
2024.02.26	21:30:00	2028.81	2028.81	2028.69	2028.70	34	0	0
2024.02.26	21:31:00	2028.68	2028.76	2028.60	2028.68	16	0	0
2024.02.26	21:32:00	2028.66	2028.80	2028.60	2028.70	42	0	0
2024.02.26	21:33:00	2028.80	2028.80	2028.59	2028.69	24	0	0
2024.02.26	21:34:00	2028.65	2028.87	2028.60	2028.72	44	0	0
2024.02.26	21:35:00	2028.76	2028.79	2028.66	2028.78	34	0	0
2024.02.26	21:36:00	2028.74	2028.87	2028.73	2028.85	44	0	0
2024.02.26	21:37:00	2028.86	2028.90	2028.74	2028.79	56	0	0
2024.02.26	21:38:00	2028.83	2029.04	2028.74	2029.01	61	0	0
2024.02.26	21:39:00	2029.04	2029.31	2029.04	2029.29	40	0	0
2024.02.26	21:40:00	2029.21	2029.25	2029.11	2029.18	35	0	0
2024.02.26	21:41:00	2029.23	2029.38	2029.17	2029.23	34	0	0
2024.02.26	21:42:00	2029.21	2029.21	2029.07	2029.07	38	0	0
2024.02.26	21:43:00	2029.02	2029.14	2028.86	2029.07	60	0	0
2024.02.26	21:44:00	2029.08	2029.09	2028.93	2028.96	42	0	0
2024.02.26	21:45:00	2028.91	2029.27	2028.90	2029.18	101	0	0
2024.02.26	21:46:00	2029.20	2029.64	2029.20	2029.63	67	0	0
2024.02.26	21:47:00	2029.61	2029.61	2029.20	2029.24	45	0	0
2024.02.26	21:48:00	2029.22	2029.36	2029.15	2029.15	33	0	0
2024.02.26	21:49:00	2029.15	2029.22	2029.08	2029.21	42	0	0
2024.02.26	21:50:00	2029.22	2029.27	2029.11	2029.12	100	0	0
2024.02.26	21:51:00	2029.13	2029.20	2029.05	2029.17	81	0	0
2024.02.26	21:52:00	2029.16	2029.47	2029.13	2029.35	117	0	0
2024.02.26	21:53:00	2029.34	2029.43	2029.26	2029.26	65	0	0
2024.02.26	21:54:00	2029.25	2029.43	2029.25	2029.43	29	0	0
2024.02.26	21:55:00	2029.42	2029.58	2029.42	2029.54	96	0	0
2024.02.26	21:56:00	2029.55	2029.99	2029.55	2029.99	59	0	0
2024.02.26	21:57:00	2029.97	2029.97	2029.66	2029.69	67	0	0
2024.02.26	21:58:00	2029.70	2029.74	2029.63	2029.63	57	0	0
2024.02.26	21:59:00	2029.65	2029.79	2029.58	2029.73	79	0	0
2024.02.26	22:00:00	2029.74	2030.34	2029.74	2030.12	49	0	0
2024.02.26	22:01:00	2030.16	2030.33	2030.09	2030.09	43	0	0
2024.02.26	22:02:00	2030.11	2030.50	2030.11	2030.34	48	0	0
2024.02.26	22:03:00	2030.35	2030.56	2030.35	2030.37	53	0	0
2024.02.26	22:04:00	2030.38	2030.62	2030.38	2030.55	47	0	0
2024.02.26	22:05:00	2030.54	2030.84	2030.54	2030.83	51	0	0
2024.02.26	22:06:00	2030.85	2031.36	2030.85	2031.29	48	0	0
2024.02.26	22:07:00	2031.34	2031.45	2031.00	2031.40	55	0	0
2024.02.26	22:08:00	2031.41	2031.63	2031.37	2031.51	54	0	0
2024.02.26	22:09:00	2031.54	2031.62	2031.35	2031.53	115	0	0
2024.02.26	22:10:00	2031.55	2031.76	2031.46	2031.58	79	0	0
2024.02.26	22:11:00	2031.60	2031.78	2031.56	2031.78	48	0	0
2024.02.26	22:12:00	2031.76	2032.12	2031.72	2031.99	75	0	0
2024.02.26	22:13:00	2032.00	2032.11	2031.88	2031.98	87	0	0
2024.02.26	22:14:00	2031.99	2032.02	2031.87	2031.89	56	0	0
2024.02.26	22:15:00	2031.91	2032.03	2031.80	2031.80	54	0	0
2024.02.26	22:16:00	2031.83	2032.25	2031.83	2032.23	68	0	0
2024.02.26	22:17:00	2032.24	2032.24	2031.83	2031.84	32	0	0
2024.02.26	22:18:00	2031.86	2031.89	2031.63	2031.72	39	0	0
2024.02.26	22:19:00	2031.65	2031.73	2031.52	2031.73	48	0	0
2024.02.26	22:20:00	2031.79	2032.19	2031.79	2032.14	84	0	0
2024.02.26	22:21:00	2032.13	2032.14	2032.01	2032.05	44	0	0
2024.02.26	22:22:00	2032.06	2032.13	2032.03	2032.04	33	0	0
2024.02.26	22:23:00	2032.05	2032.54	2032.04	2032.53	47	0	0
2024.02.26	22:24:00	2032.49	2032.54	2032.32	2032.52	55	0	0
2024.02.26	22:25:00	2032.54	2032.72	2032.53	2032.71	53	0	0
2024.02.26	22:26:00	2032.76	2033.02	2032.68	2032.95	59	0	0
2024.02.26	22:27:00	2032.94	2033.25	2032.92	2033.03	53	0	0
2024.02.26	22:28:00	2033.05	2033.14	2032.92	2032.93	29	0	0
2024.02.26	22:29:00	2032.92	2033.17	2032.92	2032.99	30	0	0
2024.02.26	22:30:00	2033.01	2033.22	2032.98	2033.03	63	0	0
2024.02.26	22:31:00	2033.04	2033.12	2032.84	2033.12	50	0	0
2024.02.26	22:32:00	2033.08	2033.35	2033.00	2033.09	63	0	0
2024.02.26	22:33:00	2033.08	2033.17	2033.02	2033.12	37	0	0
2024.02.26	22:34:00	2033.10	2033.48	2033.10	2033.36	51	0	0
2024.02.26	22:35:00	2033.33	2033.44	2033.08	2033.08	35	0	0
2024.02.26	22:36:00	2033.13	2033.31	2033.08	2033.09	36	0	0
2024.02.26	22:37:00	2033.10	2033.27	2033.08	2033.26	19	0	0
2024.02.26	22:38:00	2033.27	2033.31	2033.20	2033.27	21	0	0
2024.02.26	22:39:00	2033.28	2033.40	2033.20	2033.24	41	0	0
2024.02.26	22:40:00	2033.20	2033.27	2033.14	2033.26	29	0	0
2024.02.26	22:41:00	2033.27	2033.44	2033.27	2033.40	36	0	0
2024.02.26	22:42:00	2033.41	2033.55	2033.38	2033.41	59	0	0
2024.02.26	22:43:00	2033.42	2033.55	2033.42	2033.53	50	0	0
2024.02.26	22:44:00	2033.53	2033.67	2033.38	2033.38	61	0	0
2024.02.26	22:45:00	2033.39	2033.47	2033.14	2033.44	46	0	0
2024.02.26	22:46:00	2033.43	2033.48	2033.14	2033.16	51	0	0
2024.02.26	22:47:00	2033.22	2033.39	2033.22	2033.39	67	0	0
2024.02.26	22:48:00	2033.34	2033.40	2033.31	2033.34	38	0	0
2024.02.26	22:49:00	2033.34	2033.39	2033.29	2033.34	31	0	0
2024.02.26	22:50:00	2033.34	2033.34	2033.13	2033.13	55	0	0
2024.02.26	22:51:00	2033.12	2033.23	2033.09	2033.22	39	0	0
2024.02.26	22:52:00	2033.21	2033.25	2032.73	2032.79	72	0	0
2024.02.26	22:53:00	2032.81	2032.81	2032.29	2032.33	60	0	0
2024.02.26	22:54:00	2032.34	2032.55	2032.32	2032.39	70	0	0
2024.02.26	22:55:00	2032.37	2032.40	2032.00	2032.18	84	0	0
2024.02.26	22:56:00	2032.19	2032.19	2032.04	2032.09	51	0	0
2024.02.26	22:57:00	2032.15	2032.18	2032.08	2032.18	25	0	0
2024.02.26	22:58:00	2032.18	2032.37	2032.18	2032.33	54	0	0
2024.02.26	22:59:00	2032.33	2032.38	2032.18	2032.34	72	0	0
2024.02.26	23:00:00	2032.36	2032.38	2032.18	2032.21	80	0	0
2024.02.26	23:01:00	2032.20	2032.20	2032.11	2032.12	35	0	0
2024.02.26	23:02:00	2032.12	2032.12	2032.04	2032.09	14	0	0
2024.02.26	23:03:00	2032.17	2032.26	2032.11	2032.12	18	0	0
2024.02.26	23:04:00	2032.12	2032.15	2032.06	2032.09	22	0	0
2024.02.26	23:05:00	2032.10	2032.10	2031.91	2031.94	24	0	0
2024.02.26	23:06:00	2031.93	2031.93	2031.80	2031.82	11	0	0
2024.02.26	23:07:00	2031.83	2031.92	2031.83	2031.90	9	0	0
2024.02.26	23:08:00	2031.86	2031.86	2031.78	2031.79	24	0	0
2024.02.26	23:09:00	2031.81	2031.89	2031.79	2031.89	26	0	0
2024.02.26	23:10:00	2031.90	2031.97	2031.77	2031.78	27	0	0
2024.02.26	23:11:00	2031.79	2031.81	2031.73	2031.73	19	0	0
2024.02.26	23:12:00	2031.72	2031.75	2031.72	2031.73	4	0	0
2024.02.26	23:13:00	2031.73	2031.73	2031.70	2031.70	3	0	0
2024.02.26	23:14:00	2031.73	2031.89	2031.73	2031.82	8	0	0
2024.02.26	23:15:00	2031.84	2031.84	2031.65	2031.66	21	0	0
2024.02.26	23:16:00	2031.67	2031.67	2031.48	2031.52	26	0	0
2024.02.26	23:17:00	2031.54	2031.63	2031.54	2031.63	6	0	0
2024.02.26	23:18:00	2031.65	2031.76	2031.65	2031.76	7	0	0
2024.02.26	23:19:00	2031.79	2031.82	2031.65	2031.71	14	0	0
2024.02.26	23:20:00	2031.75	2031.78	2031.68	2031.68	10	0	0
2024.02.26	23:21:00	2031.68	2031.68	2031.66	2031.66	8	0	0
2024.02.26	23:22:00	2031.69	2031.70	2031.64	2031.70	9	0	0
2024.02.26	23:23:00	2031.72	2031.72	2031.69	2031.71	4	0	0
2024.02.26	23:24:00	2031.69	2031.72	2031.69	2031.72	3	0	0
2024.02.26	23:25:00	2031.70	2031.70	2031.56	2031.60	15	0	0
2024.02.26	23:26:00	2031.62	2031.63	2031.51	2031.54	7	0	0
2024.02.26	23:27:00	2031.52	2031.57	2031.52	2031.57	3	0	0
2024.02.26	23:28:00	2031.50	2031.52	2031.47	2031.47	4	0	0
2024.02.26	23:29:00	2031.52	2031.54	2031.43	2031.54	5	0	0
2024.02.26	23:30:00	2031.48	2031.55	2031.35	2031.35	13	0	0
2024.02.26	23:31:00	2031.36	2031.36	2031.14	2031.17	39	0	0
2024.02.26	23:32:00	2031.19	2031.22	2031.11	2031.11	5	0	0
2024.02.26	23:33:00	2031.12	2031.17	2031.12	2031.17	8	0	0
2024.02.26	23:34:00	2031.20	2031.24	2031.20	2031.24	4	0	0
2024.02.26	23:35:00	2031.28	2031.33	2031.28	2031.28	4	0	0
2024.02.26	23:36:00	2031.30	2031.33	2031.28	2031.28	3	0	0
2024.02.26	23:37:00	2031.29	2031.30	2031.22	2031.24	6	0	0
2024.02.26	23:38:00	2031.33	2031.39	2031.33	2031.37	7	0	0
2024.02.26	23:39:00	2031.39	2031.39	2031.32	2031.34	9	0	0
2024.02.26	23:40:00	2031.33	2031.41	2031.29	2031.29	31	0	0
2024.02.26	23:41:00	2031.30	2031.38	2031.30	2031.33	15	0	0
2024.02.26	23:42:00	2031.28	2031.29	2031.23	2031.23	5	0	0
2024.02.26	23:43:00	2031.26	2031.29	2031.21	2031.21	8	0	0
2024.02.26	23:44:00	2031.23	2031.30	2031.21	2031.25	8	0	0
2024.02.26	23:45:00	2031.27	2031.39	2031.27	2031.38	17	0	0
2024.02.26	23:46:00	2031.37	2031.37	2031.22	2031.29	18	0	0
2024.02.26	23:47:00	2031.33	2031.35	2031.29	2031.35	7	0	0
2024.02.26	23:48:00	2031.31	2031.34	2031.17	2031.18	12	0	0
2024.02.26	23:49:00	2031.15	2031.15	2030.91	2030.92	37	0	0
2024.02.26	23:50:00	2030.91	2031.07	2030.86	2031.07	25	0	0
2024.02.26	23:51:00	2030.98	2031.07	2030.92	2031.02	32	0	0
2024.02.26	23:52:00	2031.06	2031.15	2031.06	2031.13	17	0	0
2024.02.26	23:53:00	2031.15	2031.22	2031.12	2031.16	15	0	0
2024.02.26	23:54:00	2031.16	2031.16	2031.03	2031.03	6	0	0
2024.02.26	23:55:00	2031.07	2031.13	2031.07	2031.08	12	0	0
2024.02.26	23:56:00	2031.10	2031.20	2031.02	2031.20	31	0	0
2024.02.26	23:57:00	2031.17	2031.37	2031.16	2031.34	45	0	0
2024.02.26	23:58:00	2031.36	2031.38	2031.06	2031.09	23	0	0
2024.02.27	01:05:00	2030.88	2031.08	2030.88	2030.98	7	0	0
2024.02.27	01:06:00	2030.95	2031.08	2030.88	2031.08	16	0	0
2024.02.27	01:07:00	2031.02	2031.08	2030.88	2030.98	12	0	0
2024.02.27	01:08:00	2030.89	2031.08	2030.78	2030.88	18	0	0
2024.02.27	01:09:00	2030.98	2031.08	2030.88	2031.08	9	0	0
2024.02.27	01:10:00	2031.08	2031.08	2030.78	2030.78	16	0	0
2024.02.27	01:11:00	2030.78	2030.88	2030.78	2030.78	12	0	0
2024.02.27	01:12:00	2030.78	2030.88	2030.78	2030.78	4	0	0
2024.02.27	01:13:00	2030.88	2030.98	2030.78	2030.98	28	0	0
2024.02.27	01:14:00	2030.89	2030.98	2030.89	2030.89	12	0	0
2024.02.27	01:15:00	2030.89	2031.05	2030.86	2030.88	22	0	0
2024.02.27	01:16:00	2030.88	2030.89	2030.81	2030.89	9	0	0
2024.02.27	01:17:00	2030.81	2030.81	2030.73	2030.73	15	0	0
2024.02.27	01:18:00	2030.78	2030.80	2030.68	2030.78	12	0	0
2024.02.27	01:19:00	2030.73	2030.82	2030.70	2030.78	13	0	0
2024.02.27	01:20:00	2030.78	2030.78	2030.68	2030.68	10	0	0
2024.02.27	01:21:00	2030.68	2030.78	2030.58	2030.72	22	0	0
2024.02.27	01:22:00	2030.79	2030.92	2030.73	2030.91	29	0	0
2024.02.27	01:23:00	2030.88	2030.88	2030.84	2030.88	3	0	0
2024.02.27	01:24:00	2030.89	2030.89	2030.89	2030.89	1	0	0
2024.02.27	01:25:00	2030.88	2030.98	2030.80	2030.98	14	0	0
2024.02.27	01:26:00	2030.93	2030.93	2030.89	2030.90	6	0	0
2024.02.27	01:27:00	2030.90	2030.90	2030.83	2030.90	4	0	0
2024.02.27	01:28:00	2030.90	2030.90	2030.90	2030.90	2	0	0
2024.02.27	01:29:00	2030.92	2030.93	2030.92	2030.93	7	0	0
2024.02.27	01:30:00	2030.87	2031.30	2030.87	2031.09	101	0	0
2024.02.27	01:31:00	2031.13	2031.13	2030.96	2031.06	45	0	0
2024.02.27	01:32:00	2031.06	2031.06	2030.92	2031.05	32	0	0
2024.02.27	01:33:00	2031.05	2031.08	2031.01	2031.06	25	0	0
2024.02.27	01:34:00	2031.06	2031.11	2031.01	2031.06	28	0	0
2024.02.27	01:35:00	2031.10	2031.15	2031.10	2031.14	15	0	0
2024.02.27	01:36:00	2031.15	2031.36	2031.15	2031.36	16	0	0
2024.02.27	01:37:00	2031.40	2031.41	2031.27	2031.33	15	0	0
2024.02.27	01:38:00	2031.31	2031.34	2031.25	2031.26	18	0	0
2024.02.27	01:39:00	2031.25	2031.30	2031.25	2031.26	7	0	0
2024.02.27	01:40:00	2031.25	2031.29	2031.25	2031.26	8	0	0
2024.02.27	01:41:00	2031.25	2031.30	2031.17	2031.24	23	0	0
2024.02.27	01:42:00	2031.25	2031.25	2031.15	2031.15	14	0	0
2024.02.27	01:43:00	2031.18	2031.24	2031.15	2031.24	18	0	0
2024.02.27	01:44:00	2031.26	2031.36	2031.24	2031.34	32	0	0
2024.02.27	01:45:00	2031.36	2031.66	2031.36	2031.66	48	0	0
2024.02.27	01:46:00	2031.66	2031.66	2031.40	2031.41	32	0	0
2024.02.27	01:47:00	2031.44	2031.46	2031.29	2031.30	20	0	0
2024.02.27	01:48:00	2031.27	2031.27	2030.94	2030.99	39	0	0
2024.02.27	01:49:00	2030.97	2030.99	2030.88	2030.95	23	0	0
2024.02.27	01:50:00	2030.93	2031.01	2030.93	2030.99	34	0	0
2024.02.27	01:51:00	2031.01	2031.04	2030.96	2030.96	18	0	0
2024.02.27	01:52:00	2030.97	2030.98	2030.91	2030.91	16	0	0
2024.02.27	01:53:00	2030.94	2031.05	2030.92	2030.92	17	0	0
2024.02.27	01:54:00	2030.92	2031.00	2030.91	2030.97	12	0	0
2024.02.27	01:55:00	2030.93	2031.00	2030.91	2031.00	20	0	0
2024.02.27	01:56:00	2031.01	2031.10	2031.01	2031.10	8	0	0
2024.02.27	01:57:00	2031.09	2031.34	2031.09	2031.34	13	0	0
2024.02.27	01:58:00	2031.33	2031.36	2031.25	2031.29	24	0	0
2024.02.27	01:59:00	2031.27	2031.35	2031.25	2031.27	26	0	0
2024.02.27	02:00:00	2031.27	2031.88	2031.26	2031.88	124	0	0
2024.02.27	02:01:00	2031.89	2032.28	2031.75	2032.18	76	0	0
2024.02.27	02:02:00	2032.18	2032.33	2032.16	2032.28	40	0	0
2024.02.27	02:03:00	2032.27	2032.53	2032.06	2032.07	57	0	0
2024.02.27	02:04:00	2032.07	2032.20	2032.07	2032.08	21	0	0
2024.02.27	02:05:00	2032.06	2032.09	2031.75	2031.80	57	0	0
2024.02.27	02:06:00	2031.81	2031.92	2031.79	2031.86	17	0	0
2024.02.27	02:07:00	2031.80	2031.84	2031.76	2031.76	14	0	0
2024.02.27	02:08:00	2031.75	2031.82	2031.63	2031.79	27	0	0
2024.02.27	02:09:00	2031.80	2031.86	2031.73	2031.75	17	0	0
2024.02.27	02:10:00	2031.78	2031.87	2031.75	2031.75	15	0	0
2024.02.27	02:11:00	2031.78	2031.96	2031.67	2031.96	28	0	0
2024.02.27	02:12:00	2031.97	2032.37	2031.86	2032.32	53	0	0
2024.02.27	02:13:00	2032.32	2032.36	2032.27	2032.36	20	0	0
2024.02.27	02:14:00	2032.33	2032.35	2031.95	2031.96	29	0	0
2024.02.27	02:15:00	2031.96	2032.04	2031.85	2031.97	27	0	0
2024.02.27	02:16:00	2031.97	2032.14	2031.89	2032.13	19	0	0
2024.02.27	02:17:00	2032.09	2032.13	2032.06	2032.12	11	0	0
2024.02.27	02:18:00	2032.16	2032.24	2032.08	2032.13	18	0	0
2024.02.27	02:19:00	2032.16	2032.44	2032.16	2032.29	22	0	0
2024.02.27	02:20:00	2032.33	2032.43	2032.28	2032.32	32	0	0
2024.02.27	02:21:00	2032.18	2032.30	2032.07	2032.30	30	0	0
2024.02.27	02:22:00	2032.26	2032.34	2032.20	2032.24	21	0	0
2024.02.27	02:23:00	2032.23	2032.31	2032.16	2032.29	31	0	0
2024.02.27	02:24:00	2032.30	2032.34	2032.08	2032.09	37	0	0
2024.02.27	02:25:00	2032.05	2032.14	2031.99	2032.02	34	0	0
2024.02.27	02:26:00	2032.01	2032.02	2031.47	2031.47	75	0	0
2024.02.27	02:27:00	2031.38	2031.93	2031.26	2031.93	55	0	0
2024.02.27	02:28:00	2031.88	2031.92	2031.84	2031.89	21	0	0
2024.02.27	02:29:00	2031.94	2032.11	2031.85	2032.00	34	0	0
2024.02.27	02:30:00	2032.02	2032.15	2031.59	2031.63	69	0	0
2024.02.27	02:31:00	2031.61	2031.91	2031.50	2031.73	77	0	0
2024.02.27	02:32:00	2031.71	2031.87	2031.62	2031.62	64	0	0
2024.02.27	02:33:00	2031.63	2031.76	2031.47	2031.71	37	0	0
2024.02.27	02:34:00	2031.74	2031.78	2031.71	2031.77	19	0	0
2024.02.27	02:35:00	2031.78	2031.85	2031.72	2031.79	18	0	0
2024.02.27	02:36:00	2031.78	2031.90	2031.69	2031.84	39	0	0
2024.02.27	02:37:00	2031.81	2031.86	2031.78	2031.83	38	0	0
2024.02.27	02:38:00	2031.82	2031.93	2031.82	2031.93	16	0	0
2024.02.27	02:39:00	2031.84	2031.84	2031.67	2031.70	32	0	0
2024.02.27	02:40:00	2031.73	2031.75	2031.54	2031.74	22	0	0
2024.02.27	02:41:00	2031.73	2031.73	2031.44	2031.45	25	0	0
2024.02.27	02:42:00	2031.44	2031.44	2031.34	2031.42	17	0	0
2024.02.27	02:43:00	2031.43	2031.50	2031.32	2031.38	20	0	0
2024.02.27	02:44:00	2031.39	2031.40	2031.28	2031.30	15	0	0
2024.02.27	02:45:00	2031.33	2031.48	2031.26	2031.31	45	0	0
2024.02.27	02:46:00	2031.30	2031.53	2031.30	2031.46	25	0	0
2024.02.27	02:47:00	2031.50	2031.61	2031.38	2031.44	25	0	0
2024.02.27	02:48:00	2031.36	2031.50	2031.36	2031.43	16	0	0
2024.02.27	02:49:00	2031.41	2031.41	2031.12	2031.23	30	0	0
2024.02.27	02:50:00	2031.26	2031.27	2031.10	2031.15	25	0	0
2024.02.27	02:51:00	2031.21	2031.26	2031.14	2031.14	28	0	0
2024.02.27	02:52:00	2031.14	2031.34	2031.14	2031.34	24	0	0
2024.02.27	02:53:00	2031.34	2031.34	2031.19	2031.23	10	0	0
2024.02.27	02:54:00	2031.27	2031.32	2031.15	2031.16	37	0	0
2024.02.27	02:55:00	2031.17	2031.28	2031.12	2031.25	48	0	0
2024.02.27	02:56:00	2031.21	2031.26	2031.12	2031.22	41	0	0
2024.02.27	02:57:00	2031.24	2031.65	2031.24	2031.63	27	0	0
2024.02.27	02:58:00	2031.63	2031.78	2031.58	2031.58	27	0	0
2024.02.27	02:59:00	2031.58	2031.68	2031.39	2031.54	46	0	0
2024.02.27	03:00:00	2031.56	2031.77	2031.27	2031.77	153	0	0
2024.02.27	03:01:00	2031.78	2032.14	2031.77	2032.04	148	0	0
2024.02.27	03:02:00	2032.04	2032.18	2031.86	2032.04	91	0	0
2024.02.27	03:03:00	2032.09	2032.11	2031.69	2031.79	68	0	0
2024.02.27	03:04:00	2031.76	2031.84	2031.55	2031.60	48	0	0
2024.02.27	03:05:00	2031.58	2031.90	2031.49	2031.83	51	0	0
2024.02.27	03:06:00	2031.82	2031.92	2031.68	2031.85	54	0	0
2024.02.27	03:07:00	2031.83	2031.94	2031.77	2031.94	45	0	0
2024.02.27	03:08:00	2032.02	2032.10	2031.83	2032.10	41	0	0
2024.02.27	03:09:00	2032.04	2032.33	2032.01	2032.33	74	0	0
2024.02.27	03:10:00	2032.34	2032.39	2032.13	2032.31	85	0	0
2024.02.27	03:11:00	2032.33	2032.33	2032.13	2032.18	50	0	0
2024.02.27	03:12:00	2032.17	2032.32	2032.16	2032.32	22	0	0
2024.02.27	03:13:00	2032.38	2032.49	2032.30	2032.42	52	0	0
2024.02.27	03:14:00	2032.41	2032.89	2032.24	2032.88	84	0	0
2024.02.27	03:15:00	2032.89	2032.89	2032.51	2032.72	92	0	0
2024.02.27	03:16:00	2032.67	2032.84	2032.50	2032.72	76	0	0
2024.02.27	03:17:00	2032.74	2033.10	2032.74	2033.10	55	0	0
2024.02.27	03:18:00	2033.05	2033.14	2032.99	2033.00	41	0	0
2024.02.27	03:19:00	2032.99	2033.06	2032.99	2033.01	12	0	0
2024.02.27	03:20:00	2033.03	2033.14	2033.00	2033.13	53	0	0
2024.02.27	03:21:00	2033.13	2033.13	2032.70	2032.70	50	0	0
2024.02.27	03:22:00	2032.70	2032.77	2032.60	2032.74	33	0	0
2024.02.27	03:23:00	2032.73	2032.84	2032.72	2032.80	35	0	0
2024.02.27	03:24:00	2032.81	2032.81	2032.60	2032.62	34	0	0
2024.02.27	03:25:00	2032.61	2032.72	2032.53	2032.62	54	0	0
2024.02.27	03:26:00	2032.63	2032.82	2032.57	2032.80	36	0	0
2024.02.27	03:27:00	2032.81	2032.93	2032.80	2032.91	31	0	0
2024.02.27	03:28:00	2032.90	2032.92	2032.61	2032.63	55	0	0
2024.02.27	03:29:00	2032.69	2032.74	2032.62	2032.65	21	0	0
2024.02.27	03:30:00	2032.66	2032.74	2032.53	2032.57	39	0	0
2024.02.27	03:31:00	2032.56	2033.02	2032.56	2033.02	46	0	0
2024.02.27	03:32:00	2033.03	2033.15	2032.93	2033.14	64	0	0
2024.02.27	03:33:00	2033.18	2033.41	2033.11	2033.33	48	0	0
2024.02.27	03:34:00	2033.32	2033.54	2033.29	2033.46	78	0	0
2024.02.27	03:35:00	2033.44	2033.44	2033.03	2033.10	61	0	0
2024.02.27	03:36:00	2033.09	2033.09	2032.89	2032.91	45	0	0
2024.02.27	03:37:00	2032.91	2033.05	2032.85	2032.87	57	0	0
2024.02.27	03:38:00	2032.84	2033.01	2032.80	2032.87	42	0	0
2024.02.27	03:39:00	2032.88	2032.92	2032.61	2032.61	35	0	0
2024.02.27	03:40:00	2032.68	2032.72	2032.55	2032.55	57	0	0
2024.02.27	03:41:00	2032.54	2032.57	2032.45	2032.55	47	0	0
2024.02.27	03:42:00	2032.54	2032.92	2032.50	2032.87	74	0	0
2024.02.27	03:43:00	2032.86	2033.07	2032.86	2032.95	63	0	0
2024.02.27	03:44:00	2032.95	2033.33	2032.95	2033.33	37	0	0
2024.02.27	03:45:00	2033.33	2033.47	2033.23	2033.38	66	0	0
2024.02.27	03:46:00	2033.37	2033.44	2032.98	2033.14	68	0	0
2024.02.27	03:47:00	2033.13	2033.22	2033.11	2033.22	30	0	0
2024.02.27	03:48:00	2033.18	2033.18	2032.92	2033.01	61	0	0
2024.02.27	03:49:00	2033.00	2033.07	2032.95	2033.00	34	0	0
2024.02.27	03:50:00	2032.99	2033.22	2032.99	2033.16	61	0	0
2024.02.27	03:51:00	2033.16	2033.25	2033.14	2033.24	31	0	0
2024.02.27	03:52:00	2033.29	2033.39	2033.23	2033.30	58	0	0
2024.02.27	03:53:00	2033.31	2033.73	2033.31	2033.66	75	0	0
2024.02.27	03:54:00	2033.65	2033.72	2033.57	2033.69	52	0	0
2024.02.27	03:55:00	2033.68	2033.70	2033.52	2033.52	60	0	0
2024.02.27	03:56:00	2033.53	2033.82	2033.51	2033.77	60	0	0
2024.02.27	03:57:00	2033.79	2033.83	2033.72	2033.72	49	0	0
2024.02.27	03:58:00	2033.73	2033.83	2033.52	2033.63	52	0	0
2024.02.27	03:59:00	2033.62	2033.68	2033.51	2033.68	59	0	0
2024.02.27	04:00:00	2033.70	2033.92	2033.64	2033.73	67	0	0
2024.02.27	04:01:00	2033.73	2033.73	2033.54	2033.67	64	0	0
2024.02.27	04:02:00	2033.66	2033.77	2033.52	2033.77	49	0	0
2024.02.27	04:03:00	2033.79	2033.79	2033.62	2033.68	24	0	0
2024.02.27	04:04:00	2033.71	2033.72	2033.52	2033.63	60	0	0
2024.02.27	04:05:00	2033.62	2033.72	2033.58	2033.63	51	0	0
2024.02.27	04:06:00	2033.63	2033.68	2033.59	2033.62	35	0	0
2024.02.27	04:07:00	2033.62	2033.62	2033.52	2033.57	36	0	0
2024.02.27	04:08:00	2033.60	2033.68	2033.60	2033.62	47	0	0
2024.02.27	04:09:00	2033.68	2033.83	2033.62	2033.82	38	0	0
2024.02.27	04:10:00	2033.84	2033.84	2033.57	2033.64	58	0	0
2024.02.27	04:11:00	2033.69	2033.71	2033.42	2033.54	38	0	0
2024.02.27	04:12:00	2033.46	2033.52	2033.34	2033.41	62	0	0
2024.02.27	04:13:00	2033.42	2033.45	2033.33	2033.44	46	0	0
2024.02.27	04:14:00	2033.53	2033.60	2033.53	2033.57	34	0	0
2024.02.27	04:15:00	2033.56	2033.57	2033.30	2033.34	36	0	0
2024.02.27	04:16:00	2033.34	2033.34	2032.98	2033.04	69	0	0
2024.02.27	04:17:00	2033.04	2033.04	2032.86	2032.92	52	0	0
2024.02.27	04:18:00	2032.93	2033.05	2032.93	2033.02	48	0	0
2024.02.27	04:19:00	2032.99	2033.13	2032.93	2033.13	29	0	0
2024.02.27	04:20:00	2033.13	2033.13	2032.93	2032.97	42	0	0
2024.02.27	04:21:00	2032.97	2032.97	2032.72	2032.86	64	0	0
2024.02.27	04:22:00	2032.87	2033.09	2032.86	2033.09	52	0	0
2024.02.27	04:23:00	2033.08	2033.08	2032.78	2032.83	37	0	0
2024.02.27	04:24:00	2032.82	2033.09	2032.82	2033.07	49	0	0
2024.02.27	04:25:00	2033.10	2033.13	2032.95	2032.95	38	0	0
2024.02.27	04:26:00	2032.96	2033.01	2032.71	2032.72	66	0	0
2024.02.27	04:27:00	2032.71	2032.73	2032.55	2032.73	59	0	0
2024.02.27	04:28:00	2032.73	2033.00	2032.72	2032.95	21	0	0
2024.02.27	04:29:00	2032.96	2033.04	2032.89	2032.99	33	0	0
2024.02.27	04:30:00	2033.02	2033.11	2032.84	2033.10	62	0	0
2024.02.27	04:31:00	2033.09	2033.51	2033.09	2033.47	49	0	0
2024.02.27	04:32:00	2033.48	2033.64	2033.44	2033.62	64	0	0
2024.02.27	04:33:00	2033.60	2033.72	2033.58	2033.72	50	0	0
2024.02.27	04:34:00	2033.71	2033.97	2033.70	2033.83	36	0	0
2024.02.27	04:35:00	2033.83	2033.88	2033.73	2033.88	54	0	0
2024.02.27	04:36:00	2033.90	2033.95	2033.82	2033.91	30	0	0
2024.02.27	04:37:00	2033.91	2034.33	2033.87	2034.33	62	0	0
2024.02.27	04:38:00	2034.34	2034.44	2034.32	2034.44	39	0	0
2024.02.27	04:39:00	2034.37	2034.47	2034.27	2034.33	43	0	0
2024.02.27	04:40:00	2034.28	2034.61	2034.22	2034.51	34	0	0
2024.02.27	04:41:00	2034.52	2034.54	2034.02	2034.07	60	0	0
2024.02.27	04:42:00	2034.05	2034.05	2033.88	2033.97	37	0	0
2024.02.27	04:43:00	2033.98	2034.08	2033.96	2033.97	31	0	0
2024.02.27	04:44:00	2034.06	2034.23	2034.03	2034.20	32	0	0
2024.02.27	04:45:00	2034.18	2034.20	2034.04	2034.04	30	0	0
2024.02.27	04:46:00	2034.03	2034.04	2033.93	2034.02	42	0	0
2024.02.27	04:47:00	2034.01	2034.01	2033.84	2033.90	21	0	0
2024.02.27	04:48:00	2033.84	2033.90	2033.57	2033.59	59	0	0
2024.02.27	04:49:00	2033.61	2033.66	2033.51	2033.53	32	0	0
2024.02.27	04:50:00	2033.54	2033.57	2033.43	2033.55	42	0	0
2024.02.27	04:51:00	2033.56	2033.57	2033.49	2033.55	30	0	0
2024.02.27	04:52:00	2033.56	2033.56	2033.40	2033.44	32	0	0
2024.02.27	04:53:00	2033.45	2033.48	2033.33	2033.33	19	0	0
2024.02.27	04:54:00	2033.32	2033.34	2033.13	2033.15	25	0	0
2024.02.27	04:55:00	2033.13	2033.14	2032.94	2032.96	36	0	0
2024.02.27	04:56:00	2032.95	2033.02	2032.93	2032.93	23	0	0
2024.02.27	04:57:00	2032.92	2033.02	2032.88	2032.94	30	0	0
2024.02.27	04:58:00	2032.93	2032.94	2032.71	2032.94	77	0	0
2024.02.27	04:59:00	2032.89	2032.95	2032.74	2032.74	31	0	0
2024.02.27	05:00:00	2032.81	2033.06	2032.81	2033.04	34	0	0
2024.02.27	05:01:00	2033.02	2033.02	2032.85	2032.93	32	0	0
2024.02.27	05:02:00	2032.92	2032.97	2032.83	2032.96	32	0	0
2024.02.27	05:03:00	2032.96	2033.11	2032.96	2033.11	23	0	0
2024.02.27	05:04:00	2033.12	2033.28	2033.11	2033.15	22	0	0
2024.02.27	05:05:00	2033.15	2033.18	2032.91	2032.96	21	0	0
2024.02.27	05:06:00	2032.99	2033.07	2032.96	2033.01	15	0	0
2024.02.27	05:07:00	2033.00	2033.01	2032.91	2032.93	30	0	0
2024.02.27	05:08:00	2032.94	2032.95	2032.52	2032.64	34	0	0
2024.02.27	05:09:00	2032.65	2032.65	2032.49	2032.49	25	0	0
2024.02.27	05:10:00	2032.47	2032.75	2032.43	2032.72	38	0	0
2024.02.27	05:11:00	2032.74	2032.74	2032.51	2032.57	36	0	0
2024.02.27	05:12:00	2032.58	2032.67	2032.49	2032.53	41	0	0
2024.02.27	05:13:00	2032.54	2032.65	2032.52	2032.52	30	0	0
2024.02.27	05:14:00	2032.53	2032.53	2032.34	2032.43	48	0	0
2024.02.27	05:15:00	2032.42	2032.50	2032.40	2032.44	18	0	0
2024.02.27	05:16:00	2032.40	2032.64	2032.40	2032.63	24	0	0
2024.02.27	05:17:00	2032.64	2032.72	2032.62	2032.68	20	0	0
2024.02.27	05:18:00	2032.74	2032.92	2032.74	2032.82	40	0	0
2024.02.27	05:19:00	2032.83	2032.83	2032.58	2032.58	26	0	0
2024.02.27	05:20:00	2032.61	2032.72	2032.53	2032.71	35	0	0
2024.02.27	05:21:00	2032.67	2032.69	2032.59	2032.69	21	0	0
2024.02.27	05:22:00	2032.63	2032.82	2032.63	2032.82	24	0	0
2024.02.27	05:23:00	2032.83	2032.83	2032.70	2032.78	29	0	0
2024.02.27	05:24:00	2032.77	2032.79	2032.67	2032.69	31	0	0
2024.02.27	05:25:00	2032.70	2032.80	2032.66	2032.77	41	0	0
2024.02.27	05:26:00	2032.70	2032.70	2032.47	2032.47	25	0	0
2024.02.27	05:27:00	2032.47	2032.70	2032.43	2032.68	25	0	0
2024.02.27	05:28:00	2032.67	2032.72	2032.60	2032.62	20	0	0
2024.02.27	05:29:00	2032.62	2032.63	2032.43	2032.59	34	0	0
2024.02.27	05:30:00	2032.54	2032.81	2032.51	2032.81	15	0	0
2024.02.27	05:31:00	2032.80	2032.95	2032.78	2032.95	26	0	0
2024.02.27	05:32:00	2032.85	2032.87	2032.74	2032.74	13	0	0
2024.02.27	05:33:00	2032.73	2032.87	2032.73	2032.84	24	0	0
2024.02.27	05:34:00	2032.83	2032.84	2032.75	2032.82	12	0	0
2024.02.27	05:35:00	2032.83	2032.88	2032.78	2032.83	12	0	0
2024.02.27	05:36:00	2032.81	2032.82	2032.73	2032.77	18	0	0
2024.02.27	05:37:00	2032.78	2032.92	2032.74	2032.83	22	0	0
2024.02.27	05:38:00	2032.82	2032.85	2032.79	2032.85	29	0	0
2024.02.27	05:39:00	2032.86	2032.94	2032.84	2032.94	12	0	0
2024.02.27	05:40:00	2032.87	2032.92	2032.85	2032.85	15	0	0
2024.02.27	05:41:00	2032.87	2032.92	2032.76	2032.85	32	0	0
2024.02.27	05:42:00	2032.84	2032.85	2032.74	2032.79	20	0	0
2024.02.27	05:43:00	2032.79	2032.79	2032.55	2032.62	25	0	0
2024.02.27	05:44:00	2032.59	2032.68	2032.57	2032.61	26	0	0
2024.02.27	05:45:00	2032.62	2032.67	2032.50	2032.54	24	0	0
2024.02.27	05:46:00	2032.55	2032.55	2032.54	2032.54	4	0	0
2024.02.27	05:47:00	2032.55	2032.74	2032.55	2032.65	24	0	0
2024.02.27	05:48:00	2032.69	2032.91	2032.69	2032.91	17	0	0
2024.02.27	05:49:00	2032.87	2032.89	2032.80	2032.82	20	0	0
2024.02.27	05:50:00	2032.87	2032.98	2032.79	2032.93	22	0	0
2024.02.27	05:51:00	2032.90	2033.00	2032.90	2032.99	23	0	0
2024.02.27	05:52:00	2033.01	2033.06	2032.90	2033.06	30	0	0
2024.02.27	05:53:00	2033.06	2033.14	2033.05	2033.11	21	0	0
2024.02.27	05:54:00	2033.09	2033.11	2033.00	2033.00	11	0	0
2024.02.27	05:55:00	2032.99	2033.14	2032.99	2033.10	9	0	0
2024.02.27	05:56:00	2033.12	2033.15	2033.10	2033.14	7	0	0
2024.02.27	05:57:00	2033.24	2033.47	2033.23	2033.47	20	0	0
2024.02.27	05:58:00	2033.47	2033.48	2033.44	2033.45	8	0	0
2024.02.27	05:59:00	2033.41	2033.46	2033.39	2033.46	10	0	0
2024.02.27	06:00:00	2033.45	2033.55	2033.44	2033.44	12	0	0
2024.02.27	06:01:00	2033.48	2033.79	2033.46	2033.79	32	0	0
2024.02.27	06:02:00	2033.83	2033.83	2033.58	2033.71	26	0	0
2024.02.27	06:03:00	2033.66	2033.72	2033.65	2033.68	12	0	0
2024.02.27	06:04:00	2033.70	2033.78	2033.70	2033.75	24	0	0
2024.02.27	06:05:00	2033.76	2033.99	2033.76	2033.96	23	0	0
2024.02.27	06:06:00	2033.94	2033.96	2033.80	2033.82	21	0	0
2024.02.27	06:07:00	2033.80	2033.85	2033.68	2033.68	14	0	0
2024.02.27	06:08:00	2033.74	2033.83	2033.74	2033.83	4	0	0
2024.02.27	06:09:00	2033.84	2033.97	2033.83	2033.94	11	0	0
2024.02.27	06:10:00	2033.93	2034.18	2033.93	2034.17	28	0	0
2024.02.27	06:11:00	2034.14	2034.22	2033.96	2033.99	25	0	0
2024.02.27	06:12:00	2033.97	2034.03	2033.96	2034.00	10	0	0
2024.02.27	06:13:00	2033.96	2034.03	2033.90	2034.00	17	0	0
2024.02.27	06:14:00	2034.02	2034.04	2033.89	2034.00	19	0	0
2024.02.27	06:15:00	2033.96	2033.99	2033.93	2033.94	17	0	0
2024.02.27	06:16:00	2033.93	2033.98	2033.89	2033.89	24	0	0
2024.02.27	06:17:00	2033.88	2033.99	2033.79	2033.97	30	0	0
2024.02.27	06:18:00	2033.99	2034.12	2033.96	2034.01	44	0	0
2024.02.27	06:19:00	2034.02	2034.02	2033.85	2033.94	38	0	0
2024.02.27	06:20:00	2033.92	2033.94	2033.86	2033.89	31	0	0
2024.02.27	06:21:00	2033.87	2033.93	2033.84	2033.90	20	0	0
2024.02.27	06:22:00	2033.91	2034.03	2033.90	2033.95	27	0	0
2024.02.27	06:23:00	2033.95	2034.01	2033.93	2033.99	22	0	0
2024.02.27	06:24:00	2033.97	2033.98	2033.87	2033.92	17	0	0
2024.02.27	06:25:00	2033.92	2033.93	2033.87	2033.88	21	0	0
2024.02.27	06:26:00	2033.89	2033.92	2033.88	2033.89	8	0	0
2024.02.27	06:27:00	2033.97	2034.09	2033.97	2033.99	23	0	0
2024.02.27	06:28:00	2033.98	2034.01	2033.98	2033.99	9	0	0
2024.02.27	06:29:00	2034.00	2034.08	2033.99	2034.08	13	0	0
2024.02.27	06:30:00	2034.09	2034.11	2033.99	2034.03	25	0	0
2024.02.27	06:31:00	2034.03	2034.23	2034.02	2034.22	16	0	0
2024.02.27	06:32:00	2034.36	2034.53	2034.36	2034.42	39	0	0
2024.02.27	06:33:00	2034.43	2034.43	2034.30	2034.30	24	0	0
2024.02.27	06:34:00	2034.32	2034.32	2034.22	2034.30	11	0	0
2024.02.27	06:35:00	2034.26	2034.33	2034.26	2034.33	15	0	0
2024.02.27	06:36:00	2034.34	2034.54	2034.34	2034.53	20	0	0
2024.02.27	06:37:00	2034.53	2034.62	2034.25	2034.25	43	0	0
2024.02.27	06:38:00	2034.24	2034.24	2034.14	2034.20	18	0	0
2024.02.27	06:39:00	2034.19	2034.27	2034.10	2034.20	27	0	0
2024.02.27	06:40:00	2034.27	2034.28	2034.17	2034.28	18	0	0
2024.02.27	06:41:00	2034.27	2034.27	2034.09	2034.13	23	0	0
2024.02.27	06:42:00	2034.14	2034.30	2034.14	2034.30	20	0	0
2024.02.27	06:43:00	2034.32	2034.34	2034.24	2034.25	14	0	0
2024.02.27	06:44:00	2034.29	2034.29	2034.20	2034.29	26	0	0
2024.02.27	06:45:00	2034.33	2034.38	2034.29	2034.35	29	0	0
2024.02.27	06:46:00	2034.36	2034.39	2034.15	2034.25	26	0	0
2024.02.27	06:47:00	2034.23	2034.25	2034.03	2034.10	29	0	0
2024.02.27	06:48:00	2034.08	2034.08	2033.78	2033.79	33	0	0
2024.02.27	06:49:00	2033.78	2033.84	2033.78	2033.84	4	0	0
2024.02.27	06:50:00	2033.83	2033.86	2033.76	2033.76	24	0	0
2024.02.27	06:51:00	2033.75	2033.83	2033.59	2033.73	20	0	0
2024.02.27	06:52:00	2033.72	2033.73	2033.64	2033.72	26	0	0
2024.02.27	06:53:00	2033.73	2033.80	2033.73	2033.74	5	0	0
2024.02.27	06:54:00	2033.73	2033.82	2033.70	2033.80	22	0	0
2024.02.27	06:55:00	2033.81	2033.82	2033.67	2033.68	14	0	0
2024.02.27	06:56:00	2033.70	2033.84	2033.70	2033.84	21	0	0
2024.02.27	06:57:00	2033.83	2033.83	2033.68	2033.83	14	0	0
2024.02.27	06:58:00	2033.81	2033.90	2033.80	2033.90	12	0	0
2024.02.27	06:59:00	2033.89	2033.90	2033.79	2033.83	18	0	0
2024.02.27	07:00:00	2033.81	2033.90	2033.77	2033.84	17	0	0
2024.02.27	07:01:00	2033.85	2033.94	2033.82	2033.94	38	0	0
2024.02.27	07:02:00	2033.90	2033.95	2033.80	2033.83	23	0	0
2024.02.27	07:03:00	2033.84	2033.84	2033.63	2033.64	19	0	0
2024.02.27	07:04:00	2033.61	2033.68	2033.53	2033.64	21	0	0
2024.02.27	07:05:00	2033.63	2033.64	2033.53	2033.58	21	0	0
2024.02.27	07:06:00	2033.60	2033.73	2033.60	2033.64	12	0	0
2024.02.27	07:07:00	2033.65	2033.69	2033.62	2033.64	12	0	0
2024.02.27	07:08:00	2033.63	2033.70	2033.43	2033.43	34	0	0
2024.02.27	07:09:00	2033.43	2033.54	2033.43	2033.53	16	0	0
2024.02.27	07:10:00	2033.54	2033.54	2033.37	2033.39	38	0	0
2024.02.27	07:11:00	2033.40	2033.52	2033.38	2033.40	27	0	0
2024.02.27	07:12:00	2033.42	2033.48	2033.22	2033.22	26	0	0
2024.02.27	07:13:00	2033.21	2033.32	2033.18	2033.20	45	0	0
2024.02.27	07:14:00	2033.22	2033.40	2033.22	2033.40	26	0	0
2024.02.27	07:15:00	2033.42	2033.44	2033.20	2033.27	17	0	0
2024.02.27	07:16:00	2033.28	2033.34	2033.23	2033.28	25	0	0
2024.02.27	07:17:00	2033.29	2033.40	2033.23	2033.40	21	0	0
2024.02.27	07:18:00	2033.39	2033.44	2033.38	2033.39	14	0	0
2024.02.27	07:19:00	2033.40	2033.44	2033.28	2033.30	19	0	0
2024.02.27	07:20:00	2033.29	2033.34	2032.98	2033.29	43	0	0
2024.02.27	07:21:00	2033.30	2033.32	2033.14	2033.24	24	0	0
2024.02.27	07:22:00	2033.23	2033.27	2033.00	2033.15	25	0	0
2024.02.27	07:23:00	2033.16	2033.23	2033.12	2033.19	27	0	0
2024.02.27	07:24:00	2033.21	2033.37	2033.19	2033.34	28	0	0
2024.02.27	07:25:00	2033.33	2033.34	2033.23	2033.33	26	0	0
2024.02.27	07:26:00	2033.29	2033.29	2033.08	2033.17	26	0	0
2024.02.27	07:27:00	2033.15	2033.17	2032.85	2033.04	52	0	0
2024.02.27	07:28:00	2033.05	2033.08	2032.85	2032.87	26	0	0
2024.02.27	07:29:00	2032.88	2032.88	2032.81	2032.83	29	0	0
2024.02.27	07:30:00	2032.84	2033.15	2032.83	2033.07	49	0	0
2024.02.27	07:31:00	2033.23	2033.43	2033.23	2033.35	40	0	0
2024.02.27	07:32:00	2033.30	2033.36	2033.24	2033.33	26	0	0
2024.02.27	07:33:00	2033.34	2033.35	2033.19	2033.34	25	0	0
2024.02.27	07:34:00	2033.32	2033.33	2033.28	2033.33	7	0	0
2024.02.27	07:35:00	2033.32	2033.32	2033.24	2033.24	21	0	0
2024.02.27	07:36:00	2033.25	2033.43	2033.25	2033.39	9	0	0
2024.02.27	07:37:00	2033.37	2033.43	2033.28	2033.29	24	0	0
2024.02.27	07:38:00	2033.26	2033.40	2033.26	2033.40	13	0	0
2024.02.27	07:39:00	2033.36	2033.44	2033.35	2033.44	13	0	0
2024.02.27	07:40:00	2033.44	2033.44	2033.28	2033.34	29	0	0
2024.02.27	07:41:00	2033.35	2033.36	2033.10	2033.14	37	0	0
2024.02.27	07:42:00	2033.14	2033.30	2033.14	2033.25	23	0	0
2024.02.27	07:43:00	2033.25	2033.34	2033.23	2033.33	35	0	0
2024.02.27	07:44:00	2033.32	2033.59	2033.29	2033.34	60	0	0
2024.02.27	07:45:00	2033.34	2033.52	2033.33	2033.38	19	0	0
2024.02.27	07:46:00	2033.40	2033.52	2033.28	2033.52	27	0	0
2024.02.27	07:47:00	2033.51	2033.56	2033.46	2033.56	32	0	0
2024.02.27	07:48:00	2033.55	2033.62	2033.52	2033.53	25	0	0
2024.02.27	07:49:00	2033.53	2033.56	2033.47	2033.53	21	0	0
2024.02.27	07:50:00	2033.58	2033.61	2033.48	2033.53	31	0	0
2024.02.27	07:51:00	2033.47	2033.57	2033.47	2033.52	14	0	0
2024.02.27	07:52:00	2033.53	2033.81	2033.50	2033.79	38	0	0
2024.02.27	07:53:00	2033.80	2033.94	2033.80	2033.94	8	0	0
2024.02.27	07:54:00	2033.97	2034.01	2033.77	2033.82	44	0	0
2024.02.27	07:55:00	2033.76	2033.93	2033.76	2033.92	11	0	0
2024.02.27	07:56:00	2033.93	2033.93	2033.76	2033.85	31	0	0
2024.02.27	07:57:00	2033.86	2033.96	2033.77	2033.86	34	0	0
2024.02.27	07:58:00	2033.85	2033.93	2033.72	2033.81	42	0	0
2024.02.27	07:59:00	2033.82	2033.82	2033.64	2033.66	26	0	0
2024.02.27	08:00:00	2033.67	2033.67	2033.52	2033.55	38	0	0
2024.02.27	08:01:00	2033.54	2033.54	2033.30	2033.52	69	0	0
2024.02.27	08:02:00	2033.52	2033.62	2033.45	2033.45	32	0	0
2024.02.27	08:03:00	2033.46	2033.63	2033.46	2033.52	28	0	0
2024.02.27	08:04:00	2033.53	2033.60	2033.48	2033.57	44	0	0
2024.02.27	08:05:00	2033.58	2033.58	2033.40	2033.50	49	0	0
2024.02.27	08:06:00	2033.50	2033.74	2033.40	2033.74	48	0	0
2024.02.27	08:07:00	2033.72	2033.74	2033.58	2033.59	13	0	0
2024.02.27	08:08:00	2033.60	2033.73	2033.49	2033.60	23	0	0
2024.02.27	08:09:00	2033.57	2033.61	2033.49	2033.61	37	0	0
2024.02.27	08:10:00	2033.63	2033.84	2033.63	2033.80	26	0	0
2024.02.27	08:11:00	2033.78	2033.82	2033.58	2033.61	41	0	0
2024.02.27	08:12:00	2033.62	2033.64	2033.47	2033.60	31	0	0
2024.02.27	08:13:00	2033.57	2033.60	2033.50	2033.54	50	0	0
2024.02.27	08:14:00	2033.52	2033.59	2033.50	2033.57	38	0	0
2024.02.27	08:15:00	2033.59	2033.66	2033.43	2033.57	56	0	0
2024.02.27	08:16:00	2033.56	2033.57	2033.47	2033.55	23	0	0
2024.02.27	08:17:00	2033.54	2033.72	2033.54	2033.72	23	0	0
2024.02.27	08:18:00	2033.75	2033.88	2033.73	2033.78	25	0	0
2024.02.27	08:19:00	2033.81	2033.92	2033.68	2033.68	36	0	0
2024.02.27	08:20:00	2033.69	2033.87	2033.69	2033.86	37	0	0
2024.02.27	08:21:00	2033.83	2033.87	2033.78	2033.85	30	0	0
2024.02.27	08:22:00	2033.81	2033.88	2033.72	2033.82	26	0	0
2024.02.27	08:23:00	2033.80	2033.80	2033.70	2033.78	15	0	0
2024.02.27	08:24:00	2033.77	2033.90	2033.77	2033.90	23	0	0
2024.02.27	08:25:00	2033.88	2033.89	2033.77	2033.89	17	0	0
2024.02.27	08:26:00	2033.83	2033.98	2033.70	2033.92	38	0	0
2024.02.27	08:27:00	2033.95	2033.99	2033.88	2033.90	30	0	0
2024.02.27	08:28:00	2033.91	2033.93	2033.75	2033.75	35	0	0
2024.02.27	08:29:00	2033.78	2033.92	2033.74	2033.89	35	0	0
2024.02.27	08:30:00	2033.90	2033.91	2033.85	2033.88	14	0	0
2024.02.27	08:31:00	2033.89	2034.11	2033.89	2034.11	37	0	0
2024.02.27	08:32:00	2034.12	2034.35	2034.12	2034.31	45	0	0
2024.02.27	08:33:00	2034.25	2034.59	2034.25	2034.50	41	0	0
2024.02.27	08:34:00	2034.42	2034.80	2034.39	2034.50	61	0	0
2024.02.27	08:35:00	2034.49	2034.62	2034.42	2034.59	70	0	0
2024.02.27	08:36:00	2034.60	2034.77	2034.57	2034.68	38	0	0
2024.02.27	08:37:00	2034.69	2034.72	2034.51	2034.61	44	0	0
2024.02.27	08:38:00	2034.58	2034.80	2034.58	2034.71	44	0	0
2024.02.27	08:39:00	2034.72	2034.98	2034.72	2034.89	73	0	0
2024.02.27	08:40:00	2034.84	2034.84	2034.65	2034.68	50	0	0
2024.02.27	08:41:00	2034.66	2034.77	2034.47	2034.48	58	0	0
2024.02.27	08:42:00	2034.49	2034.50	2034.15	2034.38	71	0	0
2024.02.27	08:43:00	2034.36	2034.36	2034.06	2034.22	36	0	0
2024.02.27	08:44:00	2034.18	2034.18	2033.73	2033.73	39	0	0
2024.02.27	08:45:00	2033.75	2033.98	2033.75	2033.97	31	0	0
2024.02.27	08:46:00	2033.98	2034.09	2033.91	2034.08	41	0	0
2024.02.27	08:47:00	2034.09	2034.09	2033.84	2033.94	31	0	0
2024.02.27	08:48:00	2033.93	2033.99	2033.84	2033.84	45	0	0
2024.02.27	08:49:00	2033.85	2033.90	2033.75	2033.75	21	0	0
2024.02.27	08:50:00	2033.76	2033.88	2033.75	2033.83	23	0	0
2024.02.27	08:51:00	2033.84	2033.97	2033.84	2033.86	23	0	0
2024.02.27	08:52:00	2033.85	2033.96	2033.85	2033.94	31	0	0
2024.02.27	08:53:00	2033.95	2034.07	2033.95	2034.01	41	0	0
2024.02.27	08:54:00	2034.03	2034.09	2033.84	2033.93	45	0	0
2024.02.27	08:55:00	2033.94	2033.94	2033.82	2033.83	29	0	0
2024.02.27	08:56:00	2033.79	2033.84	2033.62	2033.64	26	0	0
2024.02.27	08:57:00	2033.63	2033.63	2033.39	2033.45	42	0	0
2024.02.27	08:58:00	2033.46	2033.49	2033.35	2033.42	44	0	0
2024.02.27	08:59:00	2033.46	2033.55	2033.46	2033.52	34	0	0
2024.02.27	09:00:00	2033.53	2033.72	2033.34	2033.72	63	0	0
2024.02.27	09:01:00	2033.70	2033.80	2033.63	2033.79	26	0	0
2024.02.27	09:02:00	2033.80	2033.98	2033.79	2033.88	50	0	0
2024.02.27	09:03:00	2033.86	2033.98	2033.79	2033.98	27	0	0
2024.02.27	09:04:00	2033.99	2034.02	2033.88	2033.91	49	0	0
2024.02.27	09:05:00	2033.95	2034.17	2033.92	2034.17	55	0	0
2024.02.27	09:06:00	2034.18	2034.23	2034.08	2034.18	37	0	0
2024.02.27	09:07:00	2034.17	2034.20	2033.90	2033.98	33	0	0
2024.02.27	09:08:00	2033.96	2034.03	2033.88	2033.95	60	0	0
2024.02.27	09:09:00	2033.96	2034.18	2033.96	2034.04	61	0	0
2024.02.27	09:10:00	2034.03	2034.17	2033.99	2034.17	55	0	0
2024.02.27	09:11:00	2034.18	2034.30	2034.17	2034.18	38	0	0
2024.02.27	09:12:00	2034.17	2034.37	2034.07	2034.30	32	0	0
2024.02.27	09:13:00	2034.31	2034.59	2034.31	2034.55	65	0	0
2024.02.27	09:14:00	2034.59	2034.77	2034.49	2034.77	49	0	0
2024.02.27	09:15:00	2034.76	2035.00	2034.65	2034.96	46	0	0
2024.02.27	09:16:00	2034.91	2034.91	2034.74	2034.84	46	0	0
2024.02.27	09:17:00	2034.85	2034.97	2034.64	2034.97	50	0	0
2024.02.27	09:18:00	2034.95	2034.99	2034.58	2034.59	56	0	0
2024.02.27	09:19:00	2034.61	2034.63	2034.43	2034.47	69	0	0
2024.02.27	09:20:00	2034.47	2034.76	2034.44	2034.76	42	0	0
2024.02.27	09:21:00	2034.75	2034.87	2034.66	2034.82	61	0	0
2024.02.27	09:22:00	2034.86	2035.15	2034.86	2035.12	63	0	0
2024.02.27	09:23:00	2035.14	2035.34	2034.90	2035.30	64	0	0
2024.02.27	09:24:00	2035.29	2035.47	2035.26	2035.38	59	0	0
2024.02.27	09:25:00	2035.37	2035.45	2035.27	2035.44	59	0	0
2024.02.27	09:26:00	2035.45	2035.68	2035.45	2035.58	56	0	0
2024.02.27	09:27:00	2035.56	2035.84	2035.54	2035.54	59	0	0
2024.02.27	09:28:00	2035.52	2035.53	2035.01	2035.01	65	0	0
2024.02.27	09:29:00	2035.02	2035.10	2034.88	2034.91	88	0	0
2024.02.27	09:30:00	2034.89	2035.51	2034.89	2035.45	103	0	0
2024.02.27	09:31:00	2035.46	2035.75	2035.45	2035.45	87	0	0
2024.02.27	09:32:00	2035.44	2035.44	2035.18	2035.28	73	0	0
2024.02.27	09:33:00	2035.27	2035.70	2035.27	2035.53	77	0	0
2024.02.27	09:34:00	2035.57	2035.78	2035.57	2035.68	59	0	0
2024.02.27	09:35:00	2035.67	2036.02	2035.67	2036.00	86	0	0
2024.02.27	09:36:00	2035.99	2036.10	2035.89	2036.02	84	0	0
2024.02.27	09:37:00	2036.04	2036.09	2035.72	2035.85	93	0	0
2024.02.27	09:38:00	2035.84	2036.15	2035.80	2036.15	46	0	0
2024.02.27	09:39:00	2036.16	2036.20	2036.02	2036.05	63	0	0
2024.02.27	09:40:00	2036.02	2036.16	2036.00	2036.06	65	0	0
2024.02.27	09:41:00	2036.02	2036.18	2035.91	2036.08	79	0	0
2024.02.27	09:42:00	2036.07	2036.22	2036.06	2036.15	69	0	0
2024.02.27	09:43:00	2036.15	2036.18	2036.01	2036.18	62	0	0
2024.02.27	09:44:00	2036.18	2036.25	2035.96	2036.10	47	0	0
2024.02.27	09:45:00	2036.09	2036.18	2035.88	2035.93	49	0	0
2024.02.27	09:46:00	2035.94	2036.05	2035.71	2035.75	88	0	0
2024.02.27	09:47:00	2035.74	2035.78	2035.60	2035.60	88	0	0
2024.02.27	09:48:00	2035.63	2035.76	2035.58	2035.58	65	0	0
2024.02.27	09:49:00	2035.61	2035.76	2035.50	2035.63	83	0	0
2024.02.27	09:50:00	2035.61	2035.77	2035.55	2035.71	87	0	0
2024.02.27	09:51:00	2035.74	2036.08	2035.71	2036.01	64	0	0
2024.02.27	09:52:00	2036.01	2036.01	2035.70	2035.70	83	0	0
2024.02.27	09:53:00	2035.70	2035.70	2035.45	2035.59	81	0	0
2024.02.27	09:54:00	2035.57	2035.73	2035.51	2035.70	61	0	0
2024.02.27	09:55:00	2035.69	2035.89	2035.53	2035.89	57	0	0
2024.02.27	09:56:00	2035.88	2035.88	2035.59	2035.60	61	0	0
2024.02.27	09:57:00	2035.62	2035.72	2035.55	2035.56	57	0	0
2024.02.27	09:58:00	2035.58	2035.58	2035.33	2035.37	56	0	0
2024.02.27	09:59:00	2035.36	2035.53	2035.33	2035.43	42	0	0
2024.02.27	10:00:00	2035.41	2035.79	2035.36	2035.63	111	0	0
2024.02.27	10:01:00	2035.65	2035.69	2035.24	2035.39	107	0	0
2024.02.27	10:02:00	2035.39	2035.39	2034.99	2035.02	96	0	0
2024.02.27	10:03:00	2035.00	2035.04	2034.86	2034.93	122	0	0
2024.02.27	10:04:00	2034.95	2035.22	2034.95	2035.02	146	0	0
2024.02.27	10:05:00	2035.03	2035.04	2034.69	2034.69	118	0	0
2024.02.27	10:06:00	2034.67	2035.14	2034.64	2034.94	128	0	0
2024.02.27	10:07:00	2034.98	2035.01	2034.78	2034.83	78	0	0
2024.02.27	10:08:00	2034.85	2035.19	2034.84	2035.09	92	0	0
2024.02.27	10:09:00	2035.09	2035.50	2035.08	2035.49	108	0	0
2024.02.27	10:10:00	2035.49	2035.76	2035.48	2035.64	76	0	0
2024.02.27	10:11:00	2035.66	2035.73	2035.37	2035.38	43	0	0
2024.02.27	10:12:00	2035.42	2035.50	2035.28	2035.29	83	0	0
2024.02.27	10:13:00	2035.29	2035.40	2035.19	2035.35	57	0	0
2024.02.27	10:14:00	2035.33	2035.68	2035.32	2035.68	81	0	0
2024.02.27	10:15:00	2035.69	2036.02	2035.69	2035.90	46	0	0
2024.02.27	10:16:00	2035.96	2036.20	2035.73	2036.20	62	0	0
2024.02.27	10:17:00	2036.20	2036.20	2035.66	2036.03	92	0	0
2024.02.27	10:18:00	2036.02	2036.13	2035.80	2035.82	66	0	0
2024.02.27	10:19:00	2035.86	2035.96	2035.86	2035.93	65	0	0
2024.02.27	10:20:00	2035.93	2036.22	2035.91	2036.07	97	0	0
2024.02.27	10:21:00	2036.10	2036.37	2036.03	2036.33	88	0	0
2024.02.27	10:22:00	2036.34	2036.39	2036.23	2036.38	71	0	0
2024.02.27	10:23:00	2036.38	2037.34	2036.33	2036.90	107	0	0
2024.02.27	10:24:00	2036.91	2037.13	2036.82	2037.10	123	0	0
2024.02.27	10:25:00	2037.14	2037.14	2036.88	2036.99	94	0	0
2024.02.27	10:26:00	2037.00	2037.31	2036.98	2037.30	86	0	0
2024.02.27	10:27:00	2037.30	2037.49	2037.11	2037.16	116	0	0
2024.02.27	10:28:00	2037.16	2037.16	2036.94	2036.98	129	0	0
2024.02.27	10:29:00	2036.98	2037.45	2036.96	2037.34	100	0	0
2024.02.27	10:30:00	2037.35	2037.88	2037.34	2037.88	108	0	0
2024.02.27	10:31:00	2037.89	2038.15	2037.72	2037.89	143	0	0
2024.02.27	10:32:00	2037.90	2038.14	2037.50	2037.53	149	0	0
2024.02.27	10:33:00	2037.52	2037.52	2037.17	2037.35	124	0	0
2024.02.27	10:34:00	2037.38	2038.03	2037.34	2037.83	109	0	0
2024.02.27	10:35:00	2037.83	2037.91	2037.64	2037.83	111	0	0
2024.02.27	10:36:00	2037.87	2038.35	2037.77	2038.35	129	0	0
2024.02.27	10:37:00	2038.42	2038.58	2038.29	2038.44	105	0	0
2024.02.27	10:38:00	2038.45	2038.68	2038.24	2038.25	135	0	0
2024.02.27	10:39:00	2038.26	2038.46	2038.12	2038.32	116	0	0
2024.02.27	10:40:00	2038.32	2038.63	2038.25	2038.55	100	0	0
2024.02.27	10:41:00	2038.60	2038.88	2038.60	2038.82	108	0	0
2024.02.27	10:42:00	2038.83	2039.19	2038.81	2038.88	116	0	0
2024.02.27	10:43:00	2038.89	2039.00	2038.73	2038.87	86	0	0
2024.02.27	10:44:00	2038.84	2038.91	2038.75	2038.75	84	0	0
2024.02.27	10:45:00	2038.73	2039.07	2038.69	2038.92	127	0	0
2024.02.27	10:46:00	2038.91	2039.14	2038.82	2039.07	120	0	0
2024.02.27	10:47:00	2039.06	2039.22	2038.93	2039.09	95	0	0
2024.02.27	10:48:00	2039.11	2039.22	2038.95	2038.95	79	0	0
2024.02.27	10:49:00	2038.94	2039.29	2038.92	2039.03	91	0	0
2024.02.27	10:50:00	2039.04	2039.34	2038.94	2039.06	115	0	0
2024.02.27	10:51:00	2039.09	2039.49	2039.09	2039.35	109	0	0
2024.02.27	10:52:00	2039.36	2039.37	2039.10	2039.17	87	0	0
2024.02.27	10:53:00	2039.18	2039.20	2038.95	2038.97	93	0	0
2024.02.27	10:54:00	2038.98	2039.01	2038.46	2038.60	99	0	0
2024.02.27	10:55:00	2038.61	2038.63	2038.22	2038.22	103	0	0
2024.02.27	10:56:00	2038.24	2038.35	2038.03	2038.08	91	0	0
2024.02.27	10:57:00	2038.05	2038.18	2037.64	2037.65	107	0	0
2024.02.27	10:58:00	2037.68	2037.82	2037.55	2037.64	113	0	0
2024.02.27	10:59:00	2037.63	2038.08	2037.50	2038.08	63	0	0
2024.02.27	11:00:00	2038.06	2038.09	2037.84	2037.94	63	0	0
2024.02.27	11:01:00	2037.94	2038.04	2037.50	2037.77	78	0	0
2024.02.27	11:02:00	2037.78	2037.82	2037.65	2037.79	71	0	0
2024.02.27	11:03:00	2037.78	2037.93	2037.77	2037.93	50	0	0
2024.02.27	11:04:00	2037.92	2038.12	2037.87	2038.04	68	0	0
2024.02.27	11:05:00	2038.05	2038.13	2037.93	2037.97	38	0	0
2024.02.27	11:06:00	2037.95	2037.95	2037.42	2037.42	76	0	0
2024.02.27	11:07:00	2037.40	2037.54	2037.37	2037.43	38	0	0
2024.02.27	11:08:00	2037.44	2037.63	2037.26	2037.34	44	0	0
2024.02.27	11:09:00	2037.33	2037.68	2037.33	2037.57	53	0	0
2024.02.27	11:10:00	2037.58	2037.72	2037.52	2037.69	50	0	0
2024.02.27	11:11:00	2037.65	2037.65	2037.44	2037.59	57	0	0
2024.02.27	11:12:00	2037.60	2037.73	2037.48	2037.48	68	0	0
2024.02.27	11:13:00	2037.48	2037.72	2037.31	2037.36	96	0	0
2024.02.27	11:14:00	2037.35	2037.35	2037.12	2037.23	72	0	0
2024.02.27	11:15:00	2037.28	2037.31	2036.99	2037.19	78	0	0
2024.02.27	11:16:00	2037.17	2037.37	2037.14	2037.34	64	0	0
2024.02.27	11:17:00	2037.35	2037.44	2037.15	2037.16	70	0	0
2024.02.27	11:18:00	2037.16	2037.17	2036.89	2036.91	57	0	0
2024.02.27	11:19:00	2036.90	2036.90	2036.50	2036.88	73	0	0
2024.02.27	11:20:00	2036.82	2036.87	2036.69	2036.78	40	0	0
2024.02.27	11:21:00	2036.77	2036.91	2036.66	2036.68	56	0	0
2024.02.27	11:22:00	2036.68	2036.82	2036.62	2036.82	49	0	0
2024.02.27	11:23:00	2036.81	2036.82	2036.65	2036.66	74	0	0
2024.02.27	11:24:00	2036.67	2036.84	2036.64	2036.74	58	0	0
2024.02.27	11:25:00	2036.75	2036.97	2036.64	2036.65	82	0	0
2024.02.27	11:26:00	2036.66	2036.82	2036.63	2036.75	49	0	0
2024.02.27	11:27:00	2036.75	2036.75	2036.50	2036.74	59	0	0
2024.02.27	11:28:00	2036.74	2036.75	2036.61	2036.74	56	0	0
2024.02.27	11:29:00	2036.73	2036.77	2036.55	2036.60	53	0	0
2024.02.27	11:30:00	2036.58	2036.71	2036.40	2036.54	86	0	0
2024.02.27	11:31:00	2036.55	2036.59	2036.39	2036.39	55	0	0
2024.02.27	11:32:00	2036.35	2036.35	2035.81	2035.81	56	0	0
2024.02.27	11:33:00	2035.83	2036.06	2035.68	2035.90	66	0	0
2024.02.27	11:34:00	2035.82	2035.83	2035.69	2035.72	39	0	0
2024.02.27	11:35:00	2035.71	2035.89	2035.60	2035.79	74	0	0
2024.02.27	11:36:00	2035.76	2036.00	2035.70	2035.99	37	0	0
2024.02.27	11:37:00	2036.00	2036.11	2035.99	2036.00	38	0	0
2024.02.27	11:38:00	2035.92	2035.99	2035.69	2035.90	73	0	0
2024.02.27	11:39:00	2035.89	2035.99	2035.79	2035.90	38	0	0
2024.02.27	11:40:00	2035.84	2035.89	2035.50	2035.75	76	0	0
2024.02.27	11:41:00	2035.76	2035.90	2035.66	2035.67	79	0	0
2024.02.27	11:42:00	2035.65	2035.65	2035.49	2035.49	52	0	0
2024.02.27	11:43:00	2035.51	2035.80	2035.49	2035.79	73	0	0
2024.02.27	11:44:00	2035.76	2035.76	2035.44	2035.63	69	0	0
2024.02.27	11:45:00	2035.61	2035.77	2035.54	2035.63	75	0	0
2024.02.27	11:46:00	2035.57	2035.64	2035.40	2035.45	46	0	0
2024.02.27	11:47:00	2035.41	2036.62	2035.36	2036.51	127	0	0
2024.02.27	11:48:00	2036.52	2036.92	2036.33	2036.90	121	0	0
2024.02.27	11:49:00	2036.83	2036.92	2036.55	2036.80	134	0	0
2024.02.27	11:50:00	2036.79	2036.85	2036.50	2036.62	107	0	0
2024.02.27	11:51:00	2036.64	2037.06	2036.57	2036.94	96	0	0
2024.02.27	11:52:00	2036.91	2036.92	2036.47	2036.78	100	0	0
2024.02.27	11:53:00	2036.76	2036.88	2036.63	2036.79	83	0	0
2024.02.27	11:54:00	2036.84	2037.30	2036.65	2037.16	159	0	0
2024.02.27	11:55:00	2037.12	2037.12	2036.77	2036.88	80	0	0
2024.02.27	11:56:00	2036.90	2036.93	2036.80	2036.89	63	0	0
2024.02.27	11:57:00	2036.95	2037.12	2036.90	2036.99	74	0	0
2024.02.27	11:58:00	2037.00	2037.00	2036.77	2036.87	64	0	0
2024.02.27	11:59:00	2036.92	2036.93	2036.60	2036.65	83	0	0
2024.02.27	12:00:00	2036.68	2036.72	2036.57	2036.58	82	0	0
2024.02.27	12:01:00	2036.61	2036.68	2036.43	2036.43	87	0	0
2024.02.27	12:02:00	2036.50	2036.60	2036.41	2036.43	61	0	0
2024.02.27	12:03:00	2036.44	2036.63	2036.42	2036.52	56	0	0
2024.02.27	12:04:00	2036.58	2036.73	2036.52	2036.60	80	0	0
2024.02.27	12:05:00	2036.62	2036.68	2036.14	2036.14	88	0	0
2024.02.27	12:06:00	2036.12	2036.32	2035.94	2036.22	91	0	0
2024.02.27	12:07:00	2036.23	2036.35	2036.12	2036.17	72	0	0
2024.02.27	12:08:00	2036.16	2036.26	2036.02	2036.20	68	0	0
2024.02.27	12:09:00	2036.28	2036.34	2036.02	2036.03	78	0	0
2024.02.27	12:10:00	2036.02	2036.03	2035.49	2035.66	55	0	0
2024.02.27	12:11:00	2035.68	2035.87	2035.64	2035.72	65	0	0
2024.02.27	12:12:00	2035.71	2035.75	2035.52	2035.62	64	0	0
2024.02.27	12:13:00	2035.68	2035.68	2035.52	2035.53	48	0	0
2024.02.27	12:14:00	2035.54	2035.64	2035.30	2035.30	60	0	0
2024.02.27	12:15:00	2035.35	2035.42	2035.09	2035.18	98	0	0
2024.02.27	12:16:00	2035.19	2035.34	2034.86	2035.34	80	0	0
2024.02.27	12:17:00	2035.29	2035.33	2034.98	2035.22	80	0	0
2024.02.27	12:18:00	2035.20	2035.49	2035.10	2035.48	67	0	0
2024.02.27	12:19:00	2035.47	2035.62	2035.45	2035.59	46	0	0
2024.02.27	12:20:00	2035.55	2035.62	2035.46	2035.59	49	0	0
2024.02.27	12:21:00	2035.53	2035.61	2035.39	2035.53	50	0	0
2024.02.27	12:22:00	2035.54	2035.72	2035.51	2035.54	50	0	0
2024.02.27	12:23:00	2035.50	2035.83	2035.42	2035.79	70	0	0
2024.02.27	12:24:00	2035.79	2035.79	2035.41	2035.59	77	0	0
2024.02.27	12:25:00	2035.58	2035.73	2035.44	2035.65	69	0	0
2024.02.27	12:26:00	2035.60	2035.63	2035.36	2035.46	81	0	0
2024.02.27	12:27:00	2035.44	2035.51	2035.32	2035.34	55	0	0
2024.02.27	12:28:00	2035.35	2035.75	2035.33	2035.59	55	0	0
2024.02.27	12:29:00	2035.56	2036.05	2035.53	2035.98	125	0	0
2024.02.27	12:30:00	2035.99	2036.36	2035.88	2035.98	194	0	0
2024.02.27	12:31:00	2035.99	2036.10	2035.95	2036.00	59	0	0
2024.02.27	12:32:00	2035.99	2036.16	2035.95	2035.99	92	0	0
2024.02.27	12:33:00	2036.00	2036.16	2035.98	2036.11	48	0	0
2024.02.27	12:34:00	2036.12	2036.14	2035.75	2035.84	82	0	0
2024.02.27	12:35:00	2035.84	2035.84	2035.06	2035.16	102	0	0
2024.02.27	12:36:00	2035.15	2035.49	2035.06	2035.38	165	0	0
2024.02.27	12:37:00	2035.38	2035.38	2034.92	2034.97	88	0	0
2024.02.27	12:38:00	2034.96	2034.99	2034.68	2034.97	122	0	0
2024.02.27	12:39:00	2034.95	2035.50	2034.95	2035.28	107	0	0
2024.02.27	12:40:00	2035.29	2035.57	2035.06	2035.52	131	0	0
2024.02.27	12:41:00	2035.52	2035.80	2035.49	2035.80	76	0	0
2024.02.27	12:42:00	2035.82	2036.03	2035.80	2035.92	75	0	0
2024.02.27	12:43:00	2035.93	2035.95	2035.73	2035.95	88	0	0
2024.02.27	12:44:00	2035.96	2035.98	2035.80	2035.83	71	0	0
2024.02.27	12:45:00	2035.83	2036.04	2035.68	2036.04	109	0	0
2024.02.27	12:46:00	2035.99	2036.10	2035.84	2035.88	41	0	0
2024.02.27	12:47:00	2035.87	2035.98	2035.75	2035.97	44	0	0
2024.02.27	12:48:00	2035.92	2035.94	2035.55	2035.60	45	0	0
2024.02.27	12:49:00	2035.63	2035.83	2035.58	2035.81	24	0	0
2024.02.27	12:50:00	2035.82	2035.95	2035.75	2035.89	48	0	0
2024.02.27	12:51:00	2035.86	2036.15	2035.83	2036.09	23	0	0
2024.02.27	12:52:00	2036.08	2036.19	2035.96	2036.15	54	0	0
2024.02.27	12:53:00	2036.14	2036.25	2035.98	2036.24	46	0	0
2024.02.27	12:54:00	2036.20	2036.27	2036.11	2036.27	46	0	0
2024.02.27	12:55:00	2036.26	2036.34	2036.05	2036.34	54	0	0
2024.02.27	12:56:00	2036.35	2036.55	2036.27	2036.54	76	0	0
2024.02.27	12:57:00	2036.55	2036.55	2036.27	2036.49	115	0	0
2024.02.27	12:58:00	2036.46	2036.62	2036.42	2036.46	37	0	0
2024.02.27	12:59:00	2036.49	2036.54	2036.43	2036.48	43	0	0
2024.02.27	13:00:00	2036.54	2036.90	2036.54	2036.64	55	0	0
2024.02.27	13:01:00	2036.65	2036.90	2036.65	2036.84	61	0	0
2024.02.27	13:02:00	2036.85	2036.95	2036.66	2036.68	84	0	0
2024.02.27	13:03:00	2036.69	2036.74	2036.44	2036.63	102	0	0
2024.02.27	13:04:00	2036.61	2036.61	2036.45	2036.46	75	0	0
2024.02.27	13:05:00	2036.49	2036.50	2036.22	2036.34	60	0	0
2024.02.27	13:06:00	2036.33	2036.48	2036.18	2036.48	55	0	0
2024.02.27	13:07:00	2036.47	2036.48	2036.32	2036.35	55	0	0
2024.02.27	13:08:00	2036.36	2036.64	2036.34	2036.62	44	0	0
2024.02.27	13:09:00	2036.68	2036.68	2036.43	2036.48	71	0	0
2024.02.27	13:10:00	2036.49	2036.53	2036.20	2036.45	83	0	0
2024.02.27	13:11:00	2036.46	2036.63	2036.41	2036.63	64	0	0
2024.02.27	13:12:00	2036.62	2036.88	2036.54	2036.55	66	0	0
2024.02.27	13:13:00	2036.53	2036.56	2036.40	2036.48	72	0	0
2024.02.27	13:14:00	2036.44	2036.56	2036.44	2036.56	44	0	0
2024.02.27	13:15:00	2036.58	2036.69	2036.50	2036.59	63	0	0
2024.02.27	13:16:00	2036.62	2036.62	2036.46	2036.48	47	0	0
2024.02.27	13:17:00	2036.51	2036.73	2036.50	2036.68	101	0	0
2024.02.27	13:18:00	2036.69	2036.86	2036.66	2036.86	104	0	0
2024.02.27	13:19:00	2036.88	2036.89	2036.56	2036.62	68	0	0
2024.02.27	13:20:00	2036.60	2036.90	2036.50	2036.89	99	0	0
2024.02.27	13:21:00	2036.90	2037.21	2036.85	2037.13	172	0	0
2024.02.27	13:22:00	2037.12	2037.12	2036.72	2036.74	80	0	0
2024.02.27	13:23:00	2036.73	2036.89	2036.63	2036.63	53	0	0
2024.02.27	13:24:00	2036.64	2036.74	2036.63	2036.63	22	0	0
2024.02.27	13:25:00	2036.64	2036.69	2035.99	2036.01	83	0	0
2024.02.27	13:26:00	2035.99	2036.02	2035.75	2035.89	76	0	0
2024.02.27	13:27:00	2035.91	2036.09	2035.91	2035.92	42	0	0
2024.02.27	13:28:00	2035.91	2035.91	2035.77	2035.87	39	0	0
2024.02.27	13:29:00	2035.86	2035.95	2035.63	2035.67	67	0	0
2024.02.27	13:30:00	2035.69	2035.89	2035.59	2035.80	78	0	0
2024.02.27	13:31:00	2035.81	2035.94	2035.68	2035.94	49	0	0
2024.02.27	13:32:00	2035.93	2035.97	2035.78	2035.86	32	0	0
2024.02.27	13:33:00	2035.84	2035.84	2035.62	2035.77	47	0	0
2024.02.27	13:34:00	2035.77	2035.95	2035.77	2035.94	49	0	0
2024.02.27	13:35:00	2035.89	2036.40	2035.89	2036.39	86	0	0
2024.02.27	13:36:00	2036.41	2036.63	2036.36	2036.38	79	0	0
2024.02.27	13:37:00	2036.35	2036.72	2036.30	2036.58	64	0	0
2024.02.27	13:38:00	2036.57	2036.68	2036.51	2036.68	57	0	0
2024.02.27	13:39:00	2036.67	2037.07	2036.67	2037.07	31	0	0
2024.02.27	13:40:00	2037.05	2037.25	2037.05	2037.20	41	0	0
2024.02.27	13:41:00	2037.24	2037.42	2037.11	2037.31	87	0	0
2024.02.27	13:42:00	2037.30	2037.74	2037.17	2037.54	94	0	0
2024.02.27	13:43:00	2037.56	2037.68	2037.56	2037.58	49	0	0
2024.02.27	13:44:00	2037.55	2037.84	2037.44	2037.83	64	0	0
2024.02.27	13:45:00	2037.78	2037.99	2037.72	2037.95	61	0	0
2024.02.27	13:46:00	2037.92	2037.99	2037.87	2037.97	61	0	0
2024.02.27	13:47:00	2037.98	2038.41	2037.97	2038.35	77	0	0
2024.02.27	13:48:00	2038.33	2038.36	2037.97	2038.15	86	0	0
2024.02.27	13:49:00	2038.16	2038.20	2038.02	2038.19	55	0	0
2024.02.27	13:50:00	2038.18	2038.28	2038.01	2038.26	54	0	0
2024.02.27	13:51:00	2038.27	2038.43	2038.26	2038.28	40	0	0
2024.02.27	13:52:00	2038.31	2038.46	2038.25	2038.45	59	0	0
2024.02.27	13:53:00	2038.46	2038.76	2038.38	2038.43	83	0	0
2024.02.27	13:54:00	2038.44	2038.55	2038.27	2038.39	126	0	0
2024.02.27	13:55:00	2038.41	2038.43	2037.98	2038.02	66	0	0
2024.02.27	13:56:00	2038.06	2038.20	2037.92	2037.92	78	0	0
2024.02.27	13:57:00	2037.94	2038.45	2037.94	2038.38	90	0	0
2024.02.27	13:58:00	2038.40	2038.46	2038.29	2038.39	65	0	0
2024.02.27	13:59:00	2038.41	2038.45	2038.11	2038.24	90	0	0
2024.02.27	14:00:00	2038.30	2038.57	2038.28	2038.52	84	0	0
2024.02.27	14:01:00	2038.47	2038.47	2038.26	2038.27	62	0	0
2024.02.27	14:02:00	2038.28	2038.81	2038.28	2038.76	40	0	0
2024.02.27	14:03:00	2038.81	2039.05	2038.75	2039.05	52	0	0
2024.02.27	14:04:00	2039.06	2039.16	2038.29	2038.36	125	0	0
2024.02.27	14:05:00	2038.42	2038.49	2037.73	2038.01	136	0	0
2024.02.27	14:06:00	2038.06	2038.17	2037.82	2037.98	178	0	0
2024.02.27	14:07:00	2037.98	2038.29	2037.89	2038.19	89	0	0
2024.02.27	14:08:00	2038.17	2038.46	2037.97	2038.37	79	0	0
2024.02.27	14:09:00	2038.34	2038.45	2038.30	2038.44	71	0	0
2024.02.27	14:10:00	2038.42	2038.55	2038.34	2038.35	74	0	0
2024.02.27	14:11:00	2038.36	2038.36	2038.00	2038.07	94	0	0
2024.02.27	14:12:00	2038.05	2038.48	2037.97	2038.48	72	0	0
2024.02.27	14:13:00	2038.39	2038.48	2038.22	2038.48	58	0	0
2024.02.27	14:14:00	2038.47	2038.54	2038.37	2038.50	77	0	0
2024.02.27	14:15:00	2038.49	2038.53	2038.36	2038.40	98	0	0
2024.02.27	14:16:00	2038.40	2038.60	2038.40	2038.40	61	0	0
2024.02.27	14:17:00	2038.39	2038.39	2037.99	2038.13	48	0	0
2024.02.27	14:18:00	2038.12	2038.22	2037.96	2037.98	55	0	0
2024.02.27	14:19:00	2037.99	2037.99	2037.88	2037.97	57	0	0
2024.02.27	14:20:00	2037.98	2038.00	2037.78	2037.98	84	0	0
2024.02.27	14:21:00	2037.93	2037.93	2037.60	2037.77	70	0	0
2024.02.27	14:22:00	2037.78	2037.80	2037.64	2037.64	47	0	0
2024.02.27	14:23:00	2037.57	2037.68	2037.51	2037.51	46	0	0
2024.02.27	14:24:00	2037.49	2037.94	2037.48	2037.91	98	0	0
2024.02.27	14:25:00	2037.99	2037.99	2037.78	2037.83	94	0	0
2024.02.27	14:26:00	2037.84	2038.22	2037.75	2038.22	89	0	0
2024.02.27	14:27:00	2038.22	2038.32	2038.13	2038.32	76	0	0
2024.02.27	14:28:00	2038.31	2038.59	2038.17	2038.46	71	0	0
2024.02.27	14:29:00	2038.48	2038.58	2038.16	2038.45	67	0	0
2024.02.27	14:30:00	2038.46	2038.46	2037.83	2038.04	227	0	0
2024.02.27	14:31:00	2038.05	2038.24	2037.93	2037.93	118	0	0
2024.02.27	14:32:00	2037.97	2038.16	2037.86	2038.11	64	0	0
2024.02.27	14:33:00	2038.12	2038.19	2038.00	2038.11	67	0	0
2024.02.27	14:34:00	2038.18	2038.25	2037.87	2037.97	94	0	0
2024.02.27	14:35:00	2037.92	2037.96	2037.55	2037.58	84	0	0
2024.02.27	14:36:00	2037.57	2038.08	2037.46	2037.89	90	0	0
2024.02.27	14:37:00	2037.83	2037.93	2037.60	2037.83	71	0	0
2024.02.27	14:38:00	2037.86	2037.97	2037.59	2037.59	47	0	0
2024.02.27	14:39:00	2037.58	2037.84	2037.47	2037.83	50	0	0
2024.02.27	14:40:00	2037.82	2037.99	2037.64	2037.65	73	0	0
2024.02.27	14:41:00	2037.64	2037.82	2037.45	2037.65	85	0	0
2024.02.27	14:42:00	2037.63	2037.83	2037.51	2037.67	66	0	0
2024.02.27	14:43:00	2037.65	2037.65	2037.24	2037.55	69	0	0
2024.02.27	14:44:00	2037.47	2037.48	2037.18	2037.30	85	0	0
2024.02.27	14:45:00	2037.29	2037.68	2037.29	2037.68	111	0	0
2024.02.27	14:46:00	2037.71	2037.93	2037.60	2037.83	76	0	0
2024.02.27	14:47:00	2037.83	2038.10	2037.80	2038.03	67	0	0
2024.02.27	14:48:00	2038.02	2038.48	2038.02	2038.42	70	0	0
2024.02.27	14:49:00	2038.43	2038.54	2037.96	2038.14	197	0	0
2024.02.27	14:50:00	2038.13	2038.30	2037.97	2038.25	111	0	0
2024.02.27	14:51:00	2038.26	2038.41	2038.05	2038.27	166	0	0
2024.02.27	14:52:00	2038.27	2038.48	2038.09	2038.19	195	0	0
2024.02.27	14:53:00	2038.20	2038.30	2037.75	2037.92	145	0	0
2024.02.27	14:54:00	2038.00	2038.16	2037.94	2038.14	124	0	0
2024.02.27	14:55:00	2038.15	2038.29	2038.06	2038.29	81	0	0
2024.02.27	14:56:00	2038.30	2038.31	2038.16	2038.29	58	0	0
2024.02.27	14:57:00	2038.30	2038.30	2038.16	2038.29	34	0	0
2024.02.27	14:58:00	2038.27	2038.52	2038.27	2038.49	32	0	0
2024.02.27	14:59:00	2038.45	2038.49	2038.28	2038.30	35	0	0
2024.02.27	15:00:00	2038.35	2038.40	2037.82	2038.24	235	0	0
2024.02.27	15:01:00	2038.25	2038.44	2038.07	2038.18	163	0	0
2024.02.27	15:02:00	2038.10	2038.45	2038.08	2038.45	94	0	0
2024.02.27	15:03:00	2038.45	2038.66	2038.20	2038.31	171	0	0
2024.02.27	15:04:00	2038.32	2038.47	2037.77	2037.79	148	0	0
2024.02.27	15:05:00	2037.78	2037.93	2037.60	2037.69	138	0	0
2024.02.27	15:06:00	2037.70	2037.81	2037.49	2037.58	103	0	0
2024.02.27	15:07:00	2037.59	2038.00	2037.59	2037.79	99	0	0
2024.02.27	15:08:00	2037.72	2037.88	2037.58	2037.80	169	0	0
2024.02.27	15:09:00	2037.78	2038.00	2037.63	2037.70	118	0	0
2024.02.27	15:10:00	2037.72	2037.73	2037.16	2037.18	79	0	0
2024.02.27	15:11:00	2037.22	2037.26	2036.70	2036.79	110	0	0
2024.02.27	15:12:00	2036.79	2037.33	2036.74	2036.96	159	0	0
2024.02.27	15:13:00	2036.95	2037.06	2036.87	2036.92	122	0	0
2024.02.27	15:14:00	2036.93	2037.03	2036.61	2036.98	95	0	0
2024.02.27	15:15:00	2037.01	2037.25	2036.95	2037.03	130	0	0
2024.02.27	15:16:00	2037.00	2037.22	2036.56	2036.57	143	0	0
2024.02.27	15:17:00	2036.55	2036.79	2036.51	2036.70	114	0	0
2024.02.27	15:18:00	2036.78	2036.90	2036.35	2036.35	103	0	0
2024.02.27	15:19:00	2036.32	2036.54	2036.25	2036.29	102	0	0
2024.02.27	15:20:00	2036.23	2036.49	2036.06	2036.47	130	0	0
2024.02.27	15:21:00	2036.54	2036.86	2036.24	2036.57	144	0	0
2024.02.27	15:22:00	2036.54	2036.96	2036.45	2036.93	93	0	0
2024.02.27	15:23:00	2036.92	2036.92	2036.28	2036.46	100	0	0
2024.02.27	15:24:00	2036.48	2036.90	2036.26	2036.79	151	0	0
2024.02.27	15:25:00	2036.77	2036.87	2036.56	2036.68	105	0	0
2024.02.27	15:26:00	2036.69	2036.71	2036.49	2036.71	47	0	0
2024.02.27	15:27:00	2036.70	2036.88	2036.70	2036.78	77	0	0
2024.02.27	15:28:00	2036.79	2037.05	2036.56	2036.68	129	0	0
2024.02.27	15:29:00	2036.66	2036.78	2036.28	2036.43	163	0	0
2024.02.27	15:30:00	2036.49	2038.48	2036.49	2037.64	374	0	0
2024.02.27	15:31:00	2037.62	2038.01	2036.96	2037.24	286	0	0
2024.02.27	15:32:00	2037.19	2037.68	2036.96	2037.41	245	0	0
2024.02.27	15:33:00	2037.40	2037.61	2037.02	2037.47	245	0	0
2024.02.27	15:34:00	2037.46	2037.63	2037.11	2037.34	218	0	0
2024.02.27	15:35:00	2037.35	2037.68	2037.28	2037.59	170	0	0
2024.02.27	15:36:00	2037.54	2037.69	2036.68	2036.74	204	0	0
2024.02.27	15:37:00	2036.73	2036.88	2035.69	2035.85	325	0	0
2024.02.27	15:38:00	2035.88	2036.30	2035.66	2036.16	294	0	0
2024.02.27	15:39:00	2036.16	2036.62	2036.03	2036.29	236	0	0
2024.02.27	15:40:00	2036.29	2036.54	2036.25	2036.40	181	0	0
2024.02.27	15:41:00	2036.39	2036.49	2036.28	2036.43	153	0	0
2024.02.27	15:42:00	2036.44	2036.46	2035.83	2035.83	174	0	0
2024.02.27	15:43:00	2035.83	2036.30	2035.79	2035.91	174	0	0
2024.02.27	15:44:00	2035.92	2036.05	2035.67	2035.81	145	0	0
2024.02.27	15:45:00	2035.80	2035.83	2035.27	2035.46	196	0	0
2024.02.27	15:46:00	2035.45	2036.29	2035.38	2036.19	233	0	0
2024.02.27	15:47:00	2036.17	2036.65	2036.09	2036.29	281	0	0
2024.02.27	15:48:00	2036.28	2036.64	2036.14	2036.37	211	0	0
2024.02.27	15:49:00	2036.38	2036.92	2036.33	2036.82	149	0	0
2024.02.27	15:50:00	2036.85	2036.90	2036.32	2036.43	153	0	0
2024.02.27	15:51:00	2036.42	2036.63	2036.32	2036.33	95	0	0
2024.02.27	15:52:00	2036.27	2036.79	2036.23	2036.55	99	0	0
2024.02.27	15:53:00	2036.56	2036.72	2036.38	2036.43	80	0	0
2024.02.27	15:54:00	2036.37	2036.37	2035.73	2036.01	91	0	0
2024.02.27	15:55:00	2036.00	2036.25	2035.91	2036.15	117	0	0
2024.02.27	15:56:00	2036.14	2036.26	2035.92	2035.94	89	0	0
2024.02.27	15:57:00	2035.97	2036.19	2035.86	2035.86	98	0	0
2024.02.27	15:58:00	2035.85	2035.85	2035.50	2035.69	66	0	0
2024.02.27	15:59:00	2035.67	2035.67	2035.43	2035.49	69	0	0
2024.02.27	16:00:00	2035.46	2035.61	2034.93	2035.31	133	0	0
2024.02.27	16:01:00	2035.32	2035.73	2035.32	2035.39	141	0	0
2024.02.27	16:02:00	2035.38	2035.50	2035.13	2035.45	98	0	0
2024.02.27	16:03:00	2035.40	2035.41	2034.88	2034.92	148	0	0
2024.02.27	16:04:00	2034.97	2035.14	2034.82	2034.93	124	0	0
2024.02.27	16:05:00	2034.92	2035.24	2034.72	2034.92	140	0	0
2024.02.27	16:06:00	2034.95	2035.04	2034.77	2034.94	129	0	0
2024.02.27	16:07:00	2034.95	2035.00	2034.37	2034.61	135	0	0
2024.02.27	16:08:00	2034.65	2034.96	2034.59	2034.91	137	0	0
2024.02.27	16:09:00	2034.85	2035.20	2034.48	2034.59	169	0	0
2024.02.27	16:10:00	2034.56	2034.80	2034.46	2034.59	121	0	0
2024.02.27	16:11:00	2034.58	2034.68	2034.30	2034.46	160	0	0
2024.02.27	16:12:00	2034.47	2034.97	2034.42	2034.62	156	0	0
2024.02.27	16:13:00	2034.61	2034.61	2033.80	2034.05	173	0	0
2024.02.27	16:14:00	2034.06	2034.07	2033.62	2033.91	143	0	0
2024.02.27	16:15:00	2033.90	2034.30	2033.71	2034.18	205	0	0
2024.02.27	16:16:00	2034.17	2034.60	2034.12	2034.59	164	0	0
2024.02.27	16:17:00	2034.58	2034.78	2034.49	2034.60	119	0	0
2024.02.27	16:18:00	2034.60	2034.81	2034.56	2034.66	98	0	0
2024.02.27	16:19:00	2034.67	2035.60	2034.67	2035.08	125	0	0
2024.02.27	16:20:00	2035.13	2035.58	2035.13	2035.48	116	0	0
2024.02.27	16:21:00	2035.45	2035.86	2035.35	2035.72	101	0	0
2024.02.27	16:22:00	2035.72	2036.01	2035.54	2036.00	206	0	0
2024.02.27	16:23:00	2035.98	2036.56	2035.97	2036.19	245	0	0
2024.02.27	16:24:00	2036.18	2036.31	2035.16	2035.16	152	0	0
2024.02.27	16:25:00	2035.15	2035.59	2034.78	2035.53	169	0	0
2024.02.27	16:26:00	2035.52	2035.95	2034.89	2035.79	204	0	0
2024.02.27	16:27:00	2035.78	2036.05	2035.57	2035.89	118	0	0
2024.02.27	16:28:00	2035.87	2036.01	2035.67	2035.98	114	0	0
2024.02.27	16:29:00	2035.99	2036.54	2035.96	2036.46	120	0	0
2024.02.27	16:30:00	2036.40	2036.42	2035.80	2035.86	219	0	0
2024.02.27	16:31:00	2035.90	2036.48	2035.70	2035.96	219	0	0
2024.02.27	16:32:00	2035.96	2036.17	2035.75	2035.78	158	0	0
2024.02.27	16:33:00	2035.76	2036.00	2035.54	2035.78	161	0	0
2024.02.27	16:34:00	2035.74	2036.14	2035.43	2036.04	158	0	0
2024.02.27	16:35:00	2036.03	2036.41	2035.85	2036.40	161	0	0
2024.02.27	16:36:00	2036.41	2036.47	2036.21	2036.38	211	0	0
2024.02.27	16:37:00	2036.37	2036.37	2036.02	2036.30	160	0	0
2024.02.27	16:38:00	2036.29	2036.43	2035.79	2035.99	153	0	0
2024.02.27	16:39:00	2035.97	2035.99	2035.29	2035.31	118	0	0
2024.02.27	16:40:00	2035.27	2035.27	2033.78	2034.02	223	0	0
2024.02.27	16:41:00	2034.01	2034.55	2033.97	2034.40	229	0	0
2024.02.27	16:42:00	2034.38	2034.40	2033.84	2034.20	138	0	0
2024.02.27	16:43:00	2034.17	2034.65	2033.89	2034.63	121	0	0
2024.02.27	16:44:00	2034.67	2034.94	2034.60	2034.94	128	0	0
2024.02.27	16:45:00	2034.95	2035.42	2034.57	2035.17	162	0	0
2024.02.27	16:46:00	2035.16	2035.25	2034.69	2034.88	146	0	0
2024.02.27	16:47:00	2034.82	2035.21	2034.49	2035.08	166	0	0
2024.02.27	16:48:00	2035.04	2035.04	2034.78	2034.78	81	0	0
2024.02.27	16:49:00	2034.79	2035.18	2034.77	2035.08	117	0	0
2024.02.27	16:50:00	2035.13	2035.79	2035.13	2035.25	175	0	0
2024.02.27	16:51:00	2035.26	2035.28	2034.86	2035.16	131	0	0
2024.02.27	16:52:00	2035.17	2035.42	2035.05	2035.23	134	0	0
2024.02.27	16:53:00	2035.24	2035.25	2034.57	2034.88	121	0	0
2024.02.27	16:54:00	2034.85	2035.33	2034.85	2035.19	102	0	0
2024.02.27	16:55:00	2035.18	2035.18	2034.38	2034.68	138	0	0
2024.02.27	16:56:00	2034.69	2035.17	2034.54	2035.17	154	0	0
2024.02.27	16:57:00	2035.15	2035.65	2035.15	2035.52	97	0	0
2024.02.27	16:58:00	2035.48	2035.57	2035.24	2035.24	85	0	0
2024.02.27	16:59:00	2035.25	2035.39	2034.81	2034.84	97	0	0
2024.02.27	17:00:00	2034.84	2037.63	2034.04	2034.09	405	0	0
2024.02.27	17:01:00	2034.05	2035.53	2033.95	2035.04	345	0	0
2024.02.27	17:02:00	2035.05	2035.71	2035.05	2035.65	283	0	0
2024.02.27	17:03:00	2035.64	2035.82	2034.79	2035.19	286	0	0
2024.02.27	17:04:00	2035.20	2035.20	2034.23	2034.56	248	0	0
2024.02.27	17:05:00	2034.55	2034.90	2033.61	2034.84	246	0	0
2024.02.27	17:06:00	2034.87	2034.92	2033.89	2034.37	271	0	0
2024.02.27	17:07:00	2034.43	2035.12	2034.38	2034.62	293	0	0
2024.02.27	17:08:00	2034.63	2034.97	2034.49	2034.96	270	0	0
2024.02.27	17:09:00	2034.95	2035.05	2034.46	2034.51	227	0	0
2024.02.27	17:10:00	2034.47	2035.14	2034.36	2034.36	219	0	0
2024.02.27	17:11:00	2034.39	2034.77	2034.28	2034.77	218	0	0
2024.02.27	17:12:00	2034.73	2034.90	2033.85	2033.88	249	0	0
2024.02.27	17:13:00	2033.87	2034.25	2033.74	2034.25	161	0	0
2024.02.27	17:14:00	2034.26	2034.39	2033.84	2034.19	171	0	0
2024.02.27	17:15:00	2034.27	2034.74	2034.15	2034.74	139	0	0
2024.02.27	17:16:00	2034.73	2035.15	2034.58	2034.58	135	0	0
2024.02.27	17:17:00	2034.56	2034.75	2034.30	2034.30	116	0	0
2024.02.27	17:18:00	2034.28	2035.05	2034.26	2034.86	158	0	0
2024.02.27	17:19:00	2034.92	2034.92	2034.53	2034.79	126	0	0
2024.02.27	17:20:00	2034.79	2035.51	2034.39	2034.59	183	0	0
2024.02.27	17:21:00	2034.62	2035.03	2034.52	2034.69	170	0	0
2024.02.27	17:22:00	2034.68	2034.94	2034.23	2034.23	191	0	0
2024.02.27	17:23:00	2034.25	2034.70	2034.25	2034.53	142	0	0
2024.02.27	17:24:00	2034.46	2034.86	2034.39	2034.63	127	0	0
2024.02.27	17:25:00	2034.63	2034.96	2034.63	2034.88	118	0	0
2024.02.27	17:26:00	2034.97	2035.04	2034.82	2034.97	127	0	0
2024.02.27	17:27:00	2035.00	2035.31	2034.71	2034.92	118	0	0
2024.02.27	17:28:00	2034.89	2035.03	2034.70	2034.83	108	0	0
2024.02.27	17:29:00	2034.86	2034.94	2034.51	2034.53	166	0	0
2024.02.27	17:30:00	2034.54	2034.54	2033.58	2033.75	171	0	0
2024.02.27	17:31:00	2033.74	2033.74	2033.03	2033.33	149	0	0
2024.02.27	17:32:00	2033.33	2033.71	2033.23	2033.69	111	0	0
2024.02.27	17:33:00	2033.65	2033.80	2033.51	2033.62	78	0	0
2024.02.27	17:34:00	2033.63	2034.05	2033.62	2033.72	90	0	0
2024.02.27	17:35:00	2033.71	2033.73	2033.34	2033.64	142	0	0
2024.02.27	17:36:00	2033.63	2034.16	2033.60	2034.02	100	0	0
2024.02.27	17:37:00	2033.98	2034.54	2033.97	2034.51	136	0	0
2024.02.27	17:38:00	2034.49	2034.73	2034.35	2034.71	80	0	0
2024.02.27	17:39:00	2034.67	2034.76	2034.22	2034.23	131	0	0
2024.02.27	17:40:00	2034.24	2034.24	2033.62	2033.65	78	0	0
2024.02.27	17:41:00	2033.67	2033.93	2033.64	2033.84	101	0	0
2024.02.27	17:42:00	2033.88	2034.06	2033.69	2033.89	86	0	0
2024.02.27	17:43:00	2033.86	2033.95	2033.57	2033.95	94	0	0
2024.02.27	17:44:00	2033.91	2033.95	2033.39	2033.42	98	0	0
2024.02.27	17:45:00	2033.38	2033.69	2033.33	2033.63	108	0	0
2024.02.27	17:46:00	2033.59	2034.43	2033.54	2034.31	112	0	0
2024.02.27	17:47:00	2034.33	2034.75	2034.24	2034.69	98	0	0
2024.02.27	17:48:00	2034.64	2035.54	2034.36	2035.52	182	0	0
2024.02.27	17:49:00	2035.54	2035.58	2034.95	2034.96	227	0	0
2024.02.27	17:50:00	2034.94	2035.25	2034.94	2035.08	118	0	0
2024.02.27	17:51:00	2035.13	2035.68	2035.13	2035.36	152	0	0
2024.02.27	17:52:00	2035.35	2035.35	2034.81	2034.87	105	0	0
2024.02.27	17:53:00	2034.89	2034.95	2034.65	2034.78	102	0	0
2024.02.27	17:54:00	2034.75	2034.83	2034.51	2034.67	175	0	0
2024.02.27	17:55:00	2034.68	2034.78	2034.37	2034.58	118	0	0
2024.02.27	17:56:00	2034.59	2034.67	2034.38	2034.49	150	0	0
2024.02.27	17:57:00	2034.49	2034.64	2034.35	2034.38	135	0	0
2024.02.27	17:58:00	2034.37	2034.48	2034.27	2034.42	175	0	0
2024.02.27	17:59:00	2034.41	2034.42	2033.73	2033.78	130	0	0
2024.02.27	18:00:00	2033.79	2034.11	2033.72	2033.95	163	0	0
2024.02.27	18:01:00	2033.97	2034.06	2033.55	2033.60	162	0	0
2024.02.27	18:02:00	2033.54	2033.85	2033.43	2033.48	129	0	0
2024.02.27	18:03:00	2033.47	2033.87	2033.02	2033.87	158	0	0
2024.02.27	18:04:00	2033.87	2034.00	2033.58	2033.61	117	0	0
2024.02.27	18:05:00	2033.63	2033.77	2033.42	2033.63	137	0	0
2024.02.27	18:06:00	2033.65	2033.69	2033.44	2033.51	89	0	0
2024.02.27	18:07:00	2033.52	2033.92	2033.51	2033.62	110	0	0
2024.02.27	18:08:00	2033.61	2033.63	2033.33	2033.45	91	0	0
2024.02.27	18:09:00	2033.47	2033.76	2032.61	2032.72	175	0	0
2024.02.27	18:10:00	2032.70	2032.94	2032.40	2032.64	163	0	0
2024.02.27	18:11:00	2032.60	2032.82	2032.49	2032.76	117	0	0
2024.02.27	18:12:00	2032.75	2033.09	2032.64	2032.98	103	0	0
2024.02.27	18:13:00	2032.97	2033.12	2032.65	2032.73	114	0	0
2024.02.27	18:14:00	2032.80	2032.86	2032.53	2032.70	116	0	0
2024.02.27	18:15:00	2032.69	2032.78	2032.38	2032.59	142	0	0
2024.02.27	18:16:00	2032.57	2032.78	2032.29	2032.38	123	0	0
2024.02.27	18:17:00	2032.36	2032.36	2031.83	2032.05	121	0	0
2024.02.27	18:18:00	2032.13	2032.44	2031.82	2032.38	99	0	0
2024.02.27	18:19:00	2032.37	2032.65	2032.30	2032.55	158	0	0
2024.02.27	18:20:00	2032.56	2033.01	2032.36	2032.90	189	0	0
2024.02.27	18:21:00	2032.91	2033.12	2032.72	2033.06	150	0	0
2024.02.27	18:22:00	2033.05	2033.05	2032.47	2032.80	141	0	0
2024.02.27	18:23:00	2032.78	2032.94	2032.70	2032.80	112	0	0
2024.02.27	18:24:00	2032.76	2032.76	2031.94	2032.59	137	0	0
2024.02.27	18:25:00	2032.57	2033.19	2032.48	2033.15	138	0	0
2024.02.27	18:26:00	2033.20	2033.77	2033.20	2033.67	129	0	0
2024.02.27	18:27:00	2033.66	2033.87	2033.57	2033.83	97	0	0
2024.02.27	18:28:00	2033.85	2034.00	2033.74	2034.00	117	0	0
2024.02.27	18:29:00	2034.01	2034.17	2033.85	2034.02	91	0	0
2024.02.27	18:30:00	2034.03	2034.28	2033.87	2033.91	110	0	0
2024.02.27	18:31:00	2033.98	2034.25	2033.91	2033.94	125	0	0
2024.02.27	18:32:00	2033.96	2034.10	2033.74	2034.09	109	0	0
2024.02.27	18:33:00	2034.10	2034.31	2033.69	2033.80	109	0	0
2024.02.27	18:34:00	2033.78	2033.80	2033.49	2033.61	102	0	0
2024.02.27	18:35:00	2033.63	2033.68	2033.10	2033.13	109	0	0
2024.02.27	18:36:00	2033.11	2033.17	2032.94	2033.16	100	0	0
2024.02.27	18:37:00	2033.17	2033.17	2032.88	2033.09	105	0	0
2024.02.27	18:38:00	2033.08	2033.26	2032.98	2033.26	69	0	0
2024.02.27	18:39:00	2033.20	2033.59	2033.20	2033.28	100	0	0
2024.02.27	18:40:00	2033.27	2033.37	2033.18	2033.33	74	0	0
2024.02.27	18:41:00	2033.32	2033.37	2032.99	2033.09	74	0	0
2024.02.27	18:42:00	2033.08	2033.08	2032.68	2032.80	92	0	0
2024.02.27	18:43:00	2032.79	2032.98	2032.69	2032.87	55	0	0
2024.02.27	18:44:00	2032.88	2032.98	2032.81	2032.98	43	0	0
2024.02.27	18:45:00	2033.02	2033.70	2033.02	2033.69	100	0	0
2024.02.27	18:46:00	2033.71	2033.71	2033.42	2033.61	83	0	0
2024.02.27	18:47:00	2033.60	2033.99	2033.59	2033.99	81	0	0
2024.02.27	18:48:00	2034.05	2034.35	2034.01	2034.16	88	0	0
2024.02.27	18:49:00	2034.16	2034.21	2033.77	2033.89	102	0	0
2024.02.27	18:50:00	2033.93	2033.97	2033.71	2033.72	73	0	0
2024.02.27	18:51:00	2033.67	2033.85	2033.52	2033.53	111	0	0
2024.02.27	18:52:00	2033.52	2033.52	2033.25	2033.26	77	0	0
2024.02.27	18:53:00	2033.23	2033.50	2033.16	2033.45	44	0	0
2024.02.27	18:54:00	2033.42	2033.54	2033.25	2033.25	75	0	0
2024.02.27	18:55:00	2033.20	2033.23	2032.89	2032.95	98	0	0
2024.02.27	18:56:00	2032.89	2032.94	2032.72	2032.83	58	0	0
2024.02.27	18:57:00	2032.82	2032.95	2032.62	2032.94	62	0	0
2024.02.27	18:58:00	2032.95	2033.11	2032.88	2033.04	86	0	0
2024.02.27	18:59:00	2033.00	2033.15	2032.83	2033.14	56	0	0
2024.02.27	19:00:00	2033.09	2033.10	2032.66	2032.66	50	0	0
2024.02.27	19:01:00	2032.62	2032.75	2032.55	2032.57	61	0	0
2024.02.27	19:02:00	2032.55	2032.56	2032.39	2032.39	28	0	0
2024.02.27	19:03:00	2032.42	2032.44	2032.06	2032.08	81	0	0
2024.02.27	19:04:00	2032.10	2032.19	2032.04	2032.12	72	0	0
2024.02.27	19:05:00	2032.16	2032.46	2032.14	2032.36	74	0	0
2024.02.27	19:06:00	2032.34	2032.37	2032.19	2032.34	83	0	0
2024.02.27	19:07:00	2032.37	2032.39	2032.15	2032.24	48	0	0
2024.02.27	19:08:00	2032.21	2032.21	2031.88	2031.91	64	0	0
2024.02.27	19:09:00	2031.90	2031.95	2031.73	2031.75	71	0	0
2024.02.27	19:10:00	2031.74	2031.86	2031.66	2031.84	53	0	0
2024.02.27	19:11:00	2031.81	2031.81	2031.44	2031.68	88	0	0
2024.02.27	19:12:00	2031.69	2031.70	2031.52	2031.53	47	0	0
2024.02.27	19:13:00	2031.49	2031.53	2031.23	2031.23	59	0	0
2024.02.27	19:14:00	2031.19	2031.22	2030.98	2031.01	108	0	0
2024.02.27	19:15:00	2031.00	2031.02	2030.67	2030.78	107	0	0
2024.02.27	19:16:00	2030.73	2030.83	2030.52	2030.78	92	0	0
2024.02.27	19:17:00	2030.77	2030.78	2030.47	2030.53	107	0	0
2024.02.27	19:18:00	2030.55	2030.71	2030.44	2030.65	95	0	0
2024.02.27	19:19:00	2030.64	2030.94	2030.54	2030.92	107	0	0
2024.02.27	19:20:00	2030.90	2030.90	2030.63	2030.78	168	0	0
2024.02.27	19:21:00	2030.78	2031.16	2030.73	2030.85	140	0	0
2024.02.27	19:22:00	2030.84	2031.03	2030.75	2030.84	110	0	0
2024.02.27	19:23:00	2030.83	2030.86	2030.65	2030.70	96	0	0
2024.02.27	19:24:00	2030.73	2031.10	2030.72	2031.02	82	0	0
2024.02.27	19:25:00	2031.00	2031.03	2030.62	2030.62	93	0	0
2024.02.27	19:26:00	2030.58	2030.58	2030.32	2030.52	43	0	0
2024.02.27	19:27:00	2030.51	2030.53	2030.33	2030.34	44	0	0
2024.02.27	19:28:00	2030.33	2030.53	2030.24	2030.33	75	0	0
2024.02.27	19:29:00	2030.31	2030.33	2030.05	2030.11	72	0	0
2024.02.27	19:30:00	2030.10	2030.10	2029.73	2029.84	82	0	0
2024.02.27	19:31:00	2029.82	2030.43	2029.82	2030.41	87	0	0
2024.02.27	19:32:00	2030.42	2030.44	2030.18	2030.25	96	0	0
2024.02.27	19:33:00	2030.18	2030.35	2030.02	2030.34	72	0	0
2024.02.27	19:34:00	2030.33	2030.43	2030.16	2030.43	101	0	0
2024.02.27	19:35:00	2030.47	2031.08	2030.47	2031.07	47	0	0
2024.02.27	19:36:00	2031.06	2031.37	2030.99	2031.15	73	0	0
2024.02.27	19:37:00	2031.21	2031.46	2031.15	2031.46	56	0	0
2024.02.27	19:38:00	2031.45	2031.45	2030.98	2031.04	61	0	0
2024.02.27	19:39:00	2031.02	2031.03	2030.75	2030.86	83	0	0
2024.02.27	19:40:00	2030.87	2031.02	2030.64	2030.72	60	0	0
2024.02.27	19:41:00	2030.70	2030.95	2030.68	2030.94	55	0	0
2024.02.27	19:42:00	2030.95	2031.02	2030.74	2030.77	68	0	0
2024.02.27	19:43:00	2030.74	2030.84	2030.62	2030.84	53	0	0
2024.02.27	19:44:00	2030.83	2030.93	2030.78	2030.78	34	0	0
2024.02.27	19:45:00	2030.79	2031.35	2030.79	2031.35	63	0	0
2024.02.27	19:46:00	2031.34	2031.46	2031.18	2031.24	84	0	0
2024.02.27	19:47:00	2031.21	2031.53	2031.15	2031.51	48	0	0
2024.02.27	19:48:00	2031.46	2031.46	2031.13	2031.22	62	0	0
2024.02.27	19:49:00	2031.21	2031.36	2031.03	2031.34	59	0	0
2024.02.27	19:50:00	2031.29	2032.11	2031.27	2032.11	83	0	0
2024.02.27	19:51:00	2032.11	2032.18	2031.97	2032.03	36	0	0
2024.02.27	19:52:00	2032.02	2032.02	2031.79	2031.79	47	0	0
2024.02.27	19:53:00	2031.78	2032.13	2031.61	2032.06	61	0	0
2024.02.27	19:54:00	2032.10	2032.27	2032.01	2032.26	73	0	0
2024.02.27	19:55:00	2032.27	2032.27	2032.02	2032.11	85	0	0
2024.02.27	19:56:00	2032.10	2032.17	2031.87	2032.10	96	0	0
2024.02.27	19:57:00	2032.09	2032.36	2032.09	2032.29	79	0	0
2024.02.27	19:58:00	2032.28	2032.30	2032.07	2032.10	67	0	0
2024.02.27	19:59:00	2032.09	2032.32	2032.05	2032.29	89	0	0
2024.02.27	20:00:00	2032.32	2032.33	2032.09	2032.25	95	0	0
2024.02.27	20:01:00	2032.22	2032.39	2032.05	2032.39	90	0	0
2024.02.27	20:02:00	2032.38	2033.82	2032.38	2033.50	209	0	0
2024.02.27	20:03:00	2033.53	2033.59	2033.19	2033.23	114	0	0
2024.02.27	20:04:00	2033.20	2033.49	2033.18	2033.28	107	0	0
2024.02.27	20:05:00	2033.36	2033.71	2033.26	2033.59	123	0	0
2024.02.27	20:06:00	2033.56	2033.72	2033.49	2033.70	85	0	0
2024.02.27	20:07:00	2033.65	2033.86	2033.46	2033.82	97	0	0
2024.02.27	20:08:00	2033.81	2033.81	2033.43	2033.60	83	0	0
2024.02.27	20:09:00	2033.59	2033.91	2033.51	2033.80	83	0	0
2024.02.27	20:10:00	2033.82	2034.02	2033.52	2033.75	112	0	0
2024.02.27	20:11:00	2033.76	2034.02	2033.72	2033.77	129	0	0
2024.02.27	20:12:00	2033.76	2033.97	2033.70	2033.97	100	0	0
2024.02.27	20:13:00	2033.96	2034.53	2033.90	2034.53	104	0	0
2024.02.27	20:14:00	2034.54	2035.27	2034.45	2035.12	184	0	0
2024.02.27	20:15:00	2035.10	2035.31	2034.50	2035.15	201	0	0
2024.02.27	20:16:00	2035.13	2035.26	2034.82	2035.25	121	0	0
2024.02.27	20:17:00	2035.24	2035.64	2035.22	2035.44	98	0	0
2024.02.27	20:18:00	2035.47	2035.93	2035.47	2035.90	136	0	0
2024.02.27	20:19:00	2035.91	2036.08	2035.79	2035.85	83	0	0
2024.02.27	20:20:00	2035.88	2036.09	2035.80	2035.95	97	0	0
2024.02.27	20:21:00	2035.97	2035.99	2035.50	2035.66	144	0	0
2024.02.27	20:22:00	2035.68	2035.78	2035.31	2035.47	159	0	0
2024.02.27	20:23:00	2035.46	2035.59	2035.08	2035.10	96	0	0
2024.02.27	20:24:00	2035.12	2035.55	2035.11	2035.48	109	0	0
2024.02.27	20:25:00	2035.45	2035.50	2035.19	2035.31	95	0	0
2024.02.27	20:26:00	2035.29	2035.29	2034.45	2034.49	102	0	0
2024.02.27	20:27:00	2034.50	2034.59	2034.19	2034.39	90	0	0
2024.02.27	20:28:00	2034.38	2034.68	2034.19	2034.50	87	0	0
2024.02.27	20:29:00	2034.49	2034.90	2034.40	2034.56	106	0	0
2024.02.27	20:30:00	2034.52	2034.52	2033.93	2033.97	85	0	0
2024.02.27	20:31:00	2033.96	2033.97	2033.75	2033.82	67	0	0
2024.02.27	20:32:00	2033.85	2033.87	2033.44	2033.53	53	0	0
2024.02.27	20:33:00	2033.51	2033.81	2033.49	2033.63	55	0	0
2024.02.27	20:34:00	2033.64	2033.83	2033.64	2033.76	52	0	0
2024.02.27	20:35:00	2033.75	2034.03	2033.72	2033.81	75	0	0
2024.02.27	20:36:00	2033.82	2033.97	2033.72	2033.79	43	0	0
2024.02.27	20:37:00	2033.76	2033.79	2033.53	2033.64	35	0	0
2024.02.27	20:38:00	2033.67	2033.68	2033.37	2033.37	25	0	0
2024.02.27	20:39:00	2033.38	2033.53	2033.17	2033.46	56	0	0
2024.02.27	20:40:00	2033.50	2033.52	2033.37	2033.39	11	0	0
2024.02.27	20:41:00	2033.47	2033.53	2033.15	2033.38	81	0	0
2024.02.27	20:42:00	2033.35	2033.35	2032.87	2033.08	49	0	0
2024.02.27	20:43:00	2033.04	2033.27	2032.98	2033.04	46	0	0
2024.02.27	20:44:00	2033.02	2033.08	2032.98	2033.04	28	0	0
2024.02.27	20:45:00	2033.05	2033.07	2032.67	2032.67	60	0	0
2024.02.27	20:46:00	2032.66	2032.66	2032.18	2032.58	67	0	0
2024.02.27	20:47:00	2032.54	2032.94	2032.54	2032.90	61	0	0
2024.02.27	20:48:00	2032.83	2032.88	2032.64	2032.82	34	0	0
2024.02.27	20:49:00	2032.80	2032.96	2032.67	2032.96	31	0	0
2024.02.27	20:50:00	2032.92	2032.92	2032.73	2032.81	36	0	0
2024.02.27	20:51:00	2032.78	2033.19	2032.78	2032.94	66	0	0
2024.02.27	20:52:00	2032.97	2033.13	2032.84	2032.90	26	0	0
2024.02.27	20:53:00	2032.89	2032.94	2032.73	2032.80	53	0	0
2024.02.27	20:54:00	2032.79	2033.01	2032.78	2032.89	42	0	0
2024.02.27	20:55:00	2032.90	2032.90	2032.65	2032.69	31	0	0
2024.02.27	20:56:00	2032.65	2032.65	2032.23	2032.27	43	0	0
2024.02.27	20:57:00	2032.26	2032.26	2031.98	2031.98	44	0	0
2024.02.27	20:58:00	2031.99	2032.17	2031.99	2032.09	36	0	0
2024.02.27	20:59:00	2032.08	2032.37	2031.97	2032.37	25	0	0
2024.02.27	21:00:00	2032.39	2032.45	2032.00	2032.08	68	0	0
2024.02.27	21:01:00	2032.06	2032.11	2031.90	2031.90	46	0	0
2024.02.27	21:02:00	2031.88	2031.90	2031.74	2031.88	55	0	0
2024.02.27	21:03:00	2031.87	2032.11	2031.83	2031.85	45	0	0
2024.02.27	21:04:00	2031.79	2031.98	2031.71	2031.94	35	0	0
2024.02.27	21:05:00	2031.93	2032.17	2031.80	2032.10	49	0	0
2024.02.27	21:06:00	2032.14	2032.20	2032.10	2032.18	43	0	0
2024.02.27	21:07:00	2032.17	2032.19	2032.09	2032.16	30	0	0
2024.02.27	21:08:00	2032.14	2032.22	2032.09	2032.09	11	0	0
2024.02.27	21:09:00	2032.11	2032.19	2032.09	2032.19	23	0	0
2024.02.27	21:10:00	2032.16	2032.18	2032.10	2032.13	17	0	0
2024.02.27	21:11:00	2032.10	2032.23	2032.07	2032.17	19	0	0
2024.02.27	21:12:00	2032.19	2032.22	2032.09	2032.12	22	0	0
2024.02.27	21:13:00	2032.12	2032.15	2032.04	2032.04	28	0	0
2024.02.27	21:14:00	2032.02	2032.02	2031.70	2031.77	36	0	0
2024.02.27	21:15:00	2031.78	2032.08	2031.76	2032.07	38	0	0
2024.02.27	21:16:00	2032.08	2032.15	2031.85	2031.91	43	0	0
2024.02.27	21:17:00	2031.93	2032.04	2031.88	2031.98	33	0	0
2024.02.27	21:18:00	2031.93	2031.95	2031.78	2031.88	56	0	0
2024.02.27	21:19:00	2031.85	2031.87	2031.78	2031.80	17	0	0
2024.02.27	21:20:00	2031.79	2031.79	2030.95	2030.96	67	0	0
2024.02.27	21:21:00	2030.95	2030.96	2030.62	2030.63	73	0	0
2024.02.27	21:22:00	2030.64	2030.74	2030.47	2030.51	48	0	0
2024.02.27	21:23:00	2030.49	2030.68	2030.29	2030.29	66	0	0
2024.02.27	21:24:00	2030.29	2030.37	2030.13	2030.27	54	0	0
2024.02.27	21:25:00	2030.23	2030.24	2030.02	2030.15	57	0	0
2024.02.27	21:26:00	2030.15	2030.69	2030.14	2030.69	57	0	0
2024.02.27	21:27:00	2030.68	2030.78	2030.57	2030.69	50	0	0
2024.02.27	21:28:00	2030.68	2030.91	2030.58	2030.91	92	0	0
2024.02.27	21:29:00	2030.93	2031.04	2030.76	2030.93	90	0	0
2024.02.27	21:30:00	2030.88	2031.02	2030.78	2030.98	57	0	0
2024.02.27	21:31:00	2031.01	2031.19	2030.76	2030.76	85	0	0
2024.02.27	21:32:00	2030.77	2030.77	2030.27	2030.35	64	0	0
2024.02.27	21:33:00	2030.36	2030.59	2030.33	2030.48	51	0	0
2024.02.27	21:34:00	2030.46	2030.64	2030.42	2030.61	39	0	0
2024.02.27	21:35:00	2030.63	2030.63	2030.46	2030.60	53	0	0
2024.02.27	21:36:00	2030.59	2030.59	2030.22	2030.58	39	0	0
2024.02.27	21:37:00	2030.54	2030.54	2030.38	2030.43	42	0	0
2024.02.27	21:38:00	2030.48	2030.53	2030.39	2030.39	34	0	0
2024.02.27	21:39:00	2030.40	2030.43	2030.18	2030.24	30	0	0
2024.02.27	21:40:00	2030.22	2030.34	2030.09	2030.33	53	0	0
2024.02.27	21:41:00	2030.30	2030.34	2030.19	2030.25	42	0	0
2024.02.27	21:42:00	2030.27	2030.28	2030.09	2030.10	43	0	0
2024.02.27	21:43:00	2030.07	2030.09	2029.90	2030.01	73	0	0
2024.02.27	21:44:00	2029.97	2030.10	2029.73	2030.10	66	0	0
2024.02.27	21:45:00	2030.09	2030.16	2029.92	2030.16	81	0	0
2024.02.27	21:46:00	2030.13	2030.13	2029.81	2029.83	74	0	0
2024.02.27	21:47:00	2029.84	2029.87	2029.50	2029.50	76	0	0
2024.02.27	21:48:00	2029.51	2029.61	2029.42	2029.54	66	0	0
2024.02.27	21:49:00	2029.50	2029.65	2029.41	2029.60	71	0	0
2024.02.27	21:50:00	2029.60	2029.79	2029.52	2029.67	101	0	0
2024.02.27	21:51:00	2029.66	2029.84	2029.55	2029.79	52	0	0
2024.02.27	21:52:00	2029.75	2029.75	2029.53	2029.69	65	0	0
2024.02.27	21:53:00	2029.70	2029.93	2029.67	2029.91	55	0	0
2024.02.27	21:54:00	2029.89	2029.94	2029.72	2029.79	68	0	0
2024.02.27	21:55:00	2029.77	2029.99	2029.67	2029.99	58	0	0
2024.02.27	21:56:00	2030.01	2030.09	2029.94	2029.97	49	0	0
2024.02.27	21:57:00	2029.99	2030.08	2029.87	2030.01	52	0	0
2024.02.27	21:58:00	2029.94	2030.05	2029.89	2029.99	30	0	0
2024.02.27	21:59:00	2030.00	2030.29	2029.96	2030.25	54	0	0
2024.02.27	22:00:00	2030.24	2030.25	2029.94	2029.99	42	0	0
2024.02.27	22:01:00	2029.98	2030.11	2029.86	2030.01	56	0	0
2024.02.27	22:02:00	2029.97	2030.00	2029.87	2029.96	23	0	0
2024.02.27	22:03:00	2029.92	2029.92	2029.63	2029.77	40	0	0
2024.02.27	22:04:00	2029.78	2029.78	2029.66	2029.77	24	0	0
2024.02.27	22:05:00	2029.76	2029.77	2029.66	2029.68	37	0	0
2024.02.27	22:06:00	2029.67	2029.72	2029.56	2029.56	37	0	0
2024.02.27	22:07:00	2029.55	2029.57	2029.17	2029.17	46	0	0
2024.02.27	22:08:00	2029.14	2029.28	2029.06	2029.26	50	0	0
2024.02.27	22:09:00	2029.22	2029.41	2029.11	2029.39	42	0	0
2024.02.27	22:10:00	2029.37	2029.79	2029.37	2029.78	53	0	0
2024.02.27	22:11:00	2029.75	2029.79	2029.58	2029.76	26	0	0
2024.02.27	22:12:00	2029.75	2029.75	2029.48	2029.49	19	0	0
2024.02.27	22:13:00	2029.44	2029.49	2029.28	2029.39	33	0	0
2024.02.27	22:14:00	2029.38	2029.51	2029.33	2029.50	31	0	0
2024.02.27	22:15:00	2029.54	2029.69	2029.54	2029.67	34	0	0
2024.02.27	22:16:00	2029.63	2029.89	2029.60	2029.80	61	0	0
2024.02.27	22:17:00	2029.77	2029.98	2029.73	2029.77	50	0	0
2024.02.27	22:18:00	2029.75	2029.75	2029.49	2029.69	41	0	0
2024.02.27	22:19:00	2029.63	2029.63	2029.48	2029.50	16	0	0
2024.02.27	22:20:00	2029.49	2029.52	2029.29	2029.52	32	0	0
2024.02.27	22:21:00	2029.51	2029.59	2029.48	2029.58	27	0	0
2024.02.27	22:22:00	2029.55	2029.71	2029.52	2029.69	22	0	0
2024.02.27	22:23:00	2029.69	2029.72	2029.68	2029.71	7	0	0
2024.02.27	22:24:00	2029.69	2029.69	2029.58	2029.63	33	0	0
2024.02.27	22:25:00	2029.61	2029.69	2029.39	2029.40	25	0	0
2024.02.27	22:26:00	2029.41	2029.62	2029.39	2029.50	29	0	0
2024.02.27	22:27:00	2029.42	2029.44	2029.37	2029.39	39	0	0
2024.02.27	22:28:00	2029.38	2029.45	2029.09	2029.18	31	0	0
2024.02.27	22:29:00	2029.13	2029.18	2028.79	2029.17	70	0	0
2024.02.27	22:30:00	2029.19	2029.41	2029.19	2029.41	45	0	0
2024.02.27	22:31:00	2029.38	2029.50	2029.28	2029.50	69	0	0
2024.02.27	22:32:00	2029.51	2029.53	2029.40	2029.41	39	0	0
2024.02.27	22:33:00	2029.40	2029.60	2029.40	2029.58	22	0	0
2024.02.27	22:34:00	2029.57	2029.58	2029.38	2029.44	58	0	0
2024.02.27	22:35:00	2029.48	2029.59	2029.44	2029.54	23	0	0
2024.02.27	22:36:00	2029.55	2029.55	2029.38	2029.50	48	0	0
2024.02.27	22:37:00	2029.53	2029.73	2029.50	2029.65	51	0	0
2024.02.27	22:38:00	2029.67	2029.73	2029.63	2029.70	42	0	0
2024.02.27	22:39:00	2029.69	2029.71	2029.60	2029.66	36	0	0
2024.02.27	22:40:00	2029.65	2029.91	2029.63	2029.91	32	0	0
2024.02.27	22:41:00	2029.90	2030.13	2029.89	2029.99	46	0	0
2024.02.27	22:42:00	2030.00	2030.03	2029.95	2030.00	11	0	0
2024.02.27	22:43:00	2030.02	2030.04	2030.01	2030.03	8	0	0
2024.02.27	22:44:00	2030.03	2030.15	2030.03	2030.08	18	0	0
2024.02.27	22:45:00	2030.03	2030.12	2030.03	2030.10	24	0	0
2024.02.27	22:46:00	2030.13	2030.14	2030.04	2030.10	25	0	0
2024.02.27	22:47:00	2030.14	2030.33	2030.04	2030.19	45	0	0
2024.02.27	22:48:00	2030.15	2030.20	2030.06	2030.14	22	0	0
2024.02.27	22:49:00	2030.10	2030.14	2029.93	2029.95	43	0	0
2024.02.27	22:50:00	2029.97	2030.17	2029.97	2029.99	41	0	0
2024.02.27	22:51:00	2029.98	2030.05	2029.84	2030.02	76	0	0
2024.02.27	22:52:00	2030.00	2030.05	2029.89	2030.02	36	0	0
2024.02.27	22:53:00	2030.01	2030.10	2029.94	2030.10	36	0	0
2024.02.27	22:54:00	2030.05	2030.12	2029.93	2029.99	42	0	0
2024.02.27	22:55:00	2030.02	2030.20	2029.92	2030.16	44	0	0
2024.02.27	22:56:00	2030.17	2030.19	2030.04	2030.18	43	0	0
2024.02.27	22:57:00	2030.16	2030.28	2030.14	2030.24	38	0	0
2024.02.27	22:58:00	2030.26	2030.35	2030.10	2030.31	56	0	0
2024.02.27	22:59:00	2030.33	2030.33	2029.99	2030.15	62	0	0
2024.02.27	23:00:00	2030.18	2030.31	2030.05	2030.15	26	0	0
2024.02.27	23:01:00	2030.15	2030.17	2030.05	2030.05	30	0	0
2024.02.27	23:02:00	2030.07	2030.15	2030.05	2030.14	15	0	0
2024.02.27	23:03:00	2030.11	2030.11	2030.07	2030.10	10	0	0
2024.02.27	23:04:00	2030.09	2030.22	2030.07	2030.12	24	0	0
2024.02.27	23:05:00	2030.15	2030.17	2030.08	2030.08	4	0	0
2024.02.27	23:06:00	2030.11	2030.13	2030.09	2030.09	6	0	0
2024.02.27	23:07:00	2030.08	2030.15	2030.04	2030.15	10	0	0
2024.02.27	23:08:00	2030.14	2030.17	2030.10	2030.12	8	0	0
2024.02.27	23:09:00	2030.09	2030.25	2030.09	2030.25	7	0	0
2024.02.27	23:10:00	2030.27	2030.27	2030.10	2030.10	30	0	0
2024.02.27	23:11:00	2030.11	2030.16	2030.07	2030.07	20	0	0
2024.02.27	23:12:00	2030.12	2030.20	2030.09	2030.19	18	0	0
2024.02.27	23:13:00	2030.24	2030.25	2030.14	2030.14	9	0	0
2024.02.27	23:14:00	2030.13	2030.20	2030.12	2030.15	10	0	0
2024.02.27	23:15:00	2030.14	2030.21	2030.13	2030.13	28	0	0
2024.02.27	23:16:00	2030.13	2030.16	2030.10	2030.15	11	0	0
2024.02.27	23:17:00	2030.14	2030.18	2030.07	2030.07	40	0	0
2024.02.27	23:18:00	2030.06	2030.10	2030.05	2030.06	23	0	0
2024.02.27	23:19:00	2030.05	2030.05	2029.94	2029.99	17	0	0
2024.02.27	23:20:00	2030.04	2030.09	2030.04	2030.04	12	0	0
2024.02.27	23:21:00	2030.03	2030.05	2030.03	2030.04	4	0	0
2024.02.27	23:22:00	2030.06	2030.15	2030.05	2030.06	9	0	0
2024.02.27	23:23:00	2030.07	2030.08	2030.07	2030.08	5	0	0
2024.02.27	23:24:00	2029.99	2029.99	2029.98	2029.98	4	0	0
2024.02.27	23:25:00	2029.99	2029.99	2029.98	2029.98	2	0	0
2024.02.27	23:26:00	2029.99	2030.08	2029.99	2030.07	4	0	0
2024.02.27	23:27:00	2030.07	2030.08	2029.98	2029.99	7	0	0
2024.02.27	23:28:00	2029.96	2029.98	2029.91	2029.98	19	0	0
2024.02.27	23:29:00	2029.97	2030.04	2029.90	2029.90	31	0	0
2024.02.27	23:30:00	2029.89	2030.05	2029.89	2030.02	11	0	0
2024.02.27	23:31:00	2030.00	2030.11	2029.99	2030.09	29	0	0
2024.02.27	23:32:00	2030.08	2030.19	2030.08	2030.18	26	0	0
2024.02.27	23:33:00	2030.17	2030.17	2030.08	2030.08	15	0	0
2024.02.27	23:34:00	2030.09	2030.11	2030.07	2030.08	5	0	0
2024.02.27	23:35:00	2030.10	2030.14	2030.08	2030.11	13	0	0
2024.02.27	23:36:00	2030.01	2030.05	2030.01	2030.03	8	0	0
2024.02.27	23:37:00	2030.02	2030.02	2030.02	2030.02	1	0	0
2024.02.27	23:38:00	2030.06	2030.15	2030.06	2030.15	11	0	0
2024.02.27	23:39:00	2030.14	2030.30	2030.12	2030.30	12	0	0
2024.02.27	23:40:00	2030.29	2030.39	2030.29	2030.35	13	0	0
2024.02.27	23:41:00	2030.31	2030.34	2030.30	2030.32	27	0	0
2024.02.27	23:42:00	2030.30	2030.32	2030.30	2030.30	8	0	0
2024.02.27	23:43:00	2030.30	2030.49	2030.29	2030.49	22	0	0
2024.02.27	23:44:00	2030.48	2030.48	2030.33	2030.34	7	0	0
2024.02.27	23:45:00	2030.34	2030.34	2030.19	2030.19	24	0	0
2024.02.27	23:46:00	2030.18	2030.19	2030.18	2030.19	2	0	0
2024.02.27	23:47:00	2030.18	2030.19	2030.02	2030.09	30	0	0
2024.02.27	23:48:00	2030.08	2030.08	2029.93	2029.96	13	0	0
2024.02.27	23:49:00	2029.95	2029.95	2029.85	2029.92	14	0	0
2024.02.27	23:50:00	2029.93	2030.27	2029.93	2030.27	20	0	0
2024.02.27	23:51:00	2030.36	2030.37	2030.36	2030.37	2	0	0
2024.02.27	23:52:00	2030.41	2030.58	2030.37	2030.52	19	0	0
2024.02.27	23:53:00	2030.49	2030.51	2030.39	2030.39	12	0	0
2024.02.27	23:54:00	2030.34	2030.35	2030.19	2030.19	29	0	0
2024.02.27	23:55:00	2030.17	2030.25	2030.13	2030.21	23	0	0
2024.02.27	23:56:00	2030.17	2030.34	2030.10	2030.34	42	0	0
2024.02.27	23:57:00	2030.40	2030.45	2030.33	2030.45	15	0	0
2024.02.27	23:58:00	2030.45	2030.55	2030.31	2030.31	18	0	0
2024.02.28	01:05:00	2029.83	2030.08	2029.83	2030.03	20	0	0
2024.02.28	01:06:00	2030.04	2030.08	2029.94	2030.06	31	0	0
2024.02.28	01:07:00	2030.04	2030.29	2030.01	2030.25	14	0	0
2024.02.28	01:08:00	2030.24	2030.24	2030.10	2030.15	20	0	0
2024.02.28	01:09:00	2030.13	2030.18	2030.10	2030.14	14	0	0
2024.02.28	01:10:00	2030.16	2030.16	2030.10	2030.10	10	0	0
2024.02.28	01:11:00	2030.10	2030.10	2030.00	2030.10	10	0	0
2024.02.28	01:12:00	2030.10	2030.10	2029.95	2029.97	21	0	0
2024.02.28	01:13:00	2029.95	2030.29	2029.95	2030.29	17	0	0
2024.02.28	01:14:00	2030.28	2030.31	2030.24	2030.31	11	0	0
2024.02.28	01:15:00	2030.29	2030.29	2030.15	2030.15	20	0	0
2024.02.28	01:16:00	2030.15	2030.19	2030.09	2030.16	11	0	0
2024.02.28	01:17:00	2030.16	2030.45	2030.16	2030.39	15	0	0
2024.02.28	01:18:00	2030.41	2030.51	2030.41	2030.49	15	0	0
2024.02.28	01:19:00	2030.47	2030.54	2030.45	2030.49	27	0	0
2024.02.28	01:20:00	2030.53	2030.61	2030.48	2030.59	18	0	0
2024.02.28	01:21:00	2030.58	2030.58	2030.45	2030.45	18	0	0
2024.02.28	01:22:00	2030.45	2030.45	2030.38	2030.40	19	0	0
2024.02.28	01:23:00	2030.38	2030.44	2030.38	2030.43	5	0	0
2024.02.28	01:24:00	2030.44	2030.44	2030.35	2030.35	11	0	0
2024.02.28	01:25:00	2030.35	2030.38	2030.27	2030.27	16	0	0
2024.02.28	01:26:00	2030.26	2030.73	2030.26	2030.65	38	0	0
2024.02.28	01:27:00	2030.65	2030.72	2030.59	2030.60	19	0	0
2024.02.28	01:28:00	2030.60	2030.64	2030.60	2030.64	13	0	0
2024.02.28	01:29:00	2030.69	2030.71	2030.69	2030.71	4	0	0
2024.02.28	01:30:00	2030.71	2030.71	2030.59	2030.59	8	0	0
2024.02.28	01:31:00	2030.58	2030.61	2030.48	2030.50	14	0	0
2024.02.28	01:32:00	2030.51	2030.57	2030.43	2030.57	20	0	0
2024.02.28	01:33:00	2030.53	2030.57	2030.42	2030.53	20	0	0
2024.02.28	01:34:00	2030.51	2030.63	2030.36	2030.48	33	0	0
2024.02.28	01:35:00	2030.48	2030.59	2030.46	2030.52	44	0	0
2024.02.28	01:36:00	2030.57	2030.60	2030.48	2030.58	23	0	0
2024.02.28	01:37:00	2030.59	2030.60	2030.56	2030.57	16	0	0
2024.02.28	01:38:00	2030.56	2030.68	2030.56	2030.59	23	0	0
2024.02.28	01:39:00	2030.62	2030.71	2030.58	2030.71	22	0	0
2024.02.28	01:40:00	2030.70	2030.81	2030.66	2030.79	16	0	0
2024.02.28	01:41:00	2030.73	2030.78	2030.64	2030.70	33	0	0
2024.02.28	01:42:00	2030.65	2030.71	2030.60	2030.70	19	0	0
2024.02.28	01:43:00	2030.68	2030.71	2030.65	2030.70	10	0	0
2024.02.28	01:44:00	2030.75	2030.76	2030.69	2030.72	16	0	0
2024.02.28	01:45:00	2030.74	2030.85	2030.74	2030.82	10	0	0
2024.02.28	01:46:00	2030.80	2030.85	2030.69	2030.76	18	0	0
2024.02.28	01:47:00	2030.75	2030.79	2030.69	2030.69	17	0	0
2024.02.28	01:48:00	2030.64	2030.69	2030.60	2030.60	18	0	0
2024.02.28	01:49:00	2030.59	2030.60	2030.38	2030.44	33	0	0
2024.02.28	01:50:00	2030.48	2030.48	2030.40	2030.42	14	0	0
2024.02.28	01:51:00	2030.37	2030.48	2030.37	2030.48	17	0	0
2024.02.28	01:52:00	2030.49	2030.49	2030.34	2030.44	19	0	0
2024.02.28	01:53:00	2030.41	2030.45	2030.38	2030.38	19	0	0
2024.02.28	01:54:00	2030.36	2030.36	2030.23	2030.23	15	0	0
2024.02.28	01:55:00	2030.24	2030.29	2030.18	2030.27	21	0	0
2024.02.28	01:56:00	2030.22	2030.25	2030.08	2030.09	36	0	0
2024.02.28	01:57:00	2030.12	2030.26	2030.09	2030.25	17	0	0
2024.02.28	01:58:00	2030.26	2030.26	2030.15	2030.20	25	0	0
2024.02.28	01:59:00	2030.19	2030.26	2030.10	2030.10	21	0	0
2024.02.28	02:00:00	2030.09	2030.15	2029.60	2029.66	72	0	0
2024.02.28	02:01:00	2029.62	2029.64	2029.13	2029.14	58	0	0
2024.02.28	02:02:00	2029.17	2029.59	2029.17	2029.55	51	0	0
2024.02.28	02:03:00	2029.56	2029.73	2029.56	2029.72	28	0	0
2024.02.28	02:04:00	2029.82	2029.97	2029.71	2029.72	31	0	0
2024.02.28	02:05:00	2029.71	2029.82	2029.58	2029.64	26	0	0
2024.02.28	02:06:00	2029.63	2029.80	2029.63	2029.80	12	0	0
2024.02.28	02:07:00	2029.89	2029.90	2029.75	2029.88	16	0	0
2024.02.28	02:08:00	2029.91	2029.98	2029.82	2029.82	33	0	0
2024.02.28	02:09:00	2029.74	2029.84	2029.72	2029.82	31	0	0
2024.02.28	02:10:00	2029.83	2029.94	2029.83	2029.94	4	0	0
2024.02.28	02:11:00	2029.92	2029.94	2029.83	2029.84	16	0	0
2024.02.28	02:12:00	2029.82	2029.85	2029.69	2029.69	13	0	0
2024.02.28	02:13:00	2029.73	2029.73	2029.55	2029.57	22	0	0
2024.02.28	02:14:00	2029.58	2029.67	2029.57	2029.64	15	0	0
2024.02.28	02:15:00	2029.62	2029.62	2029.54	2029.58	14	0	0
2024.02.28	02:16:00	2029.54	2029.68	2029.51	2029.63	17	0	0
2024.02.28	02:17:00	2029.61	2029.75	2029.55	2029.73	20	0	0
2024.02.28	02:18:00	2029.76	2029.89	2029.73	2029.83	13	0	0
2024.02.28	02:19:00	2029.93	2029.93	2029.83	2029.85	23	0	0
2024.02.28	02:20:00	2029.93	2029.94	2029.83	2029.94	7	0	0
2024.02.28	02:21:00	2029.96	2030.18	2029.96	2030.14	16	0	0
2024.02.28	02:22:00	2030.15	2030.56	2030.15	2030.53	23	0	0
2024.02.28	02:23:00	2030.51	2030.78	2030.49	2030.65	38	0	0
2024.02.28	02:24:00	2030.66	2030.82	2030.65	2030.65	18	0	0
2024.02.28	02:25:00	2030.67	2030.73	2030.57	2030.67	23	0	0
2024.02.28	02:26:00	2030.59	2030.66	2030.57	2030.60	38	0	0
2024.02.28	02:27:00	2030.57	2030.59	2030.35	2030.40	39	0	0
2024.02.28	02:28:00	2030.44	2030.44	2030.24	2030.25	38	0	0
2024.02.28	02:29:00	2030.32	2030.36	2030.15	2030.17	27	0	0
2024.02.28	02:30:00	2030.19	2030.40	2030.03	2030.22	82	0	0
2024.02.28	02:31:00	2030.21	2030.25	2029.80	2029.98	68	0	0
2024.02.28	02:32:00	2029.97	2030.38	2029.97	2030.13	70	0	0
2024.02.28	02:33:00	2030.13	2030.13	2030.02	2030.11	43	0	0
2024.02.28	02:34:00	2030.13	2030.18	2030.05	2030.05	24	0	0
2024.02.28	02:35:00	2030.06	2030.15	2030.00	2030.12	30	0	0
2024.02.28	02:36:00	2030.12	2030.12	2029.89	2029.90	19	0	0
2024.02.28	02:37:00	2029.88	2030.28	2029.82	2030.24	34	0	0
2024.02.28	02:38:00	2030.26	2030.43	2030.14	2030.43	43	0	0
2024.02.28	02:39:00	2030.45	2030.45	2030.32	2030.41	49	0	0
2024.02.28	02:40:00	2030.42	2030.53	2030.42	2030.52	30	0	0
2024.02.28	02:41:00	2030.53	2030.58	2030.50	2030.54	24	0	0
2024.02.28	02:42:00	2030.61	2030.89	2030.52	2030.53	74	0	0
2024.02.28	02:43:00	2030.55	2030.68	2030.55	2030.61	28	0	0
2024.02.28	02:44:00	2030.68	2030.84	2030.61	2030.77	33	0	0
2024.02.28	02:45:00	2030.76	2030.84	2030.73	2030.84	40	0	0
2024.02.28	02:46:00	2030.83	2031.03	2030.83	2030.99	59	0	0
2024.02.28	02:47:00	2030.94	2031.06	2030.87	2030.94	31	0	0
2024.02.28	02:48:00	2030.93	2030.95	2030.80	2030.93	23	0	0
2024.02.28	02:49:00	2030.92	2031.10	2030.61	2031.02	72	0	0
2024.02.28	02:50:00	2031.01	2031.28	2031.00	2031.28	28	0	0
2024.02.28	02:51:00	2031.21	2031.22	2031.11	2031.12	19	0	0
2024.02.28	02:52:00	2031.11	2031.18	2030.99	2031.16	57	0	0
2024.02.28	02:53:00	2031.13	2031.28	2031.07	2031.09	51	0	0
2024.02.28	02:54:00	2031.10	2031.24	2030.92	2031.20	92	0	0
2024.02.28	02:55:00	2031.22	2031.22	2031.00	2031.00	68	0	0
2024.02.28	02:56:00	2030.98	2031.08	2030.91	2031.00	41	0	0
2024.02.28	02:57:00	2030.90	2031.18	2030.90	2031.13	21	0	0
2024.02.28	02:58:00	2031.09	2031.16	2031.03	2031.07	31	0	0
2024.02.28	02:59:00	2031.10	2031.12	2030.80	2030.80	63	0	0
2024.02.28	03:00:00	2030.79	2030.87	2030.36	2030.50	223	0	0
2024.02.28	03:01:00	2030.49	2030.50	2029.85	2029.85	149	0	0
2024.02.28	03:02:00	2029.84	2030.21	2029.76	2030.20	147	0	0
2024.02.28	03:03:00	2030.21	2030.85	2030.21	2030.44	148	0	0
2024.02.28	03:04:00	2030.53	2030.73	2030.36	2030.70	123	0	0
2024.02.28	03:05:00	2030.65	2031.17	2030.59	2030.84	90	0	0
2024.02.28	03:06:00	2030.83	2030.91	2030.61	2030.66	97	0	0
2024.02.28	03:07:00	2030.69	2031.24	2030.67	2031.18	122	0	0
2024.02.28	03:08:00	2031.16	2031.16	2030.79	2030.87	78	0	0
2024.02.28	03:09:00	2030.84	2031.00	2030.78	2030.78	69	0	0
2024.02.28	03:10:00	2030.82	2030.90	2030.58	2030.84	95	0	0
2024.02.28	03:11:00	2030.86	2030.86	2030.58	2030.76	74	0	0
2024.02.28	03:12:00	2030.71	2030.89	2030.69	2030.89	37	0	0
2024.02.28	03:13:00	2030.94	2031.00	2030.78	2030.86	47	0	0
2024.02.28	03:14:00	2030.81	2031.18	2030.81	2031.01	98	0	0
2024.02.28	03:15:00	2031.01	2031.29	2030.83	2031.29	92	0	0
2024.02.28	03:16:00	2031.28	2031.35	2031.20	2031.29	66	0	0
2024.02.28	03:17:00	2031.26	2031.76	2031.24	2031.56	66	0	0
2024.02.28	03:18:00	2031.55	2031.89	2031.55	2031.89	51	0	0
2024.02.28	03:19:00	2031.89	2031.98	2031.66	2031.78	77	0	0
2024.02.28	03:20:00	2031.77	2031.96	2031.72	2031.89	51	0	0
2024.02.28	03:21:00	2031.88	2032.11	2031.86	2032.06	48	0	0
2024.02.28	03:22:00	2032.05	2032.37	2032.03	2032.27	53	0	0
2024.02.28	03:23:00	2032.29	2032.37	2032.16	2032.22	61	0	0
2024.02.28	03:24:00	2032.19	2032.22	2032.12	2032.17	26	0	0
2024.02.28	03:25:00	2032.10	2032.19	2032.07	2032.13	47	0	0
2024.02.28	03:26:00	2032.10	2032.14	2031.64	2031.89	68	0	0
2024.02.28	03:27:00	2031.90	2031.97	2031.87	2031.92	36	0	0
2024.02.28	03:28:00	2031.89	2032.07	2031.86	2031.86	34	0	0
2024.02.28	03:29:00	2031.89	2032.19	2031.89	2032.13	36	0	0
2024.02.28	03:30:00	2032.10	2032.39	2032.10	2032.23	60	0	0
2024.02.28	03:31:00	2032.22	2032.45	2032.14	2032.17	65	0	0
2024.02.28	03:32:00	2032.19	2032.36	2032.15	2032.16	54	0	0
2024.02.28	03:33:00	2032.17	2032.40	2032.14	2032.40	45	0	0
2024.02.28	03:34:00	2032.39	2032.41	2032.24	2032.24	41	0	0
2024.02.28	03:35:00	2032.23	2032.44	2032.11	2032.30	45	0	0
2024.02.28	03:36:00	2032.31	2032.42	2032.26	2032.42	21	0	0
2024.02.28	03:37:00	2032.40	2032.43	2032.32	2032.42	41	0	0
2024.02.28	03:38:00	2032.43	2032.50	2032.33	2032.50	32	0	0
2024.02.28	03:39:00	2032.49	2032.55	2032.45	2032.54	22	0	0
2024.02.28	03:40:00	2032.53	2032.69	2032.45	2032.69	43	0	0
2024.02.28	03:41:00	2032.70	2032.92	2032.70	2032.75	22	0	0
2024.02.28	03:42:00	2032.63	2032.72	2032.57	2032.72	38	0	0
2024.02.28	03:43:00	2032.72	2033.04	2032.68	2033.04	31	0	0
2024.02.28	03:44:00	2033.10	2033.40	2033.08	2033.22	71	0	0
2024.02.28	03:45:00	2033.24	2033.38	2033.01	2033.06	73	0	0
2024.02.28	03:46:00	2033.06	2033.13	2032.91	2033.09	59	0	0
2024.02.28	03:47:00	2033.08	2033.39	2033.01	2033.27	99	0	0
2024.02.28	03:48:00	2033.32	2033.43	2033.11	2033.15	56	0	0
2024.02.28	03:49:00	2033.16	2033.21	2032.89	2032.90	45	0	0
2024.02.28	03:50:00	2032.93	2033.08	2032.85	2033.03	58	0	0
2024.02.28	03:51:00	2033.05	2033.09	2032.91	2032.92	58	0	0
2024.02.28	03:52:00	2032.93	2033.00	2032.89	2032.97	44	0	0
2024.02.28	03:53:00	2032.97	2033.08	2032.94	2033.00	38	0	0
2024.02.28	03:54:00	2033.01	2033.07	2032.84	2032.84	57	0	0
2024.02.28	03:55:00	2032.88	2033.04	2032.85	2032.93	71	0	0
2024.02.28	03:56:00	2032.97	2033.45	2032.97	2033.40	64	0	0
2024.02.28	03:57:00	2033.42	2033.75	2033.38	2033.74	32	0	0
2024.02.28	03:58:00	2033.74	2033.76	2033.54	2033.54	47	0	0
2024.02.28	03:59:00	2033.53	2033.67	2033.45	2033.45	51	0	0
2024.02.28	04:00:00	2033.43	2033.63	2033.43	2033.54	40	0	0
2024.02.28	04:01:00	2033.53	2033.64	2033.26	2033.46	58	0	0
2024.02.28	04:02:00	2033.45	2033.48	2033.16	2033.26	65	0	0
2024.02.28	04:03:00	2033.25	2033.27	2032.60	2032.65	60	0	0
2024.02.28	04:04:00	2032.63	2032.97	2032.57	2032.65	76	0	0
2024.02.28	04:05:00	2032.66	2032.74	2032.46	2032.46	61	0	0
2024.02.28	04:06:00	2032.43	2032.57	2032.33	2032.54	63	0	0
2024.02.28	04:07:00	2032.55	2032.55	2032.32	2032.34	20	0	0
2024.02.28	04:08:00	2032.36	2032.45	2032.36	2032.37	31	0	0
2024.02.28	04:09:00	2032.38	2032.58	2032.37	2032.58	14	0	0
2024.02.28	04:10:00	2032.57	2032.64	2032.52	2032.52	26	0	0
2024.02.28	04:11:00	2032.51	2032.59	2032.42	2032.51	30	0	0
2024.02.28	04:12:00	2032.48	2032.60	2032.36	2032.57	42	0	0
2024.02.28	04:13:00	2032.58	2033.07	2032.57	2033.05	67	0	0
2024.02.28	04:14:00	2033.06	2033.14	2032.87	2032.91	80	0	0
2024.02.28	04:15:00	2032.92	2032.94	2032.63	2032.63	68	0	0
2024.02.28	04:16:00	2032.61	2032.75	2032.47	2032.69	67	0	0
2024.02.28	04:17:00	2032.70	2032.73	2032.17	2032.18	54	0	0
2024.02.28	04:18:00	2032.21	2032.33	2031.99	2032.19	101	0	0
2024.02.28	04:19:00	2032.18	2032.20	2032.00	2032.20	61	0	0
2024.02.28	04:20:00	2032.17	2032.40	2031.94	2032.03	99	0	0
2024.02.28	04:21:00	2032.04	2032.22	2031.90	2032.18	83	0	0
2024.02.28	04:22:00	2032.20	2032.42	2032.13	2032.40	80	0	0
2024.02.28	04:23:00	2032.41	2032.58	2032.40	2032.41	73	0	0
2024.02.28	04:24:00	2032.41	2032.43	2032.28	2032.29	48	0	0
2024.02.28	04:25:00	2032.32	2032.46	2032.27	2032.36	36	0	0
2024.02.28	04:26:00	2032.38	2032.47	2032.27	2032.31	42	0	0
2024.02.28	04:27:00	2032.32	2032.39	2032.27	2032.35	61	0	0
2024.02.28	04:28:00	2032.36	2032.36	2032.30	2032.36	13	0	0
2024.02.28	04:29:00	2032.35	2032.35	2032.30	2032.31	21	0	0
2024.02.28	04:30:00	2032.30	2032.34	2032.18	2032.32	41	0	0
2024.02.28	04:31:00	2032.31	2032.39	2032.25	2032.37	41	0	0
2024.02.28	04:32:00	2032.38	2032.39	2032.34	2032.38	15	0	0
2024.02.28	04:33:00	2032.39	2032.39	2032.23	2032.23	30	0	0
2024.02.28	04:34:00	2032.27	2032.66	2032.27	2032.53	46	0	0
2024.02.28	04:35:00	2032.54	2032.55	2032.41	2032.41	29	0	0
2024.02.28	04:36:00	2032.41	2032.41	2032.16	2032.19	50	0	0
2024.02.28	04:37:00	2032.20	2032.20	2031.85	2031.90	65	0	0
2024.02.28	04:38:00	2031.88	2032.15	2031.88	2032.02	66	0	0
2024.02.28	04:39:00	2032.01	2032.01	2031.81	2031.81	29	0	0
2024.02.28	04:40:00	2031.82	2031.87	2031.64	2031.73	52	0	0
2024.02.28	04:41:00	2031.73	2031.73	2031.42	2031.53	42	0	0
2024.02.28	04:42:00	2031.51	2031.54	2030.88	2031.09	59	0	0
2024.02.28	04:43:00	2031.09	2031.09	2030.78	2030.78	38	0	0
2024.02.28	04:44:00	2030.79	2030.83	2030.63	2030.63	60	0	0
2024.02.28	04:45:00	2030.60	2030.87	2030.53	2030.87	74	0	0
2024.02.28	04:46:00	2030.83	2031.14	2030.83	2031.14	74	0	0
2024.02.28	04:47:00	2031.15	2031.19	2031.10	2031.15	35	0	0
2024.02.28	04:48:00	2031.14	2031.18	2031.08	2031.18	41	0	0
2024.02.28	04:49:00	2031.18	2031.18	2031.02	2031.10	52	0	0
2024.02.28	04:50:00	2031.07	2031.16	2030.91	2030.93	52	0	0
2024.02.28	04:51:00	2030.92	2031.14	2030.88	2031.01	43	0	0
2024.02.28	04:52:00	2031.02	2031.05	2030.94	2031.03	49	0	0
2024.02.28	04:53:00	2031.04	2031.04	2031.02	2031.02	31	0	0
2024.02.28	04:54:00	2030.95	2031.02	2030.83	2030.93	39	0	0
2024.02.28	04:55:00	2030.91	2030.97	2030.84	2030.93	28	0	0
2024.02.28	04:56:00	2030.91	2030.93	2030.76	2030.93	71	0	0
2024.02.28	04:57:00	2030.94	2031.07	2030.94	2031.02	56	0	0
2024.02.28	04:58:00	2031.01	2031.04	2030.83	2030.94	56	0	0
2024.02.28	04:59:00	2030.95	2031.01	2030.93	2031.01	45	0	0
2024.02.28	05:00:00	2031.01	2031.13	2030.99	2031.12	36	0	0
2024.02.28	05:01:00	2031.12	2031.28	2031.12	2031.13	45	0	0
2024.02.28	05:02:00	2031.13	2031.48	2031.12	2031.47	63	0	0
2024.02.28	05:03:00	2031.47	2031.47	2031.37	2031.47	62	0	0
2024.02.28	05:04:00	2031.47	2031.47	2031.36	2031.46	53	0	0
2024.02.28	05:05:00	2031.45	2031.45	2031.25	2031.34	44	0	0
2024.02.28	05:06:00	2031.34	2031.34	2031.25	2031.34	37	0	0
2024.02.28	05:07:00	2031.34	2031.45	2031.25	2031.29	45	0	0
2024.02.28	05:08:00	2031.32	2031.43	2031.29	2031.34	54	0	0
2024.02.28	05:09:00	2031.34	2031.34	2030.94	2030.96	59	0	0
2024.02.28	05:10:00	2030.95	2030.96	2030.79	2030.85	45	0	0
2024.02.28	05:11:00	2030.86	2031.05	2030.78	2030.78	50	0	0
2024.02.28	05:12:00	2030.79	2031.01	2030.76	2030.97	36	0	0
2024.02.28	05:13:00	2030.98	2030.98	2030.71	2030.71	17	0	0
2024.02.28	05:14:00	2030.74	2030.88	2030.45	2030.52	66	0	0
2024.02.28	05:15:00	2030.56	2030.62	2030.35	2030.52	83	0	0
2024.02.28	05:16:00	2030.50	2030.50	2030.27	2030.35	48	0	0
2024.02.28	05:17:00	2030.36	2030.37	2030.20	2030.25	74	0	0
2024.02.28	05:18:00	2030.18	2030.22	2030.03	2030.13	117	0	0
2024.02.28	05:19:00	2030.14	2030.19	2029.82	2030.04	132	0	0
2024.02.28	05:20:00	2030.05	2030.21	2030.03	2030.13	45	0	0
2024.02.28	05:21:00	2030.08	2030.43	2030.05	2030.42	69	0	0
2024.02.28	05:22:00	2030.42	2030.81	2030.40	2030.78	69	0	0
2024.02.28	05:23:00	2030.81	2030.81	2030.72	2030.80	21	0	0
2024.02.28	05:24:00	2030.81	2030.96	2030.81	2030.92	33	0	0
2024.02.28	05:25:00	2030.93	2030.93	2030.67	2030.73	43	0	0
2024.02.28	05:26:00	2030.72	2030.92	2030.69	2030.75	45	0	0
2024.02.28	05:27:00	2030.79	2030.99	2030.64	2030.98	58	0	0
2024.02.28	05:28:00	2030.99	2031.04	2030.92	2030.96	30	0	0
2024.02.28	05:29:00	2030.92	2030.97	2030.92	2030.96	10	0	0
2024.02.28	05:30:00	2030.98	2031.33	2030.98	2031.28	30	0	0
2024.02.28	05:31:00	2031.27	2031.34	2031.22	2031.31	34	0	0
2024.02.28	05:32:00	2031.30	2031.30	2031.23	2031.24	21	0	0
2024.02.28	05:33:00	2031.34	2031.67	2031.34	2031.53	49	0	0
2024.02.28	05:34:00	2031.54	2031.61	2031.45	2031.49	44	0	0
2024.02.28	05:35:00	2031.48	2031.67	2031.48	2031.61	35	0	0
2024.02.28	05:36:00	2031.65	2031.83	2031.62	2031.66	60	0	0
2024.02.28	05:37:00	2031.65	2031.72	2031.57	2031.57	25	0	0
2024.02.28	05:38:00	2031.68	2031.78	2031.57	2031.58	29	0	0
2024.02.28	05:39:00	2031.59	2031.73	2031.55	2031.55	22	0	0
2024.02.28	05:40:00	2031.57	2031.62	2031.38	2031.38	22	0	0
2024.02.28	05:41:00	2031.39	2031.51	2031.33	2031.40	34	0	0
2024.02.28	05:42:00	2031.40	2031.40	2031.25	2031.27	34	0	0
2024.02.28	05:43:00	2031.26	2031.37	2031.24	2031.29	39	0	0
2024.02.28	05:44:00	2031.29	2031.29	2031.16	2031.20	29	0	0
2024.02.28	05:45:00	2031.17	2031.27	2031.16	2031.26	32	0	0
2024.02.28	05:46:00	2031.25	2031.30	2031.14	2031.20	28	0	0
2024.02.28	05:47:00	2031.19	2031.45	2031.14	2031.43	37	0	0
2024.02.28	05:48:00	2031.39	2031.42	2031.23	2031.23	18	0	0
2024.02.28	05:49:00	2031.24	2031.24	2031.14	2031.17	17	0	0
2024.02.28	05:50:00	2031.17	2031.17	2031.05	2031.12	31	0	0
2024.02.28	05:51:00	2031.11	2031.12	2030.96	2031.12	22	0	0
2024.02.28	05:52:00	2031.14	2031.25	2031.11	2031.14	27	0	0
2024.02.28	05:53:00	2031.14	2031.17	2031.08	2031.15	15	0	0
2024.02.28	05:54:00	2031.14	2031.24	2031.00	2031.00	16	0	0
2024.02.28	05:55:00	2031.02	2031.05	2030.89	2030.89	14	0	0
2024.02.28	05:56:00	2030.93	2031.05	2030.93	2031.04	15	0	0
2024.02.28	05:57:00	2031.00	2031.33	2031.00	2031.24	24	0	0
2024.02.28	05:58:00	2031.31	2031.32	2031.02	2031.02	26	0	0
2024.02.28	05:59:00	2031.10	2031.11	2030.89	2030.94	27	0	0
2024.02.28	06:00:00	2030.94	2031.02	2030.88	2030.98	37	0	0
2024.02.28	06:01:00	2030.99	2031.14	2030.99	2031.11	22	0	0
2024.02.28	06:02:00	2031.11	2031.12	2030.95	2031.05	35	0	0
2024.02.28	06:03:00	2031.08	2031.12	2030.97	2031.00	25	0	0
2024.02.28	06:04:00	2031.01	2031.02	2030.67	2030.67	30	0	0
2024.02.28	06:05:00	2030.65	2030.75	2030.62	2030.64	28	0	0
2024.02.28	06:06:00	2030.63	2030.66	2030.63	2030.65	12	0	0
2024.02.28	06:07:00	2030.64	2030.64	2030.43	2030.44	40	0	0
2024.02.28	06:08:00	2030.45	2030.55	2030.34	2030.47	46	0	0
2024.02.28	06:09:00	2030.48	2030.56	2030.45	2030.47	58	0	0
2024.02.28	06:10:00	2030.48	2030.55	2030.46	2030.55	12	0	0
2024.02.28	06:11:00	2030.56	2030.62	2030.46	2030.62	25	0	0
2024.02.28	06:12:00	2030.63	2030.69	2030.51	2030.66	31	0	0
2024.02.28	06:13:00	2030.65	2030.68	2030.55	2030.55	49	0	0
2024.02.28	06:14:00	2030.51	2030.57	2030.46	2030.48	46	0	0
2024.02.28	06:15:00	2030.48	2030.48	2030.44	2030.46	14	0	0
2024.02.28	06:16:00	2030.47	2030.49	2030.44	2030.46	19	0	0
2024.02.28	06:17:00	2030.45	2030.47	2030.42	2030.47	30	0	0
2024.02.28	06:18:00	2030.46	2030.54	2030.41	2030.42	32	0	0
2024.02.28	06:19:00	2030.44	2030.47	2030.39	2030.43	20	0	0
2024.02.28	06:20:00	2030.44	2030.52	2030.44	2030.45	26	0	0
2024.02.28	06:21:00	2030.45	2030.47	2030.35	2030.35	17	0	0
2024.02.28	06:22:00	2030.35	2030.41	2030.25	2030.40	31	0	0
2024.02.28	06:23:00	2030.39	2030.39	2029.93	2029.95	51	0	0
2024.02.28	06:24:00	2029.95	2029.97	2029.80	2029.87	47	0	0
2024.02.28	06:25:00	2029.86	2030.44	2029.82	2030.42	62	0	0
2024.02.28	06:26:00	2030.43	2030.78	2030.40	2030.71	70	0	0
2024.02.28	06:27:00	2030.75	2030.94	2030.70	2030.93	76	0	0
2024.02.28	06:28:00	2030.93	2031.10	2030.71	2030.91	63	0	0
2024.02.28	06:29:00	2030.86	2030.97	2030.60	2030.71	74	0	0
2024.02.28	06:30:00	2030.72	2030.99	2030.70	2030.71	84	0	0
2024.02.28	06:31:00	2030.70	2031.06	2030.65	2030.93	97	0	0
2024.02.28	06:32:00	2030.92	2031.01	2030.58	2030.58	85	0	0
2024.02.28	06:33:00	2030.60	2030.96	2030.46	2030.93	106	0	0
2024.02.28	06:34:00	2030.89	2031.01	2030.60	2030.66	75	0	0
2024.02.28	06:35:00	2030.69	2030.72	2030.61	2030.69	20	0	0
2024.02.28	06:36:00	2030.68	2030.73	2030.59	2030.72	37	0	0
2024.02.28	06:37:00	2030.74	2030.77	2030.53	2030.57	20	0	0
2024.02.28	06:38:00	2030.60	2030.71	2030.53	2030.70	30	0	0
2024.02.28	06:39:00	2030.71	2030.76	2030.70	2030.73	21	0	0
2024.02.28	06:40:00	2030.72	2030.79	2030.67	2030.78	29	0	0
2024.02.28	06:41:00	2030.77	2030.77	2030.51	2030.55	26	0	0
2024.02.28	06:42:00	2030.56	2030.86	2030.53	2030.86	42	0	0
2024.02.28	06:43:00	2030.87	2030.88	2030.80	2030.82	26	0	0
2024.02.28	06:44:00	2030.86	2030.87	2030.78	2030.84	22	0	0
2024.02.28	06:45:00	2030.87	2030.93	2030.74	2030.92	42	0	0
2024.02.28	06:46:00	2030.91	2030.92	2030.82	2030.91	16	0	0
2024.02.28	06:47:00	2030.91	2030.91	2030.81	2030.87	13	0	0
2024.02.28	06:48:00	2030.88	2030.89	2030.54	2030.54	38	0	0
2024.02.28	06:49:00	2030.53	2030.68	2030.48	2030.67	16	0	0
2024.02.28	06:50:00	2030.62	2030.62	2030.54	2030.55	22	0	0
2024.02.28	06:51:00	2030.56	2030.58	2030.54	2030.58	7	0	0
2024.02.28	06:52:00	2030.57	2030.75	2030.56	2030.70	27	0	0
2024.02.28	06:53:00	2030.73	2030.76	2030.61	2030.64	19	0	0
2024.02.28	06:54:00	2030.65	2030.65	2030.63	2030.64	3	0	0
2024.02.28	06:55:00	2030.65	2030.70	2030.63	2030.64	18	0	0
2024.02.28	06:56:00	2030.63	2030.63	2030.43	2030.44	27	0	0
2024.02.28	06:57:00	2030.42	2030.44	2030.33	2030.33	25	0	0
2024.02.28	06:58:00	2030.31	2030.31	2030.22	2030.26	23	0	0
2024.02.28	06:59:00	2030.25	2030.27	2030.22	2030.27	11	0	0
2024.02.28	07:00:00	2030.25	2030.26	2030.15	2030.25	28	0	0
2024.02.28	07:01:00	2030.26	2030.26	2030.07	2030.17	44	0	0
2024.02.28	07:02:00	2030.17	2030.17	2030.02	2030.07	35	0	0
2024.02.28	07:03:00	2030.08	2030.49	2030.07	2030.48	50	0	0
2024.02.28	07:04:00	2030.49	2030.66	2030.47	2030.58	36	0	0
2024.02.28	07:05:00	2030.62	2030.64	2030.43	2030.44	19	0	0
2024.02.28	07:06:00	2030.46	2030.58	2030.43	2030.51	51	0	0
2024.02.28	07:07:00	2030.59	2030.62	2030.49	2030.54	24	0	0
2024.02.28	07:08:00	2030.51	2030.56	2030.40	2030.40	22	0	0
2024.02.28	07:09:00	2030.39	2030.45	2030.35	2030.39	16	0	0
2024.02.28	07:10:00	2030.40	2030.64	2030.40	2030.50	25	0	0
2024.02.28	07:11:00	2030.51	2030.70	2030.51	2030.68	17	0	0
2024.02.28	07:12:00	2030.74	2030.95	2030.74	2030.93	28	0	0
2024.02.28	07:13:00	2030.91	2030.91	2030.84	2030.84	10	0	0
2024.02.28	07:14:00	2030.82	2030.82	2030.70	2030.77	14	0	0
2024.02.28	07:15:00	2030.78	2030.78	2030.59	2030.59	13	0	0
2024.02.28	07:16:00	2030.58	2030.58	2030.47	2030.54	12	0	0
2024.02.28	07:17:00	2030.58	2030.65	2030.58	2030.65	5	0	0
2024.02.28	07:18:00	2030.62	2030.62	2030.50	2030.60	18	0	0
2024.02.28	07:19:00	2030.65	2030.70	2030.55	2030.70	18	0	0
2024.02.28	07:20:00	2030.71	2030.92	2030.70	2030.88	26	0	0
2024.02.28	07:21:00	2030.87	2030.87	2030.73	2030.73	32	0	0
2024.02.28	07:22:00	2030.72	2030.79	2030.69	2030.79	20	0	0
2024.02.28	07:23:00	2030.75	2030.75	2030.62	2030.73	22	0	0
2024.02.28	07:24:00	2030.65	2030.88	2030.65	2030.88	30	0	0
2024.02.28	07:25:00	2030.89	2030.89	2030.83	2030.85	30	0	0
2024.02.28	07:26:00	2030.85	2030.92	2030.70	2030.75	27	0	0
2024.02.28	07:27:00	2030.78	2030.87	2030.70	2030.73	23	0	0
2024.02.28	07:28:00	2030.77	2030.87	2030.68	2030.87	28	0	0
2024.02.28	07:29:00	2030.87	2030.90	2030.83	2030.89	22	0	0
2024.02.28	07:30:00	2030.87	2030.87	2030.42	2030.47	45	0	0
2024.02.28	07:31:00	2030.47	2030.54	2030.43	2030.54	23	0	0
2024.02.28	07:32:00	2030.53	2030.62	2030.43	2030.55	38	0	0
2024.02.28	07:33:00	2030.50	2030.52	2030.40	2030.48	20	0	0
2024.02.28	07:34:00	2030.47	2030.69	2030.47	2030.66	32	0	0
2024.02.28	07:35:00	2030.69	2030.72	2030.57	2030.59	30	0	0
2024.02.28	07:36:00	2030.59	2030.59	2030.40	2030.40	16	0	0
2024.02.28	07:37:00	2030.41	2030.55	2030.41	2030.55	23	0	0
2024.02.28	07:38:00	2030.53	2030.65	2030.45	2030.59	28	0	0
2024.02.28	07:39:00	2030.61	2030.74	2030.60	2030.70	22	0	0
2024.02.28	07:40:00	2030.71	2030.72	2030.63	2030.69	28	0	0
2024.02.28	07:41:00	2030.70	2030.74	2030.58	2030.64	19	0	0
2024.02.28	07:42:00	2030.65	2030.69	2030.53	2030.65	22	0	0
2024.02.28	07:43:00	2030.64	2030.64	2030.45	2030.55	31	0	0
2024.02.28	07:44:00	2030.57	2030.57	2030.48	2030.54	24	0	0
2024.02.28	07:45:00	2030.48	2030.59	2030.48	2030.48	19	0	0
2024.02.28	07:46:00	2030.44	2030.63	2030.43	2030.61	48	0	0
2024.02.28	07:47:00	2030.62	2030.65	2030.55	2030.57	38	0	0
2024.02.28	07:48:00	2030.58	2030.92	2030.58	2030.92	51	0	0
2024.02.28	07:49:00	2030.93	2031.12	2030.92	2031.04	28	0	0
2024.02.28	07:50:00	2031.03	2031.03	2030.74	2030.85	20	0	0
2024.02.28	07:51:00	2030.84	2030.85	2030.78	2030.85	15	0	0
2024.02.28	07:52:00	2030.84	2030.90	2030.78	2030.88	17	0	0
2024.02.28	07:53:00	2030.85	2030.88	2030.77	2030.79	17	0	0
2024.02.28	07:54:00	2030.73	2030.78	2030.65	2030.69	25	0	0
2024.02.28	07:55:00	2030.68	2030.70	2030.62	2030.67	23	0	0
2024.02.28	07:56:00	2030.69	2030.84	2030.68	2030.84	17	0	0
2024.02.28	07:57:00	2030.85	2031.07	2030.83	2031.07	22	0	0
2024.02.28	07:58:00	2031.06	2031.08	2031.00	2031.05	22	0	0
2024.02.28	07:59:00	2031.04	2031.07	2030.95	2031.01	47	0	0
2024.02.28	08:00:00	2031.01	2031.33	2030.91	2031.30	61	0	0
2024.02.28	08:01:00	2031.29	2031.31	2031.12	2031.31	39	0	0
2024.02.28	08:02:00	2031.31	2031.33	2031.22	2031.31	43	0	0
2024.02.28	08:03:00	2031.30	2031.33	2031.22	2031.31	35	0	0
2024.02.28	08:04:00	2031.30	2031.31	2031.29	2031.30	24	0	0
2024.02.28	08:05:00	2031.32	2031.68	2031.32	2031.67	61	0	0
2024.02.28	08:06:00	2031.67	2031.92	2031.67	2031.92	77	0	0
2024.02.28	08:07:00	2031.93	2032.08	2031.82	2031.95	72	0	0
2024.02.28	08:08:00	2031.96	2032.05	2031.92	2031.99	44	0	0
2024.02.28	08:09:00	2032.00	2032.11	2031.96	2031.98	43	0	0
2024.02.28	08:10:00	2031.97	2031.97	2031.39	2031.46	59	0	0
2024.02.28	08:11:00	2031.47	2031.54	2031.37	2031.39	45	0	0
2024.02.28	08:12:00	2031.39	2031.39	2031.21	2031.36	50	0	0
2024.02.28	08:13:00	2031.35	2031.58	2031.35	2031.57	46	0	0
2024.02.28	08:14:00	2031.58	2031.69	2031.58	2031.65	34	0	0
2024.02.28	08:15:00	2031.65	2031.78	2031.56	2031.78	57	0	0
2024.02.28	08:16:00	2031.75	2031.76	2031.63	2031.65	37	0	0
2024.02.28	08:17:00	2031.60	2031.71	2031.51	2031.66	48	0	0
2024.02.28	08:18:00	2031.66	2031.66	2031.42	2031.47	44	0	0
2024.02.28	08:19:00	2031.47	2031.49	2031.37	2031.48	35	0	0
2024.02.28	08:20:00	2031.47	2031.47	2031.28	2031.30	21	0	0
2024.02.28	08:21:00	2031.24	2031.28	2031.08	2031.10	36	0	0
2024.02.28	08:22:00	2031.11	2031.30	2031.10	2031.19	43	0	0
2024.02.28	08:23:00	2031.15	2031.20	2031.05	2031.19	31	0	0
2024.02.28	08:24:00	2031.17	2031.29	2031.04	2031.20	40	0	0
2024.02.28	08:25:00	2031.26	2031.32	2031.18	2031.20	16	0	0
2024.02.28	08:26:00	2031.22	2031.30	2031.15	2031.18	19	0	0
2024.02.28	08:27:00	2031.21	2031.22	2031.10	2031.17	21	0	0
2024.02.28	08:28:00	2031.15	2031.35	2031.09	2031.26	40	0	0
2024.02.28	08:29:00	2031.25	2031.28	2031.20	2031.25	14	0	0
2024.02.28	08:30:00	2031.31	2031.31	2031.12	2031.17	29	0	0
2024.02.28	08:31:00	2031.17	2031.31	2031.17	2031.31	25	0	0
2024.02.28	08:32:00	2031.35	2031.46	2031.13	2031.18	46	0	0
2024.02.28	08:33:00	2031.21	2031.40	2031.18	2031.35	53	0	0
2024.02.28	08:34:00	2031.37	2031.37	2031.25	2031.30	25	0	0
2024.02.28	08:35:00	2031.36	2031.39	2031.26	2031.26	32	0	0
2024.02.28	08:36:00	2031.25	2031.33	2030.90	2030.90	36	0	0
2024.02.28	08:37:00	2030.91	2030.93	2030.70	2030.77	34	0	0
2024.02.28	08:38:00	2030.78	2030.79	2030.55	2030.56	18	0	0
2024.02.28	08:39:00	2030.55	2030.59	2030.49	2030.51	40	0	0
2024.02.28	08:40:00	2030.52	2030.70	2030.51	2030.65	46	0	0
2024.02.28	08:41:00	2030.63	2030.66	2030.53	2030.61	43	0	0
2024.02.28	08:42:00	2030.60	2030.69	2030.49	2030.60	35	0	0
2024.02.28	08:43:00	2030.60	2030.71	2030.55	2030.65	81	0	0
2024.02.28	08:44:00	2030.66	2030.70	2030.57	2030.67	67	0	0
2024.02.28	08:45:00	2030.68	2030.69	2030.30	2030.30	58	0	0
2024.02.28	08:46:00	2030.28	2030.28	2030.07	2030.13	67	0	0
2024.02.28	08:47:00	2030.10	2030.22	2029.91	2029.99	74	0	0
2024.02.28	08:48:00	2029.91	2029.91	2029.68	2029.88	82	0	0
2024.02.28	08:49:00	2029.88	2029.93	2029.66	2029.73	60	0	0
2024.02.28	08:50:00	2029.66	2029.66	2029.40	2029.58	80	0	0
2024.02.28	08:51:00	2029.59	2029.59	2028.99	2029.09	98	0	0
2024.02.28	08:52:00	2029.05	2029.07	2028.72	2028.72	85	0	0
2024.02.28	08:53:00	2028.73	2028.89	2028.67	2028.79	71	0	0
2024.02.28	08:54:00	2028.85	2029.02	2028.76	2028.96	100	0	0
2024.02.28	08:55:00	2028.94	2029.12	2028.90	2029.08	32	0	0
2024.02.28	08:56:00	2029.07	2029.10	2028.82	2029.02	51	0	0
2024.02.28	08:57:00	2029.01	2029.25	2028.99	2029.21	50	0	0
2024.02.28	08:58:00	2029.20	2029.38	2029.15	2029.31	65	0	0
2024.02.28	08:59:00	2029.24	2029.34	2029.12	2029.34	52	0	0
2024.02.28	09:00:00	2029.34	2029.34	2029.01	2029.13	76	0	0
2024.02.28	09:01:00	2029.17	2029.21	2029.10	2029.10	28	0	0
2024.02.28	09:02:00	2029.09	2029.11	2028.83	2028.83	69	0	0
2024.02.28	09:03:00	2028.94	2029.02	2028.59	2029.02	129	0	0
2024.02.28	09:04:00	2029.03	2029.19	2028.93	2029.11	98	0	0
2024.02.28	09:05:00	2029.13	2029.13	2028.81	2028.83	65	0	0
2024.02.28	09:06:00	2028.81	2028.81	2028.58	2028.67	84	0	0
2024.02.28	09:07:00	2028.66	2028.88	2028.60	2028.82	76	0	0
2024.02.28	09:08:00	2028.83	2029.19	2028.83	2029.03	71	0	0
2024.02.28	09:09:00	2029.03	2029.14	2028.88	2028.93	88	0	0
2024.02.28	09:10:00	2028.93	2028.93	2028.67	2028.68	65	0	0
2024.02.28	09:11:00	2028.74	2028.90	2028.71	2028.89	47	0	0
2024.02.28	09:12:00	2028.88	2029.12	2028.83	2028.97	63	0	0
2024.02.28	09:13:00	2028.99	2028.99	2028.77	2028.88	46	0	0
2024.02.28	09:14:00	2028.88	2028.93	2028.68	2028.73	55	0	0
2024.02.28	09:15:00	2028.74	2028.84	2028.51	2028.82	89	0	0
2024.02.28	09:16:00	2028.81	2028.94	2028.79	2028.93	60	0	0
2024.02.28	09:17:00	2028.89	2029.37	2028.81	2029.24	80	0	0
2024.02.28	09:18:00	2029.22	2029.22	2029.07	2029.18	50	0	0
2024.02.28	09:19:00	2029.12	2029.25	2028.99	2029.14	65	0	0
2024.02.28	09:20:00	2029.15	2029.19	2028.85	2028.85	47	0	0
2024.02.28	09:21:00	2028.76	2028.76	2028.61	2028.67	50	0	0
2024.02.28	09:22:00	2028.66	2028.84	2028.63	2028.83	46	0	0
2024.02.28	09:23:00	2028.81	2028.94	2028.71	2028.83	89	0	0
2024.02.28	09:24:00	2028.82	2028.87	2028.74	2028.78	45	0	0
2024.02.28	09:25:00	2028.76	2028.82	2028.63	2028.78	57	0	0
2024.02.28	09:26:00	2028.77	2028.83	2028.65	2028.83	79	0	0
2024.02.28	09:27:00	2028.81	2029.12	2028.76	2029.12	73	0	0
2024.02.28	09:28:00	2029.10	2029.16	2028.94	2028.95	46	0	0
2024.02.28	09:29:00	2028.93	2028.98	2028.63	2028.81	67	0	0
2024.02.28	09:30:00	2028.82	2029.04	2028.72	2028.97	83	0	0
2024.02.28	09:31:00	2028.99	2029.33	2028.95	2029.24	88	0	0
2024.02.28	09:32:00	2029.26	2029.33	2028.98	2029.02	72	0	0
2024.02.28	09:33:00	2029.00	2029.00	2028.67	2028.93	85	0	0
2024.02.28	09:34:00	2028.94	2029.24	2028.94	2029.03	88	0	0
2024.02.28	09:35:00	2029.04	2029.06	2028.84	2028.85	52	0	0
2024.02.28	09:36:00	2028.79	2028.87	2028.64	2028.70	78	0	0
2024.02.28	09:37:00	2028.71	2028.88	2028.60	2028.72	57	0	0
2024.02.28	09:38:00	2028.71	2028.77	2028.63	2028.75	45	0	0
2024.02.28	09:39:00	2028.73	2028.75	2028.65	2028.65	53	0	0
2024.02.28	09:40:00	2028.63	2028.68	2028.55	2028.58	43	0	0
2024.02.28	09:41:00	2028.55	2028.65	2028.38	2028.49	59	0	0
2024.02.28	09:42:00	2028.48	2028.58	2028.40	2028.48	67	0	0
2024.02.28	09:43:00	2028.50	2028.69	2028.40	2028.58	78	0	0
2024.02.28	09:44:00	2028.54	2028.60	2028.20	2028.21	44	0	0
2024.02.28	09:45:00	2028.28	2028.42	2028.22	2028.22	69	0	0
2024.02.28	09:46:00	2028.23	2028.28	2027.86	2027.97	102	0	0
2024.02.28	09:47:00	2027.97	2028.06	2027.89	2027.98	60	0	0
2024.02.28	09:48:00	2027.99	2028.15	2027.98	2027.98	48	0	0
2024.02.28	09:49:00	2027.97	2028.14	2027.97	2028.07	79	0	0
2024.02.28	09:50:00	2028.12	2028.29	2028.10	2028.12	45	0	0
2024.02.28	09:51:00	2028.13	2028.17	2027.97	2028.06	63	0	0
2024.02.28	09:52:00	2028.05	2028.08	2027.88	2028.06	80	0	0
2024.02.28	09:53:00	2028.07	2028.07	2027.96	2028.04	49	0	0
2024.02.28	09:54:00	2028.05	2028.29	2027.88	2028.28	62	0	0
2024.02.28	09:55:00	2028.27	2028.45	2028.23	2028.45	74	0	0
2024.02.28	09:56:00	2028.42	2028.54	2028.24	2028.48	52	0	0
2024.02.28	09:57:00	2028.49	2028.62	2028.28	2028.34	54	0	0
2024.02.28	09:58:00	2028.27	2028.32	2028.18	2028.25	26	0	0
2024.02.28	09:59:00	2028.24	2028.24	2028.11	2028.13	31	0	0
2024.02.28	10:00:00	2028.12	2028.37	2027.65	2028.16	137	0	0
2024.02.28	10:01:00	2028.15	2028.15	2027.93	2028.07	75	0	0
2024.02.28	10:02:00	2028.06	2028.06	2027.81	2027.88	102	0	0
2024.02.28	10:03:00	2027.89	2028.21	2027.81	2028.10	118	0	0
2024.02.28	10:04:00	2028.08	2028.17	2027.82	2028.08	111	0	0
2024.02.28	10:05:00	2028.00	2028.25	2027.99	2028.09	98	0	0
2024.02.28	10:06:00	2028.06	2028.08	2027.88	2028.07	79	0	0
2024.02.28	10:07:00	2028.04	2028.16	2027.89	2028.16	85	0	0
2024.02.28	10:08:00	2028.20	2028.26	2028.14	2028.24	80	0	0
2024.02.28	10:09:00	2028.26	2028.66	2028.26	2028.65	70	0	0
2024.02.28	10:10:00	2028.64	2028.67	2028.54	2028.67	40	0	0
2024.02.28	10:11:00	2028.72	2028.77	2028.37	2028.41	58	0	0
2024.02.28	10:12:00	2028.42	2028.55	2028.27	2028.54	67	0	0
2024.02.28	10:13:00	2028.56	2028.80	2028.54	2028.63	58	0	0
2024.02.28	10:14:00	2028.67	2028.91	2028.67	2028.91	37	0	0
2024.02.28	10:15:00	2028.87	2029.12	2028.82	2029.07	90	0	0
2024.02.28	10:16:00	2029.05	2029.29	2029.01	2029.21	101	0	0
2024.02.28	10:17:00	2029.22	2029.29	2029.11	2029.22	84	0	0
2024.02.28	10:18:00	2029.23	2029.26	2029.02	2029.09	71	0	0
2024.02.28	10:19:00	2029.10	2029.13	2028.92	2029.07	77	0	0
2024.02.28	10:20:00	2029.05	2029.12	2028.70	2028.73	74	0	0
2024.02.28	10:21:00	2028.74	2028.92	2028.71	2028.91	63	0	0
2024.02.28	10:22:00	2028.90	2028.90	2028.63	2028.72	58	0	0
2024.02.28	10:23:00	2028.69	2028.94	2028.65	2028.93	43	0	0
2024.02.28	10:24:00	2028.92	2029.14	2028.91	2029.11	66	0	0
2024.02.28	10:25:00	2029.12	2029.12	2028.74	2029.05	77	0	0
2024.02.28	10:26:00	2029.06	2029.16	2028.82	2028.96	69	0	0
2024.02.28	10:27:00	2028.92	2029.05	2028.67	2028.67	59	0	0
2024.02.28	10:28:00	2028.71	2029.02	2028.71	2029.02	78	0	0
2024.02.28	10:29:00	2029.04	2029.05	2028.77	2028.86	59	0	0
2024.02.28	10:30:00	2028.85	2028.91	2028.73	2028.89	88	0	0
2024.02.28	10:31:00	2028.87	2028.87	2028.21	2028.22	76	0	0
2024.02.28	10:32:00	2028.23	2028.35	2028.06	2028.13	92	0	0
2024.02.28	10:33:00	2028.17	2028.38	2028.12	2028.37	72	0	0
2024.02.28	10:34:00	2028.36	2028.57	2028.28	2028.51	67	0	0
2024.02.28	10:35:00	2028.52	2028.67	2028.44	2028.62	88	0	0
2024.02.28	10:36:00	2028.64	2028.73	2028.53	2028.59	51	0	0
2024.02.28	10:37:00	2028.55	2028.74	2028.53	2028.68	43	0	0
2024.02.28	10:38:00	2028.64	2028.73	2028.59	2028.72	40	0	0
2024.02.28	10:39:00	2028.71	2028.71	2028.46	2028.58	67	0	0
2024.02.28	10:40:00	2028.60	2028.64	2028.25	2028.43	36	0	0
2024.02.28	10:41:00	2028.44	2028.74	2028.44	2028.45	60	0	0
2024.02.28	10:42:00	2028.44	2028.44	2028.31	2028.32	52	0	0
2024.02.28	10:43:00	2028.34	2028.35	2028.02	2028.12	53	0	0
2024.02.28	10:44:00	2028.11	2028.18	2027.99	2028.09	63	0	0
2024.02.28	10:45:00	2028.07	2028.18	2027.74	2027.75	78	0	0
2024.02.28	10:46:00	2027.74	2027.79	2027.47	2027.79	102	0	0
2024.02.28	10:47:00	2027.80	2027.91	2027.70	2027.78	89	0	0
2024.02.28	10:48:00	2027.77	2028.00	2027.56	2027.91	109	0	0
2024.02.28	10:49:00	2027.93	2027.94	2027.32	2027.56	105	0	0
2024.02.28	10:50:00	2027.55	2027.68	2027.46	2027.60	93	0	0
2024.02.28	10:51:00	2027.56	2027.82	2027.56	2027.61	88	0	0
2024.02.28	10:52:00	2027.60	2027.85	2027.53	2027.73	88	0	0
2024.02.28	10:53:00	2027.72	2027.84	2027.44	2027.45	92	0	0
2024.02.28	10:54:00	2027.37	2027.37	2026.96	2026.99	105	0	0
2024.02.28	10:55:00	2026.95	2027.10	2026.88	2026.98	57	0	0
2024.02.28	10:56:00	2026.97	2027.21	2026.85	2027.14	110	0	0
2024.02.28	10:57:00	2027.12	2027.16	2026.88	2026.95	96	0	0
2024.02.28	10:58:00	2026.94	2026.98	2026.78	2026.87	73	0	0
2024.02.28	10:59:00	2026.84	2026.89	2026.70	2026.83	84	0	0
2024.02.28	11:00:00	2026.82	2027.25	2026.78	2027.09	123	0	0
2024.02.28	11:01:00	2027.16	2027.38	2027.16	2027.31	102	0	0
2024.02.28	11:02:00	2027.31	2027.34	2026.82	2026.83	55	0	0
2024.02.28	11:03:00	2026.83	2026.99	2026.55	2026.60	70	0	0
2024.02.28	11:04:00	2026.59	2026.73	2026.18	2026.27	83	0	0
2024.02.28	11:05:00	2026.27	2026.28	2025.77	2026.14	116	0	0
2024.02.28	11:06:00	2026.15	2026.37	2025.96	2026.01	83	0	0
2024.02.28	11:07:00	2026.06	2026.24	2025.90	2026.15	87	0	0
2024.02.28	11:08:00	2026.16	2026.24	2025.95	2025.97	48	0	0
2024.02.28	11:09:00	2025.96	2026.01	2025.57	2025.93	114	0	0
2024.02.28	11:10:00	2025.94	2026.21	2025.67	2025.68	127	0	0
2024.02.28	11:11:00	2025.67	2026.09	2025.67	2026.09	86	0	0
2024.02.28	11:12:00	2026.14	2026.22	2026.09	2026.18	58	0	0
2024.02.28	11:13:00	2026.19	2026.19	2025.91	2026.05	62	0	0
2024.02.28	11:14:00	2026.06	2026.25	2026.06	2026.25	47	0	0
2024.02.28	11:15:00	2026.17	2026.21	2025.94	2026.05	96	0	0
2024.02.28	11:16:00	2026.07	2026.28	2026.03	2026.24	51	0	0
2024.02.28	11:17:00	2026.21	2026.25	2025.89	2025.90	76	0	0
2024.02.28	11:18:00	2025.93	2026.31	2025.79	2026.31	90	0	0
2024.02.28	11:19:00	2026.31	2026.39	2026.10	2026.10	101	0	0
2024.02.28	11:20:00	2026.08	2026.12	2025.64	2025.72	85	0	0
2024.02.28	11:21:00	2025.73	2025.78	2025.59	2025.67	65	0	0
2024.02.28	11:22:00	2025.59	2025.66	2025.36	2025.57	111	0	0
2024.02.28	11:23:00	2025.54	2025.61	2025.34	2025.50	74	0	0
2024.02.28	11:24:00	2025.47	2025.60	2025.40	2025.59	92	0	0
2024.02.28	11:25:00	2025.63	2025.94	2025.49	2025.68	94	0	0
2024.02.28	11:26:00	2025.68	2025.95	2025.52	2025.93	69	0	0
2024.02.28	11:27:00	2025.94	2025.94	2025.68	2025.68	73	0	0
2024.02.28	11:28:00	2025.71	2025.88	2025.69	2025.84	57	0	0
2024.02.28	11:29:00	2025.86	2025.87	2025.66	2025.72	56	0	0
2024.02.28	11:30:00	2025.74	2025.79	2025.39	2025.39	67	0	0
2024.02.28	11:31:00	2025.40	2025.58	2025.38	2025.48	77	0	0
2024.02.28	11:32:00	2025.50	2025.57	2025.33	2025.52	100	0	0
2024.02.28	11:33:00	2025.51	2025.68	2025.38	2025.66	72	0	0
2024.02.28	11:34:00	2025.65	2025.67	2025.32	2025.41	49	0	0
2024.02.28	11:35:00	2025.39	2025.42	2025.22	2025.24	68	0	0
2024.02.28	11:36:00	2025.27	2025.48	2025.27	2025.34	45	0	0
2024.02.28	11:37:00	2025.32	2025.38	2025.14	2025.34	108	0	0
2024.02.28	11:38:00	2025.35	2025.36	2025.00	2025.00	80	0	0
2024.02.28	11:39:00	2025.08	2025.38	2025.00	2025.38	60	0	0
2024.02.28	11:40:00	2025.39	2025.75	2025.30	2025.48	135	0	0
2024.02.28	11:41:00	2025.53	2025.75	2025.49	2025.71	110	0	0
2024.02.28	11:42:00	2025.74	2025.84	2025.48	2025.65	85	0	0
2024.02.28	11:43:00	2025.67	2025.94	2025.57	2025.94	84	0	0
2024.02.28	11:44:00	2025.98	2026.27	2025.97	2026.15	67	0	0
2024.02.28	11:45:00	2026.15	2026.69	2026.08	2026.59	109	0	0
2024.02.28	11:46:00	2026.60	2026.68	2025.81	2025.83	100	0	0
2024.02.28	11:47:00	2025.80	2025.97	2025.74	2025.88	60	0	0
2024.02.28	11:48:00	2025.89	2026.00	2025.81	2025.84	59	0	0
2024.02.28	11:49:00	2025.87	2026.08	2025.83	2025.87	56	0	0
2024.02.28	11:50:00	2025.84	2025.90	2025.69	2025.71	54	0	0
2024.02.28	11:51:00	2025.71	2025.73	2025.37	2025.56	94	0	0
2024.02.28	11:52:00	2025.54	2025.61	2025.40	2025.51	81	0	0
2024.02.28	11:53:00	2025.53	2025.61	2025.43	2025.49	100	0	0
2024.02.28	11:54:00	2025.47	2025.79	2025.40	2025.79	88	0	0
2024.02.28	11:55:00	2025.79	2026.03	2025.73	2025.91	78	0	0
2024.02.28	11:56:00	2025.92	2026.00	2025.70	2025.79	127	0	0
2024.02.28	11:57:00	2025.75	2025.75	2025.42	2025.44	81	0	0
2024.02.28	11:58:00	2025.40	2025.40	2024.97	2024.97	96	0	0
2024.02.28	11:59:00	2024.97	2025.24	2024.88	2024.91	116	0	0
2024.02.28	12:00:00	2024.89	2025.09	2024.53	2025.09	191	0	0
2024.02.28	12:01:00	2025.10	2025.29	2024.89	2025.20	170	0	0
2024.02.28	12:02:00	2025.21	2025.26	2024.92	2025.20	141	0	0
2024.02.28	12:03:00	2025.22	2025.27	2024.88	2025.01	155	0	0
2024.02.28	12:04:00	2025.05	2025.11	2024.79	2024.98	120	0	0
2024.02.28	12:05:00	2024.97	2025.22	2024.91	2024.99	100	0	0
2024.02.28	12:06:00	2024.98	2025.38	2024.98	2025.38	80	0	0
2024.02.28	12:07:00	2025.41	2025.89	2025.41	2025.78	81	0	0
2024.02.28	12:08:00	2025.79	2026.06	2025.74	2026.02	60	0	0
2024.02.28	12:09:00	2026.01	2026.07	2025.85	2026.07	51	0	0
2024.02.28	12:10:00	2026.06	2026.12	2025.84	2026.01	77	0	0
2024.02.28	12:11:00	2026.05	2026.10	2025.64	2025.65	79	0	0
2024.02.28	12:12:00	2025.66	2025.72	2025.43	2025.43	40	0	0
2024.02.28	12:13:00	2025.41	2025.48	2025.32	2025.48	55	0	0
2024.02.28	12:14:00	2025.47	2025.48	2025.34	2025.39	47	0	0
2024.02.28	12:15:00	2025.42	2025.43	2025.25	2025.34	40	0	0
2024.02.28	12:16:00	2025.35	2025.47	2025.26	2025.46	54	0	0
2024.02.28	12:17:00	2025.54	2025.71	2025.44	2025.45	60	0	0
2024.02.28	12:18:00	2025.44	2025.69	2025.36	2025.50	68	0	0
2024.02.28	12:19:00	2025.46	2025.47	2025.21	2025.30	52	0	0
2024.02.28	12:20:00	2025.27	2025.51	2025.22	2025.49	39	0	0
2024.02.28	12:21:00	2025.49	2025.54	2025.30	2025.33	33	0	0
2024.02.28	12:22:00	2025.31	2025.42	2025.21	2025.34	40	0	0
2024.02.28	12:23:00	2025.35	2025.73	2025.30	2025.53	41	0	0
2024.02.28	12:24:00	2025.49	2025.49	2025.23	2025.27	46	0	0
2024.02.28	12:25:00	2025.28	2025.29	2025.05	2025.09	41	0	0
2024.02.28	12:26:00	2025.03	2025.44	2024.94	2025.43	45	0	0
2024.02.28	12:27:00	2025.35	2025.35	2025.06	2025.24	44	0	0
2024.02.28	12:28:00	2025.24	2025.87	2025.22	2025.70	98	0	0
2024.02.28	12:29:00	2025.72	2025.78	2025.40	2025.43	73	0	0
2024.02.28	12:30:00	2025.39	2025.41	2025.17	2025.38	116	0	0
2024.02.28	12:31:00	2025.37	2025.83	2025.28	2025.55	106	0	0
2024.02.28	12:32:00	2025.59	2025.79	2025.53	2025.73	87	0	0
2024.02.28	12:33:00	2025.74	2025.83	2025.54	2025.69	59	0	0
2024.02.28	12:34:00	2025.68	2025.97	2025.50	2025.92	87	0	0
2024.02.28	12:35:00	2025.94	2026.02	2025.70	2026.02	79	0	0
2024.02.28	12:36:00	2026.01	2026.17	2025.99	2026.08	87	0	0
2024.02.28	12:37:00	2026.04	2026.22	2026.04	2026.11	89	0	0
2024.02.28	12:38:00	2026.10	2026.29	2026.10	2026.17	52	0	0
2024.02.28	12:39:00	2026.16	2026.17	2026.05	2026.14	28	0	0
2024.02.28	12:40:00	2026.19	2026.49	2026.10	2026.49	76	0	0
2024.02.28	12:41:00	2026.48	2026.69	2026.34	2026.69	56	0	0
2024.02.28	12:42:00	2026.68	2026.69	2026.25	2026.40	62	0	0
2024.02.28	12:43:00	2026.37	2026.96	2026.37	2026.96	81	0	0
2024.02.28	12:44:00	2027.04	2027.17	2026.68	2027.08	150	0	0
2024.02.28	12:45:00	2027.09	2027.60	2027.06	2027.28	157	0	0
2024.02.28	12:46:00	2027.23	2027.53	2026.98	2027.04	181	0	0
2024.02.28	12:47:00	2027.04	2027.29	2027.01	2027.13	93	0	0
2024.02.28	12:48:00	2027.13	2027.14	2026.83	2027.03	92	0	0
2024.02.28	12:49:00	2027.01	2027.05	2026.79	2026.90	68	0	0
2024.02.28	12:50:00	2026.89	2027.09	2026.83	2027.05	77	0	0
2024.02.28	12:51:00	2027.04	2027.10	2027.02	2027.07	70	0	0
2024.02.28	12:52:00	2027.09	2027.12	2026.97	2027.02	49	0	0
2024.02.28	12:53:00	2027.06	2027.18	2026.94	2027.02	86	0	0
2024.02.28	12:54:00	2027.03	2027.10	2026.93	2027.07	47	0	0
2024.02.28	12:55:00	2027.08	2027.24	2027.05	2027.17	65	0	0
2024.02.28	12:56:00	2027.16	2027.16	2027.04	2027.13	31	0	0
2024.02.28	12:57:00	2027.13	2027.20	2027.01	2027.20	29	0	0
2024.02.28	12:58:00	2027.18	2027.39	2027.15	2027.32	29	0	0
2024.02.28	12:59:00	2027.30	2027.41	2027.25	2027.34	36	0	0
2024.02.28	13:00:00	2027.32	2027.34	2027.15	2027.33	48	0	0
2024.02.28	13:01:00	2027.34	2027.34	2027.09	2027.27	55	0	0
2024.02.28	13:02:00	2027.25	2027.45	2027.22	2027.40	47	0	0
2024.02.28	13:03:00	2027.39	2027.39	2027.12	2027.28	61	0	0
2024.02.28	13:04:00	2027.30	2027.58	2027.25	2027.58	61	0	0
2024.02.28	13:05:00	2027.58	2027.66	2027.48	2027.64	44	0	0
2024.02.28	13:06:00	2027.62	2027.76	2027.51	2027.73	53	0	0
2024.02.28	13:07:00	2027.71	2027.85	2027.64	2027.75	62	0	0
2024.02.28	13:08:00	2027.77	2027.87	2027.66	2027.66	47	0	0
2024.02.28	13:09:00	2027.67	2027.70	2027.55	2027.65	39	0	0
2024.02.28	13:10:00	2027.66	2027.75	2027.64	2027.70	52	0	0
2024.02.28	13:11:00	2027.70	2027.71	2027.45	2027.52	43	0	0
2024.02.28	13:12:00	2027.57	2027.59	2027.32	2027.44	54	0	0
2024.02.28	13:13:00	2027.44	2027.44	2027.12	2027.29	79	0	0
2024.02.28	13:14:00	2027.28	2027.30	2027.13	2027.15	62	0	0
2024.02.28	13:15:00	2027.17	2027.22	2026.88	2026.98	69	0	0
2024.02.28	13:16:00	2026.99	2027.24	2026.93	2027.00	71	0	0
2024.02.28	13:17:00	2026.95	2027.02	2026.84	2027.01	36	0	0
2024.02.28	13:18:00	2027.02	2027.11	2026.92	2026.93	40	0	0
2024.02.28	13:19:00	2026.92	2027.08	2026.90	2027.02	52	0	0
2024.02.28	13:20:00	2027.01	2027.10	2026.98	2027.08	37	0	0
2024.02.28	13:21:00	2027.06	2027.18	2026.99	2027.15	44	0	0
2024.02.28	13:22:00	2027.14	2027.14	2026.92	2026.93	22	0	0
2024.02.28	13:23:00	2026.97	2026.99	2026.77	2026.95	53	0	0
2024.02.28	13:24:00	2026.96	2027.13	2026.93	2027.12	64	0	0
2024.02.28	13:25:00	2027.11	2027.48	2027.10	2027.48	51	0	0
2024.02.28	13:26:00	2027.47	2027.71	2027.40	2027.70	41	0	0
2024.02.28	13:27:00	2027.68	2027.88	2027.26	2027.30	64	0	0
2024.02.28	13:28:00	2027.33	2027.44	2027.31	2027.37	51	0	0
2024.02.28	13:29:00	2027.40	2027.47	2027.32	2027.38	43	0	0
2024.02.28	13:30:00	2027.34	2027.55	2027.25	2027.43	61	0	0
2024.02.28	13:31:00	2027.44	2027.44	2027.14	2027.15	50	0	0
2024.02.28	13:32:00	2027.14	2027.64	2027.14	2027.47	49	0	0
2024.02.28	13:33:00	2027.36	2027.43	2027.28	2027.35	29	0	0
2024.02.28	13:34:00	2027.29	2027.39	2027.20	2027.39	48	0	0
2024.02.28	13:35:00	2027.35	2027.53	2027.35	2027.37	30	0	0
2024.02.28	13:36:00	2027.37	2027.38	2027.28	2027.38	25	0	0
2024.02.28	13:37:00	2027.38	2027.49	2027.37	2027.49	9	0	0
2024.02.28	13:38:00	2027.42	2027.49	2027.25	2027.34	38	0	0
2024.02.28	13:39:00	2027.35	2027.50	2027.34	2027.50	31	0	0
2024.02.28	13:40:00	2027.51	2027.61	2027.33	2027.52	47	0	0
2024.02.28	13:41:00	2027.51	2027.57	2027.29	2027.29	45	0	0
2024.02.28	13:42:00	2027.30	2027.80	2027.18	2027.80	111	0	0
2024.02.28	13:43:00	2027.79	2027.91	2027.63	2027.76	59	0	0
2024.02.28	13:44:00	2027.77	2027.77	2027.55	2027.57	49	0	0
2024.02.28	13:45:00	2027.58	2027.65	2026.88	2027.20	184	0	0
2024.02.28	13:46:00	2027.17	2027.53	2027.15	2027.48	117	0	0
2024.02.28	13:47:00	2027.47	2027.59	2027.37	2027.46	59	0	0
2024.02.28	13:48:00	2027.47	2027.58	2027.42	2027.55	52	0	0
2024.02.28	13:49:00	2027.54	2027.78	2027.53	2027.66	72	0	0
2024.02.28	13:50:00	2027.60	2027.67	2027.43	2027.57	50	0	0
2024.02.28	13:51:00	2027.53	2027.53	2027.10	2027.19	47	0	0
2024.02.28	13:52:00	2027.18	2027.29	2027.10	2027.11	37	0	0
2024.02.28	13:53:00	2027.05	2027.27	2027.03	2027.18	42	0	0
2024.02.28	13:54:00	2027.19	2027.29	2027.10	2027.19	59	0	0
2024.02.28	13:55:00	2027.20	2027.26	2027.13	2027.18	39	0	0
2024.02.28	13:56:00	2027.16	2027.32	2027.09	2027.24	61	0	0
2024.02.28	13:57:00	2027.21	2027.21	2027.10	2027.18	30	0	0
2024.02.28	13:58:00	2027.19	2027.38	2027.12	2027.35	46	0	0
2024.02.28	13:59:00	2027.34	2027.49	2027.30	2027.30	44	0	0
2024.02.28	14:00:00	2027.30	2027.30	2026.97	2027.22	108	0	0
2024.02.28	14:01:00	2027.21	2027.42	2027.19	2027.30	65	0	0
2024.02.28	14:02:00	2027.25	2027.68	2027.21	2027.63	62	0	0
2024.02.28	14:03:00	2027.64	2028.17	2027.64	2028.08	97	0	0
2024.02.28	14:04:00	2028.08	2028.32	2028.07	2028.19	93	0	0
2024.02.28	14:05:00	2028.18	2028.50	2028.17	2028.43	82	0	0
2024.02.28	14:06:00	2028.46	2028.46	2028.04	2028.27	99	0	0
2024.02.28	14:07:00	2028.27	2028.39	2028.17	2028.34	59	0	0
2024.02.28	14:08:00	2028.34	2028.59	2028.18	2028.18	117	0	0
2024.02.28	14:09:00	2028.17	2028.38	2028.04	2028.37	88	0	0
2024.02.28	14:10:00	2028.37	2028.58	2028.19	2028.58	54	0	0
2024.02.28	14:11:00	2028.57	2028.76	2028.47	2028.72	73	0	0
2024.02.28	14:12:00	2028.72	2029.03	2028.61	2028.97	105	0	0
2024.02.28	14:13:00	2028.98	2029.20	2028.90	2029.04	132	0	0
2024.02.28	14:14:00	2029.05	2029.23	2028.90	2029.18	129	0	0
2024.02.28	14:15:00	2029.16	2029.29	2029.12	2029.23	74	0	0
2024.02.28	14:16:00	2029.24	2029.26	2028.98	2029.11	74	0	0
2024.02.28	14:17:00	2029.10	2029.15	2028.98	2029.12	80	0	0
2024.02.28	14:18:00	2029.13	2029.19	2028.94	2028.98	59	0	0
2024.02.28	14:19:00	2028.99	2029.03	2028.81	2028.98	55	0	0
2024.02.28	14:20:00	2028.99	2029.09	2028.92	2028.95	48	0	0
2024.02.28	14:21:00	2028.90	2028.90	2028.46	2028.89	89	0	0
2024.02.28	14:22:00	2028.88	2029.10	2028.80	2028.90	85	0	0
2024.02.28	14:23:00	2028.87	2029.18	2028.70	2028.86	184	0	0
2024.02.28	14:24:00	2028.87	2028.94	2028.63	2028.65	100	0	0
2024.02.28	14:25:00	2028.65	2029.07	2028.65	2029.02	76	0	0
2024.02.28	14:26:00	2029.01	2029.01	2028.77	2028.86	72	0	0
2024.02.28	14:27:00	2028.86	2029.24	2028.84	2029.17	107	0	0
2024.02.28	14:28:00	2029.18	2029.21	2029.04	2029.17	88	0	0
2024.02.28	14:29:00	2029.18	2029.27	2028.99	2029.07	84	0	0
2024.02.28	14:30:00	2029.11	2029.36	2029.11	2029.32	85	0	0
2024.02.28	14:31:00	2029.34	2029.42	2029.23	2029.32	66	0	0
2024.02.28	14:32:00	2029.33	2029.77	2029.33	2029.62	95	0	0
2024.02.28	14:33:00	2029.70	2029.72	2029.52	2029.52	53	0	0
2024.02.28	14:34:00	2029.60	2029.60	2029.32	2029.37	62	0	0
2024.02.28	14:35:00	2029.40	2029.42	2028.92	2029.11	99	0	0
2024.02.28	14:36:00	2029.12	2029.21	2028.98	2028.99	105	0	0
2024.02.28	14:37:00	2028.98	2029.14	2028.93	2029.14	80	0	0
2024.02.28	14:38:00	2029.15	2029.34	2029.10	2029.29	41	0	0
2024.02.28	14:39:00	2029.28	2029.43	2029.25	2029.32	36	0	0
2024.02.28	14:40:00	2029.25	2029.29	2029.08	2029.11	35	0	0
2024.02.28	14:41:00	2029.18	2029.38	2029.18	2029.28	37	0	0
2024.02.28	14:42:00	2029.26	2029.26	2029.06	2029.23	32	0	0
2024.02.28	14:43:00	2029.29	2029.55	2029.29	2029.52	36	0	0
2024.02.28	14:44:00	2029.55	2029.66	2029.48	2029.62	49	0	0
2024.02.28	14:45:00	2029.61	2029.73	2029.52	2029.54	60	0	0
2024.02.28	14:46:00	2029.56	2029.61	2029.36	2029.52	55	0	0
2024.02.28	14:47:00	2029.52	2029.90	2029.52	2029.85	68	0	0
2024.02.28	14:48:00	2029.87	2029.96	2029.59	2029.76	52	0	0
2024.02.28	14:49:00	2029.81	2030.17	2029.81	2030.17	90	0	0
2024.02.28	14:50:00	2030.18	2030.48	2030.14	2030.18	69	0	0
2024.02.28	14:51:00	2030.14	2030.27	2029.98	2030.23	125	0	0
2024.02.28	14:52:00	2030.19	2030.31	2030.05	2030.10	89	0	0
2024.02.28	14:53:00	2030.08	2030.08	2029.85	2029.92	28	0	0
2024.02.28	14:54:00	2029.87	2029.90	2029.72	2029.80	39	0	0
2024.02.28	14:55:00	2029.88	2029.90	2029.56	2029.60	55	0	0
2024.02.28	14:56:00	2029.63	2029.66	2029.57	2029.60	25	0	0
2024.02.28	14:57:00	2029.59	2029.68	2029.57	2029.60	31	0	0
2024.02.28	14:58:00	2029.59	2029.69	2029.50	2029.58	37	0	0
2024.02.28	14:59:00	2029.64	2029.75	2029.54	2029.59	91	0	0
2024.02.28	15:00:00	2029.56	2029.73	2029.43	2029.55	122	0	0
2024.02.28	15:01:00	2029.56	2029.62	2029.32	2029.62	112	0	0
2024.02.28	15:02:00	2029.62	2029.71	2029.42	2029.68	103	0	0
2024.02.28	15:03:00	2029.66	2029.73	2029.43	2029.44	50	0	0
2024.02.28	15:04:00	2029.45	2029.71	2029.13	2029.70	109	0	0
2024.02.28	15:05:00	2029.71	2030.02	2029.54	2029.66	126	0	0
2024.02.28	15:06:00	2029.65	2030.01	2029.61	2030.00	95	0	0
2024.02.28	15:07:00	2030.02	2030.16	2029.93	2030.09	107	0	0
2024.02.28	15:08:00	2030.10	2030.40	2030.00	2030.20	98	0	0
2024.02.28	15:09:00	2030.23	2030.38	2030.13	2030.29	110	0	0
2024.02.28	15:10:00	2030.29	2030.48	2030.23	2030.30	123	0	0
2024.02.28	15:11:00	2030.33	2031.70	2030.33	2031.63	118	0	0
2024.02.28	15:12:00	2031.62	2031.73	2031.41	2031.67	183	0	0
2024.02.28	15:13:00	2031.68	2031.94	2031.57	2031.66	192	0	0
2024.02.28	15:14:00	2031.68	2032.58	2031.68	2032.34	266	0	0
2024.02.28	15:15:00	2032.36	2032.63	2032.16	2032.41	196	0	0
2024.02.28	15:16:00	2032.45	2032.79	2032.40	2032.67	149	0	0
2024.02.28	15:17:00	2032.70	2032.82	2032.50	2032.66	177	0	0
2024.02.28	15:18:00	2032.67	2033.16	2032.59	2033.00	176	0	0
2024.02.28	15:19:00	2033.02	2033.13	2032.79	2032.91	195	0	0
2024.02.28	15:20:00	2032.92	2033.30	2032.67	2032.79	268	0	0
2024.02.28	15:21:00	2032.83	2033.64	2032.43	2033.56	306	0	0
2024.02.28	15:22:00	2033.62	2033.76	2033.13	2033.55	206	0	0
2024.02.28	15:23:00	2033.54	2034.17	2033.54	2034.08	182	0	0
2024.02.28	15:24:00	2034.06	2034.06	2033.54	2033.65	184	0	0
2024.02.28	15:25:00	2033.67	2034.19	2033.51	2033.65	198	0	0
2024.02.28	15:26:00	2033.68	2033.79	2033.54	2033.73	179	0	0
2024.02.28	15:27:00	2033.72	2033.84	2033.60	2033.67	108	0	0
2024.02.28	15:28:00	2033.59	2033.59	2032.92	2033.02	111	0	0
2024.02.28	15:29:00	2033.03	2033.61	2032.82	2033.34	147	0	0
2024.02.28	15:30:00	2033.34	2033.58	2032.17	2032.61	403	0	0
2024.02.28	15:31:00	2032.63	2034.77	2032.25	2034.76	358	0	0
2024.02.28	15:32:00	2034.83	2035.82	2034.42	2034.70	433	0	0
2024.02.28	15:33:00	2034.71	2035.33	2034.56	2034.94	345	0	0
2024.02.28	15:34:00	2034.93	2035.50	2034.64	2034.75	323	0	0
2024.02.28	15:35:00	2034.77	2035.13	2034.08	2034.86	340	0	0
2024.02.28	15:36:00	2034.85	2036.08	2034.71	2035.80	253	0	0
2024.02.28	15:37:00	2035.79	2036.00	2035.61	2035.81	302	0	0
2024.02.28	15:38:00	2035.81	2036.01	2035.11	2035.11	244	0	0
2024.02.28	15:39:00	2035.14	2035.20	2034.23	2034.34	235	0	0
2024.02.28	15:40:00	2034.35	2035.17	2034.30	2034.39	229	0	0
2024.02.28	15:41:00	2034.36	2034.36	2033.64	2034.17	247	0	0
2024.02.28	15:42:00	2034.19	2034.38	2033.73	2033.73	232	0	0
2024.02.28	15:43:00	2033.74	2034.08	2033.50	2033.94	186	0	0
2024.02.28	15:44:00	2033.95	2034.64	2033.87	2034.57	204	0	0
2024.02.28	15:45:00	2034.58	2034.89	2034.53	2034.89	190	0	0
2024.02.28	15:46:00	2034.88	2035.16	2034.32	2034.64	201	0	0
2024.02.28	15:47:00	2034.66	2035.18	2034.58	2035.11	180	0	0
2024.02.28	15:48:00	2035.11	2035.39	2034.73	2035.38	159	0	0
2024.02.28	15:49:00	2035.41	2035.50	2034.87	2035.03	204	0	0
2024.02.28	15:50:00	2035.02	2035.81	2034.98	2035.55	267	0	0
2024.02.28	15:51:00	2035.52	2035.71	2034.84	2035.56	311	0	0
2024.02.28	15:52:00	2035.52	2035.91	2034.62	2035.12	277	0	0
2024.02.28	15:53:00	2035.11	2035.20	2034.72	2034.99	270	0	0
2024.02.28	15:54:00	2034.95	2035.33	2034.91	2034.95	222	0	0
2024.02.28	15:55:00	2034.98	2035.35	2034.92	2035.13	181	0	0
2024.02.28	15:56:00	2035.09	2035.60	2034.85	2034.94	236	0	0
2024.02.28	15:57:00	2034.93	2035.34	2034.90	2035.32	170	0	0
2024.02.28	15:58:00	2035.32	2035.54	2035.10	2035.52	220	0	0
2024.02.28	15:59:00	2035.53	2036.08	2035.36	2035.82	217	0	0
2024.02.28	16:00:00	2035.85	2035.91	2034.92	2034.92	244	0	0
2024.02.28	16:01:00	2034.89	2035.99	2034.70	2035.93	279	0	0
2024.02.28	16:02:00	2035.91	2036.05	2035.59	2036.05	220	0	0
2024.02.28	16:03:00	2036.04	2037.07	2036.02	2036.98	221	0	0
2024.02.28	16:04:00	2036.99	2037.91	2036.97	2037.31	244	0	0
2024.02.28	16:05:00	2037.36	2037.65	2037.06	2037.35	238	0	0
2024.02.28	16:06:00	2037.34	2037.37	2036.38	2036.48	223	0	0
2024.02.28	16:07:00	2036.50	2036.58	2036.00	2036.00	181	0	0
2024.02.28	16:08:00	2035.98	2036.38	2035.60	2035.61	212	0	0
2024.02.28	16:09:00	2035.59	2036.41	2035.48	2036.18	202	0	0
2024.02.28	16:10:00	2036.22	2036.37	2035.15	2035.18	142	0	0
2024.02.28	16:11:00	2035.23	2035.49	2034.82	2035.13	178	0	0
2024.02.28	16:12:00	2035.12	2035.27	2034.81	2035.27	145	0	0
2024.02.28	16:13:00	2035.26	2035.37	2034.77	2035.37	169	0	0
2024.02.28	16:14:00	2035.36	2035.46	2034.60	2034.62	195	0	0
2024.02.28	16:15:00	2034.63	2034.90	2034.63	2034.75	150	0	0
2024.02.28	16:16:00	2034.78	2035.07	2034.71	2034.99	121	0	0
2024.02.28	16:17:00	2034.97	2035.22	2034.70	2034.73	120	0	0
2024.02.28	16:18:00	2034.72	2034.84	2034.60	2034.65	108	0	0
2024.02.28	16:19:00	2034.67	2034.78	2034.09	2034.20	165	0	0
2024.02.28	16:20:00	2034.20	2034.28	2033.64	2033.87	225	0	0
2024.02.28	16:21:00	2033.85	2034.48	2033.67	2034.43	216	0	0
2024.02.28	16:22:00	2034.44	2034.53	2034.08	2034.36	135	0	0
2024.02.28	16:23:00	2034.37	2034.48	2034.03	2034.17	78	0	0
2024.02.28	16:24:00	2034.18	2034.49	2033.77	2034.49	97	0	0
2024.02.28	16:25:00	2034.51	2034.64	2034.13	2034.19	147	0	0
2024.02.28	16:26:00	2034.20	2034.27	2034.04	2034.09	127	0	0
2024.02.28	16:27:00	2034.07	2034.39	2033.93	2034.19	96	0	0
2024.02.28	16:28:00	2034.17	2034.26	2034.05	2034.20	71	0	0
2024.02.28	16:29:00	2034.19	2034.24	2033.93	2034.00	74	0	0
2024.02.28	16:30:00	2033.99	2033.99	2033.21	2033.39	196	0	0
2024.02.28	16:31:00	2033.41	2033.54	2033.02	2033.34	268	0	0
2024.02.28	16:32:00	2033.33	2033.61	2033.14	2033.50	226	0	0
2024.02.28	16:33:00	2033.49	2033.54	2033.17	2033.26	120	0	0
2024.02.28	16:34:00	2033.33	2033.49	2032.97	2033.38	124	0	0
2024.02.28	16:35:00	2033.39	2033.82	2033.08	2033.78	175	0	0
2024.02.28	16:36:00	2033.85	2034.04	2033.59	2033.66	102	0	0
2024.02.28	16:37:00	2033.65	2033.65	2033.09	2033.22	130	0	0
2024.02.28	16:38:00	2033.20	2033.37	2032.88	2032.88	105	0	0
2024.02.28	16:39:00	2032.91	2033.34	2032.91	2033.19	93	0	0
2024.02.28	16:40:00	2033.21	2033.29	2033.06	2033.29	72	0	0
2024.02.28	16:41:00	2033.30	2033.50	2033.02	2033.18	150	0	0
2024.02.28	16:42:00	2033.14	2033.43	2032.88	2032.97	162	0	0
2024.02.28	16:43:00	2032.96	2033.10	2032.84	2032.96	111	0	0
2024.02.28	16:44:00	2032.97	2033.37	2032.69	2032.85	153	0	0
2024.02.28	16:45:00	2032.83	2033.50	2032.81	2033.50	136	0	0
2024.02.28	16:46:00	2033.55	2034.04	2033.55	2033.93	183	0	0
2024.02.28	16:47:00	2033.92	2033.92	2033.44	2033.58	163	0	0
2024.02.28	16:48:00	2033.59	2033.59	2032.90	2032.90	158	0	0
2024.02.28	16:49:00	2032.94	2032.98	2032.54	2032.55	148	0	0
2024.02.28	16:50:00	2032.57	2033.14	2032.55	2032.76	205	0	0
2024.02.28	16:51:00	2032.77	2032.98	2032.64	2032.98	145	0	0
2024.02.28	16:52:00	2032.97	2033.09	2032.83	2032.98	128	0	0
2024.02.28	16:53:00	2032.99	2033.01	2032.26	2032.35	176	0	0
2024.02.28	16:54:00	2032.30	2032.38	2032.00	2032.11	142	0	0
2024.02.28	16:55:00	2032.10	2032.10	2031.08	2031.81	212	0	0
2024.02.28	16:56:00	2031.82	2031.83	2031.42	2031.45	177	0	0
2024.02.28	16:57:00	2031.48	2032.12	2031.48	2032.03	153	0	0
2024.02.28	16:58:00	2032.01	2032.04	2031.57	2031.95	204	0	0
2024.02.28	16:59:00	2031.93	2031.97	2031.72	2031.80	172	0	0
2024.02.28	17:00:00	2031.78	2032.09	2031.67	2031.89	179	0	0
2024.02.28	17:01:00	2031.88	2032.66	2031.87	2032.60	189	0	0
2024.02.28	17:02:00	2032.59	2032.69	2032.38	2032.54	175	0	0
2024.02.28	17:03:00	2032.54	2032.55	2032.14	2032.35	166	0	0
2024.02.28	17:04:00	2032.34	2032.65	2032.29	2032.59	120	0	0
2024.02.28	17:05:00	2032.59	2033.43	2032.48	2033.16	164	0	0
2024.02.28	17:06:00	2033.16	2033.45	2032.59	2032.62	229	0	0
2024.02.28	17:07:00	2032.63	2032.66	2032.29	2032.32	163	0	0
2024.02.28	17:08:00	2032.34	2032.34	2031.89	2031.96	161	0	0
2024.02.28	17:09:00	2031.97	2032.28	2031.84	2032.18	144	0	0
2024.02.28	17:10:00	2032.16	2032.29	2031.63	2031.64	167	0	0
2024.02.28	17:11:00	2031.65	2031.70	2031.32	2031.59	145	0	0
2024.02.28	17:12:00	2031.61	2032.24	2031.61	2032.09	105	0	0
2024.02.28	17:13:00	2032.05	2032.34	2031.97	2032.32	106	0	0
2024.02.28	17:14:00	2032.31	2032.70	2032.29	2032.49	132	0	0
2024.02.28	17:15:00	2032.51	2032.69	2032.18	2032.67	129	0	0
2024.02.28	17:16:00	2032.68	2032.90	2032.50	2032.58	121	0	0
2024.02.28	17:17:00	2032.60	2032.63	2031.88	2031.88	122	0	0
2024.02.28	17:18:00	2031.89	2032.00	2031.24	2031.25	117	0	0
2024.02.28	17:19:00	2031.26	2031.50	2031.16	2031.24	159	0	0
2024.02.28	17:20:00	2031.21	2031.27	2030.44	2030.59	147	0	0
2024.02.28	17:21:00	2030.61	2031.50	2030.61	2031.50	132	0	0
2024.02.28	17:22:00	2031.51	2031.96	2031.51	2031.90	163	0	0
2024.02.28	17:23:00	2031.92	2032.42	2031.84	2032.40	141	0	0
2024.02.28	17:24:00	2032.39	2032.52	2032.31	2032.49	139	0	0
2024.02.28	17:25:00	2032.50	2032.73	2032.45	2032.70	141	0	0
2024.02.28	17:26:00	2032.69	2032.91	2032.69	2032.75	98	0	0
2024.02.28	17:27:00	2032.74	2032.89	2032.45	2032.85	128	0	0
2024.02.28	17:28:00	2032.89	2033.22	2032.70	2033.22	150	0	0
2024.02.28	17:29:00	2033.21	2033.32	2032.92	2033.12	146	0	0
2024.02.28	17:30:00	2033.13	2033.30	2032.84	2033.15	175	0	0
2024.02.28	17:31:00	2033.18	2033.76	2033.18	2033.75	161	0	0
2024.02.28	17:32:00	2033.76	2034.04	2033.46	2033.72	153	0	0
2024.02.28	17:33:00	2033.75	2033.77	2033.49	2033.67	134	0	0
2024.02.28	17:34:00	2033.67	2033.73	2033.44	2033.53	111	0	0
2024.02.28	17:35:00	2033.52	2033.87	2033.49	2033.56	122	0	0
2024.02.28	17:36:00	2033.57	2034.07	2033.57	2033.98	138	0	0
2024.02.28	17:37:00	2033.96	2034.03	2033.65	2033.90	132	0	0
2024.02.28	17:38:00	2033.97	2033.97	2032.94	2033.16	138	0	0
2024.02.28	17:39:00	2033.15	2033.32	2033.04	2033.12	89	0	0
2024.02.28	17:40:00	2033.18	2033.47	2033.13	2033.14	67	0	0
2024.02.28	17:41:00	2033.15	2033.15	2032.21	2032.26	201	0	0
2024.02.28	17:42:00	2032.29	2032.86	2032.09	2032.47	148	0	0
2024.02.28	17:43:00	2032.49	2032.49	2032.14	2032.29	136	0	0
2024.02.28	17:44:00	2032.31	2032.35	2032.05	2032.14	126	0	0
2024.02.28	17:45:00	2032.15	2032.15	2031.81	2031.85	98	0	0
2024.02.28	17:46:00	2031.87	2032.10	2031.73	2031.83	141	0	0
2024.02.28	17:47:00	2031.82	2032.46	2031.74	2032.40	115	0	0
2024.02.28	17:48:00	2032.41	2032.49	2032.29	2032.33	102	0	0
2024.02.28	17:49:00	2032.34	2032.51	2032.13	2032.49	98	0	0
2024.02.28	17:50:00	2032.46	2032.60	2032.19	2032.20	98	0	0
2024.02.28	17:51:00	2032.21	2032.30	2032.11	2032.25	86	0	0
2024.02.28	17:52:00	2032.24	2032.61	2032.22	2032.39	96	0	0
2024.02.28	17:53:00	2032.35	2032.42	2031.85	2031.88	83	0	0
2024.02.28	17:54:00	2031.92	2032.50	2031.92	2032.33	95	0	0
2024.02.28	17:55:00	2032.34	2032.70	2032.27	2032.57	101	0	0
2024.02.28	17:56:00	2032.56	2032.56	2032.23	2032.23	83	0	0
2024.02.28	17:57:00	2032.24	2032.34	2031.86	2031.92	80	0	0
2024.02.28	17:58:00	2031.91	2032.05	2031.83	2032.02	77	0	0
2024.02.28	17:59:00	2032.01	2032.01	2031.84	2031.84	59	0	0
2024.02.28	18:00:00	2031.83	2032.24	2031.75	2032.19	135	0	0
2024.02.28	18:01:00	2032.23	2032.72	2032.18	2032.44	126	0	0
2024.02.28	18:02:00	2032.43	2033.11	2032.40	2032.76	127	0	0
2024.02.28	18:03:00	2032.75	2032.79	2032.49	2032.53	127	0	0
2024.02.28	18:04:00	2032.65	2033.12	2032.53	2032.99	119	0	0
2024.02.28	18:05:00	2032.98	2033.13	2032.72	2032.80	98	0	0
2024.02.28	18:06:00	2032.79	2032.95	2032.63	2032.66	77	0	0
2024.02.28	18:07:00	2032.67	2033.04	2032.67	2032.93	92	0	0
2024.02.28	18:08:00	2032.96	2033.29	2032.88	2032.92	97	0	0
2024.02.28	18:09:00	2032.87	2032.99	2032.53	2032.64	89	0	0
2024.02.28	18:10:00	2032.63	2033.06	2032.63	2032.87	86	0	0
2024.02.28	18:11:00	2032.91	2032.94	2032.53	2032.62	64	0	0
2024.02.28	18:12:00	2032.64	2032.79	2032.56	2032.71	62	0	0
2024.02.28	18:13:00	2032.71	2032.72	2032.36	2032.36	124	0	0
2024.02.28	18:14:00	2032.42	2032.56	2032.15	2032.33	112	0	0
2024.02.28	18:15:00	2032.34	2032.90	2032.33	2032.73	122	0	0
2024.02.28	18:16:00	2032.74	2032.82	2032.52	2032.74	83	0	0
2024.02.28	18:17:00	2032.77	2033.04	2032.77	2032.94	80	0	0
2024.02.28	18:18:00	2032.91	2033.34	2032.82	2033.24	80	0	0
2024.02.28	18:19:00	2033.23	2033.95	2033.14	2033.94	106	0	0
2024.02.28	18:20:00	2034.00	2034.15	2033.35	2033.53	117	0	0
2024.02.28	18:21:00	2033.52	2033.72	2033.42	2033.64	82	0	0
2024.02.28	18:22:00	2033.69	2033.74	2033.48	2033.67	73	0	0
2024.02.28	18:23:00	2033.70	2033.77	2033.50	2033.55	73	0	0
2024.02.28	18:24:00	2033.54	2033.57	2033.30	2033.42	84	0	0
2024.02.28	18:25:00	2033.43	2033.62	2033.43	2033.56	72	0	0
2024.02.28	18:26:00	2033.57	2033.60	2033.40	2033.60	53	0	0
2024.02.28	18:27:00	2033.68	2033.79	2033.59	2033.64	77	0	0
2024.02.28	18:28:00	2033.66	2033.68	2033.38	2033.48	97	0	0
2024.02.28	18:29:00	2033.49	2033.77	2033.42	2033.64	74	0	0
2024.02.28	18:30:00	2033.66	2033.75	2033.58	2033.70	56	0	0
2024.02.28	18:31:00	2033.60	2033.60	2033.19	2033.19	95	0	0
2024.02.28	18:32:00	2033.20	2033.44	2032.99	2033.42	70	0	0
2024.02.28	18:33:00	2033.44	2033.51	2033.19	2033.22	85	0	0
2024.02.28	18:34:00	2033.24	2033.24	2032.72	2032.79	84	0	0
2024.02.28	18:35:00	2032.82	2032.82	2032.28	2032.50	97	0	0
2024.02.28	18:36:00	2032.53	2032.74	2032.53	2032.59	69	0	0
2024.02.28	18:37:00	2032.61	2032.72	2032.50	2032.65	53	0	0
2024.02.28	18:38:00	2032.68	2032.74	2032.49	2032.49	64	0	0
2024.02.28	18:39:00	2032.47	2032.60	2032.39	2032.59	86	0	0
2024.02.28	18:40:00	2032.62	2032.69	2032.40	2032.50	81	0	0
2024.02.28	18:41:00	2032.51	2032.58	2032.40	2032.57	64	0	0
2024.02.28	18:42:00	2032.58	2032.60	2032.40	2032.42	58	0	0
2024.02.28	18:43:00	2032.39	2032.54	2032.34	2032.49	53	0	0
2024.02.28	18:44:00	2032.41	2032.53	2032.39	2032.50	36	0	0
2024.02.28	18:45:00	2032.49	2032.73	2032.47	2032.71	36	0	0
2024.02.28	18:46:00	2032.70	2032.78	2032.44	2032.44	59	0	0
2024.02.28	18:47:00	2032.47	2032.49	2032.30	2032.32	51	0	0
2024.02.28	18:48:00	2032.31	2032.52	2032.31	2032.49	52	0	0
2024.02.28	18:49:00	2032.45	2032.99	2032.45	2032.99	54	0	0
2024.02.28	18:50:00	2033.00	2033.00	2032.72	2032.89	50	0	0
2024.02.28	18:51:00	2032.88	2032.89	2032.64	2032.64	58	0	0
2024.02.28	18:52:00	2032.66	2032.79	2032.58	2032.71	38	0	0
2024.02.28	18:53:00	2032.70	2033.08	2032.69	2033.02	80	0	0
2024.02.28	18:54:00	2033.01	2033.09	2032.79	2032.87	64	0	0
2024.02.28	18:55:00	2032.79	2033.09	2032.69	2032.89	55	0	0
2024.02.28	18:56:00	2032.97	2033.27	2032.92	2033.26	68	0	0
2024.02.28	18:57:00	2033.22	2033.68	2033.18	2033.57	46	0	0
2024.02.28	18:58:00	2033.62	2033.82	2033.62	2033.72	43	0	0
2024.02.28	18:59:00	2033.73	2033.73	2033.50	2033.59	46	0	0
2024.02.28	19:00:00	2033.60	2033.88	2033.59	2033.70	64	0	0
2024.02.28	19:01:00	2033.73	2034.20	2033.73	2034.14	72	0	0
2024.02.28	19:02:00	2034.18	2034.22	2033.80	2033.92	69	0	0
2024.02.28	19:03:00	2033.89	2034.02	2033.77	2033.92	90	0	0
2024.02.28	19:04:00	2033.94	2034.17	2033.94	2034.17	73	0	0
2024.02.28	19:05:00	2034.19	2034.43	2034.18	2034.32	65	0	0
2024.02.28	19:06:00	2034.30	2034.85	2034.24	2034.82	86	0	0
2024.02.28	19:07:00	2034.83	2035.07	2034.57	2034.57	102	0	0
2024.02.28	19:08:00	2034.56	2034.65	2034.47	2034.58	53	0	0
2024.02.28	19:09:00	2034.60	2034.99	2034.60	2034.78	74	0	0
2024.02.28	19:10:00	2034.81	2035.04	2034.81	2034.91	62	0	0
2024.02.28	19:11:00	2034.93	2035.47	2034.93	2035.47	81	0	0
2024.02.28	19:12:00	2035.50	2035.65	2035.48	2035.63	80	0	0
2024.02.28	19:13:00	2035.62	2035.65	2035.00	2035.05	75	0	0
2024.02.28	19:14:00	2035.11	2035.13	2034.81	2034.95	41	0	0
2024.02.28	19:15:00	2034.95	2035.05	2034.63	2034.65	82	0	0
2024.02.28	19:16:00	2034.66	2034.90	2034.52	2034.52	66	0	0
2024.02.28	19:17:00	2034.53	2034.54	2034.30	2034.32	69	0	0
2024.02.28	19:18:00	2034.42	2034.45	2034.15	2034.20	34	0	0
2024.02.28	19:19:00	2034.21	2034.52	2034.14	2034.31	55	0	0
2024.02.28	19:20:00	2034.32	2034.47	2034.08	2034.43	67	0	0
2024.02.28	19:21:00	2034.44	2034.51	2034.26	2034.41	48	0	0
2024.02.28	19:22:00	2034.34	2034.34	2034.13	2034.13	23	0	0
2024.02.28	19:23:00	2034.14	2034.19	2033.90	2033.92	41	0	0
2024.02.28	19:24:00	2033.92	2034.03	2033.80	2033.80	40	0	0
2024.02.28	19:25:00	2033.82	2033.87	2033.72	2033.74	40	0	0
2024.02.28	19:26:00	2033.78	2034.02	2033.69	2033.93	62	0	0
2024.02.28	19:27:00	2033.92	2034.00	2033.83	2034.00	35	0	0
2024.02.28	19:28:00	2033.97	2033.99	2033.60	2033.68	55	0	0
2024.02.28	19:29:00	2033.69	2033.79	2033.64	2033.68	12	0	0
2024.02.28	19:30:00	2033.62	2033.62	2032.89	2032.92	94	0	0
2024.02.28	19:31:00	2032.93	2033.29	2032.93	2033.18	64	0	0
2024.02.28	19:32:00	2033.30	2033.42	2032.90	2032.99	61	0	0
2024.02.28	19:33:00	2033.00	2033.08	2032.86	2032.97	58	0	0
2024.02.28	19:34:00	2032.93	2033.30	2032.92	2033.13	75	0	0
2024.02.28	19:35:00	2033.12	2033.48	2033.10	2033.29	47	0	0
2024.02.28	19:36:00	2033.30	2033.39	2032.97	2032.99	68	0	0
2024.02.28	19:37:00	2033.02	2033.04	2032.73	2032.89	50	0	0
2024.02.28	19:38:00	2032.81	2032.89	2032.41	2032.57	66	0	0
2024.02.28	19:39:00	2032.66	2033.00	2032.66	2032.98	41	0	0
2024.02.28	19:40:00	2032.95	2032.98	2032.73	2032.77	51	0	0
2024.02.28	19:41:00	2032.74	2032.94	2032.72	2032.81	58	0	0
2024.02.28	19:42:00	2032.88	2033.30	2032.88	2033.20	52	0	0
2024.02.28	19:43:00	2033.18	2033.18	2032.91	2033.18	50	0	0
2024.02.28	19:44:00	2033.17	2033.22	2033.07	2033.19	16	0	0
2024.02.28	19:45:00	2033.20	2033.20	2032.89	2032.93	78	0	0
2024.02.28	19:46:00	2032.92	2032.92	2032.74	2032.74	60	0	0
2024.02.28	19:47:00	2032.75	2032.79	2032.42	2032.46	58	0	0
2024.02.28	19:48:00	2032.45	2032.55	2032.34	2032.55	79	0	0
2024.02.28	19:49:00	2032.54	2032.68	2032.34	2032.62	82	0	0
2024.02.28	19:50:00	2032.61	2032.61	2032.40	2032.42	46	0	0
2024.02.28	19:51:00	2032.51	2032.65	2032.49	2032.52	57	0	0
2024.02.28	19:52:00	2032.53	2032.85	2032.52	2032.78	40	0	0
2024.02.28	19:53:00	2032.79	2033.10	2032.68	2033.05	55	0	0
2024.02.28	19:54:00	2033.06	2033.38	2033.06	2033.38	27	0	0
2024.02.28	19:55:00	2033.32	2033.44	2033.19	2033.19	38	0	0
2024.02.28	19:56:00	2033.18	2033.30	2033.17	2033.27	33	0	0
2024.02.28	19:57:00	2033.28	2033.72	2033.28	2033.72	47	0	0
2024.02.28	19:58:00	2033.71	2033.99	2033.54	2033.98	57	0	0
2024.02.28	19:59:00	2033.94	2033.95	2033.79	2033.82	49	0	0
2024.02.28	20:00:00	2033.88	2034.33	2033.84	2034.19	72	0	0
2024.02.28	20:01:00	2034.20	2034.39	2033.99	2034.30	62	0	0
2024.02.28	20:02:00	2034.29	2034.35	2034.08	2034.08	66	0	0
2024.02.28	20:03:00	2034.09	2034.43	2034.00	2034.34	54	0	0
2024.02.28	20:04:00	2034.29	2034.47	2034.24	2034.33	39	0	0
2024.02.28	20:05:00	2034.35	2034.62	2034.33	2034.55	58	0	0
2024.02.28	20:06:00	2034.59	2034.88	2034.59	2034.85	24	0	0
2024.02.28	20:07:00	2034.78	2034.87	2034.54	2034.54	48	0	0
2024.02.28	20:08:00	2034.51	2034.54	2034.34	2034.35	45	0	0
2024.02.28	20:09:00	2034.37	2034.53	2034.34	2034.35	51	0	0
2024.02.28	20:10:00	2034.34	2034.34	2033.84	2034.07	65	0	0
2024.02.28	20:11:00	2034.04	2034.09	2033.94	2033.94	46	0	0
2024.02.28	20:12:00	2033.96	2033.98	2033.79	2033.87	64	0	0
2024.02.28	20:13:00	2033.88	2033.93	2033.50	2033.62	56	0	0
2024.02.28	20:14:00	2033.61	2033.70	2033.35	2033.48	52	0	0
2024.02.28	20:15:00	2033.49	2033.71	2033.49	2033.62	55	0	0
2024.02.28	20:16:00	2033.63	2033.73	2033.27	2033.44	76	0	0
2024.02.28	20:17:00	2033.43	2033.59	2033.34	2033.54	47	0	0
2024.02.28	20:18:00	2033.56	2033.80	2033.55	2033.79	48	0	0
2024.02.28	20:19:00	2033.80	2033.83	2033.54	2033.64	47	0	0
2024.02.28	20:20:00	2033.62	2033.70	2033.57	2033.61	45	0	0
2024.02.28	20:21:00	2033.62	2033.64	2033.23	2033.24	41	0	0
2024.02.28	20:22:00	2033.23	2033.34	2033.09	2033.16	67	0	0
2024.02.28	20:23:00	2033.19	2033.35	2033.19	2033.35	42	0	0
2024.02.28	20:24:00	2033.39	2033.55	2033.36	2033.47	35	0	0
2024.02.28	20:25:00	2033.51	2033.54	2032.96	2032.96	50	0	0
2024.02.28	20:26:00	2033.03	2033.34	2033.02	2033.21	45	0	0
2024.02.28	20:27:00	2033.21	2033.65	2033.15	2033.65	81	0	0
2024.02.28	20:28:00	2033.64	2033.64	2033.31	2033.51	30	0	0
2024.02.28	20:29:00	2033.45	2033.54	2033.32	2033.35	45	0	0
2024.02.28	20:30:00	2033.32	2033.73	2033.28	2033.73	43	0	0
2024.02.28	20:31:00	2033.74	2033.81	2033.52	2033.55	20	0	0
2024.02.28	20:32:00	2033.54	2033.60	2033.12	2033.12	32	0	0
2024.02.28	20:33:00	2033.08	2033.08	2032.89	2032.93	40	0	0
2024.02.28	20:34:00	2032.89	2033.04	2032.89	2033.04	23	0	0
2024.02.28	20:35:00	2032.99	2033.19	2032.78	2033.19	63	0	0
2024.02.28	20:36:00	2033.24	2033.25	2032.90	2032.90	50	0	0
2024.02.28	20:37:00	2032.91	2033.09	2032.89	2033.03	29	0	0
2024.02.28	20:38:00	2033.07	2033.10	2032.90	2032.94	31	0	0
2024.02.28	20:39:00	2032.95	2032.95	2032.88	2032.89	13	0	0
2024.02.28	20:40:00	2032.95	2033.00	2032.77	2033.00	27	0	0
2024.02.28	20:41:00	2033.04	2033.04	2032.80	2032.80	18	0	0
2024.02.28	20:42:00	2032.78	2032.83	2032.69	2032.69	26	0	0
2024.02.28	20:43:00	2032.71	2032.77	2032.29	2032.29	49	0	0
2024.02.28	20:44:00	2032.30	2032.30	2032.09	2032.20	24	0	0
2024.02.28	20:45:00	2032.19	2032.19	2031.78	2031.87	74	0	0
2024.02.28	20:46:00	2031.78	2032.10	2031.78	2032.10	43	0	0
2024.02.28	20:47:00	2032.13	2032.14	2031.75	2031.90	62	0	0
2024.02.28	20:48:00	2031.92	2031.95	2031.74	2031.74	39	0	0
2024.02.28	20:49:00	2031.75	2032.05	2031.75	2031.96	39	0	0
2024.02.28	20:50:00	2031.94	2032.02	2031.89	2032.00	47	0	0
2024.02.28	20:51:00	2032.04	2032.08	2031.94	2031.99	17	0	0
2024.02.28	20:52:00	2032.02	2032.11	2031.96	2032.11	55	0	0
2024.02.28	20:53:00	2032.08	2032.09	2031.96	2031.98	56	0	0
2024.02.28	20:54:00	2031.97	2031.97	2031.72	2031.79	38	0	0
2024.02.28	20:55:00	2031.78	2031.78	2031.49	2031.62	40	0	0
2024.02.28	20:56:00	2031.65	2031.67	2031.48	2031.58	33	0	0
2024.02.28	20:57:00	2031.56	2031.67	2031.48	2031.66	40	0	0
2024.02.28	20:58:00	2031.65	2031.74	2031.59	2031.69	58	0	0
2024.02.28	20:59:00	2031.70	2031.73	2031.49	2031.54	41	0	0
2024.02.28	21:00:00	2031.53	2031.59	2031.42	2031.48	30	0	0
2024.02.28	21:01:00	2031.54	2031.59	2031.41	2031.41	12	0	0
2024.02.28	21:02:00	2031.36	2031.36	2031.09	2031.09	23	0	0
2024.02.28	21:03:00	2031.11	2031.17	2031.00	2031.11	35	0	0
2024.02.28	21:04:00	2031.13	2031.17	2030.91	2031.08	20	0	0
2024.02.28	21:05:00	2031.07	2031.15	2030.99	2031.07	28	0	0
2024.02.28	21:06:00	2030.99	2031.06	2030.87	2031.02	18	0	0
2024.02.28	21:07:00	2031.04	2031.48	2030.97	2031.36	56	0	0
2024.02.28	21:08:00	2031.35	2031.35	2031.29	2031.29	4	0	0
2024.02.28	21:09:00	2031.22	2031.67	2031.22	2031.48	49	0	0
2024.02.28	21:10:00	2031.49	2031.72	2031.45	2031.57	39	0	0
2024.02.28	21:11:00	2031.55	2031.58	2031.48	2031.48	37	0	0
2024.02.28	21:12:00	2031.51	2031.62	2031.28	2031.28	39	0	0
2024.02.28	21:13:00	2031.26	2031.39	2031.12	2031.38	30	0	0
2024.02.28	21:14:00	2031.41	2031.56	2031.22	2031.24	53	0	0
2024.02.28	21:15:00	2031.22	2031.38	2031.10	2031.29	56	0	0
2024.02.28	21:16:00	2031.29	2031.38	2031.08	2031.08	40	0	0
2024.02.28	21:17:00	2031.07	2031.27	2031.06	2031.25	39	0	0
2024.02.28	21:18:00	2031.26	2031.29	2031.00	2031.08	51	0	0
2024.02.28	21:19:00	2031.07	2031.16	2031.02	2031.12	28	0	0
2024.02.28	21:20:00	2031.20	2031.48	2031.07	2031.48	46	0	0
2024.02.28	21:21:00	2031.43	2031.59	2031.39	2031.58	46	0	0
2024.02.28	21:22:00	2031.60	2031.63	2031.49	2031.54	8	0	0
2024.02.28	21:23:00	2031.55	2031.75	2031.55	2031.69	38	0	0
2024.02.28	21:24:00	2031.66	2031.98	2031.65	2031.77	30	0	0
2024.02.28	21:25:00	2031.78	2032.09	2031.78	2032.05	20	0	0
2024.02.28	21:26:00	2032.04	2032.12	2031.90	2031.90	16	0	0
2024.02.28	21:27:00	2031.91	2032.02	2031.82	2031.82	14	0	0
2024.02.28	21:28:00	2031.90	2032.01	2031.80	2031.81	32	0	0
2024.02.28	21:29:00	2031.83	2032.02	2031.83	2031.89	32	0	0
2024.02.28	21:30:00	2031.84	2031.84	2031.64	2031.64	15	0	0
2024.02.28	21:31:00	2031.68	2031.76	2031.55	2031.74	29	0	0
2024.02.28	21:32:00	2031.76	2031.77	2031.42	2031.43	44	0	0
2024.02.28	21:33:00	2031.52	2031.60	2031.49	2031.49	20	0	0
2024.02.28	21:34:00	2031.52	2031.69	2031.47	2031.47	20	0	0
2024.02.28	21:35:00	2031.53	2031.55	2031.35	2031.50	40	0	0
2024.02.28	21:36:00	2031.51	2031.52	2031.33	2031.34	29	0	0
2024.02.28	21:37:00	2031.34	2031.47	2031.27	2031.38	25	0	0
2024.02.28	21:38:00	2031.34	2031.42	2031.28	2031.37	46	0	0
2024.02.28	21:39:00	2031.35	2031.36	2031.08	2031.14	67	0	0
2024.02.28	21:40:00	2031.16	2031.31	2031.10	2031.22	77	0	0
2024.02.28	21:41:00	2031.21	2031.33	2031.20	2031.21	39	0	0
2024.02.28	21:42:00	2031.22	2031.46	2031.11	2031.39	73	0	0
2024.02.28	21:43:00	2031.40	2031.66	2031.40	2031.66	38	0	0
2024.02.28	21:44:00	2031.67	2031.83	2031.67	2031.73	60	0	0
2024.02.28	21:45:00	2031.75	2031.90	2031.75	2031.84	26	0	0
2024.02.28	21:46:00	2031.84	2031.84	2031.62	2031.68	31	0	0
2024.02.28	21:47:00	2031.71	2031.71	2031.59	2031.62	22	0	0
2024.02.28	21:48:00	2031.61	2031.80	2031.60	2031.65	21	0	0
2024.02.28	21:49:00	2031.68	2031.75	2031.49	2031.63	30	0	0
2024.02.28	21:50:00	2031.53	2031.59	2031.44	2031.55	21	0	0
2024.02.28	21:51:00	2031.54	2031.58	2031.40	2031.58	38	0	0
2024.02.28	21:52:00	2031.56	2031.79	2031.54	2031.70	36	0	0
2024.02.28	21:53:00	2031.64	2031.74	2031.64	2031.74	11	0	0
2024.02.28	21:54:00	2031.76	2031.99	2031.73	2031.98	38	0	0
2024.02.28	21:55:00	2031.98	2032.21	2031.96	2032.21	27	0	0
2024.02.28	21:56:00	2032.23	2032.35	2032.14	2032.35	19	0	0
2024.02.28	21:57:00	2032.36	2032.36	2032.24	2032.24	27	0	0
2024.02.28	21:58:00	2032.23	2032.32	2032.17	2032.29	26	0	0
2024.02.28	21:59:00	2032.25	2032.38	2032.15	2032.19	62	0	0
2024.02.28	22:00:00	2032.22	2032.44	2032.13	2032.42	35	0	0
2024.02.28	22:01:00	2032.47	2033.20	2032.44	2033.04	97	0	0
2024.02.28	22:02:00	2033.05	2033.29	2032.93	2033.18	72	0	0
2024.02.28	22:03:00	2033.20	2033.34	2033.13	2033.30	40	0	0
2024.02.28	22:04:00	2033.32	2033.49	2033.13	2033.19	80	0	0
2024.02.28	22:05:00	2033.17	2033.44	2033.13	2033.42	60	0	0
2024.02.28	22:06:00	2033.43	2033.52	2033.34	2033.39	22	0	0
2024.02.28	22:07:00	2033.40	2033.46	2033.31	2033.34	30	0	0
2024.02.28	22:08:00	2033.36	2033.40	2033.25	2033.33	52	0	0
2024.02.28	22:09:00	2033.32	2033.38	2033.23	2033.35	40	0	0
2024.02.28	22:10:00	2033.33	2033.34	2033.29	2033.33	13	0	0
2024.02.28	22:11:00	2033.32	2033.45	2033.31	2033.43	24	0	0
2024.02.28	22:12:00	2033.40	2033.62	2033.40	2033.60	30	0	0
2024.02.28	22:13:00	2033.58	2033.60	2033.40	2033.40	35	0	0
2024.02.28	22:14:00	2033.47	2033.71	2033.47	2033.62	19	0	0
2024.02.28	22:15:00	2033.66	2033.72	2033.43	2033.45	41	0	0
2024.02.28	22:16:00	2033.41	2033.44	2033.23	2033.33	31	0	0
2024.02.28	22:17:00	2033.34	2033.34	2033.14	2033.22	27	0	0
2024.02.28	22:18:00	2033.24	2033.34	2033.14	2033.14	26	0	0
2024.02.28	22:19:00	2033.13	2033.28	2033.07	2033.23	23	0	0
2024.02.28	22:20:00	2033.22	2033.39	2033.18	2033.18	25	0	0
2024.02.28	22:21:00	2033.21	2033.29	2033.18	2033.25	17	0	0
2024.02.28	22:22:00	2033.26	2033.32	2033.17	2033.21	24	0	0
2024.02.28	22:23:00	2033.25	2033.39	2033.23	2033.38	55	0	0
2024.02.28	22:24:00	2033.39	2033.56	2033.36	2033.42	33	0	0
2024.02.28	22:25:00	2033.39	2033.66	2033.35	2033.59	54	0	0
2024.02.28	22:26:00	2033.62	2033.82	2033.62	2033.75	33	0	0
2024.02.28	22:27:00	2033.77	2033.93	2033.77	2033.93	37	0	0
2024.02.28	22:28:00	2033.94	2034.15	2033.94	2034.00	24	0	0
2024.02.28	22:29:00	2033.99	2034.21	2033.99	2034.14	29	0	0
2024.02.28	22:30:00	2034.03	2034.18	2033.82	2034.18	39	0	0
2024.02.28	22:31:00	2034.17	2034.23	2033.96	2034.01	60	0	0
2024.02.28	22:32:00	2034.00	2034.10	2033.95	2034.05	28	0	0
2024.02.28	22:33:00	2034.11	2034.16	2033.97	2033.97	91	0	0
2024.02.28	22:34:00	2033.98	2033.98	2033.49	2033.58	95	0	0
2024.02.28	22:35:00	2033.57	2033.73	2033.57	2033.71	55	0	0
2024.02.28	22:36:00	2033.71	2033.98	2033.69	2033.93	29	0	0
2024.02.28	22:37:00	2033.91	2033.91	2033.72	2033.85	25	0	0
2024.02.28	22:38:00	2033.83	2033.91	2033.61	2033.69	56	0	0
2024.02.28	22:39:00	2033.70	2033.78	2033.55	2033.69	36	0	0
2024.02.28	22:40:00	2033.70	2033.70	2033.60	2033.69	8	0	0
2024.02.28	22:41:00	2033.64	2033.71	2033.53	2033.59	19	0	0
2024.02.28	22:42:00	2033.60	2033.73	2033.58	2033.73	24	0	0
2024.02.28	22:43:00	2033.70	2033.79	2033.68	2033.79	12	0	0
2024.02.28	22:44:00	2033.78	2033.78	2033.60	2033.62	15	0	0
2024.02.28	22:45:00	2033.67	2033.79	2033.67	2033.73	22	0	0
2024.02.28	22:46:00	2033.76	2033.84	2033.62	2033.62	32	0	0
2024.02.28	22:47:00	2033.61	2033.72	2033.59	2033.64	37	0	0
2024.02.28	22:48:00	2033.60	2033.60	2033.53	2033.59	7	0	0
2024.02.28	22:49:00	2033.64	2033.82	2033.60	2033.69	25	0	0
2024.02.28	22:50:00	2033.64	2033.69	2033.53	2033.59	41	0	0
2024.02.28	22:51:00	2033.58	2033.88	2033.58	2033.88	28	0	0
2024.02.28	22:52:00	2033.84	2033.84	2033.74	2033.79	16	0	0
2024.02.28	22:53:00	2033.82	2034.00	2033.82	2033.99	28	0	0
2024.02.28	22:54:00	2034.05	2034.20	2034.03	2034.20	32	0	0
2024.02.28	22:55:00	2034.18	2034.18	2033.84	2033.89	31	0	0
2024.02.28	22:56:00	2033.94	2033.98	2033.81	2033.88	15	0	0
2024.02.28	22:57:00	2033.91	2034.09	2033.91	2034.03	20	0	0
2024.02.28	22:58:00	2034.00	2034.04	2033.80	2034.02	26	0	0
2024.02.28	22:59:00	2033.99	2034.00	2033.74	2033.84	61	0	0
2024.02.28	23:00:00	2033.85	2033.91	2033.77	2033.83	47	0	0
2024.02.28	23:01:00	2033.83	2033.89	2033.77	2033.77	40	0	0
2024.02.28	23:02:00	2033.75	2033.75	2033.63	2033.68	44	0	0
2024.02.28	23:03:00	2033.67	2033.84	2033.67	2033.71	20	0	0
2024.02.28	23:04:00	2033.71	2033.73	2033.69	2033.69	6	0	0
2024.02.28	23:05:00	2033.68	2033.81	2033.68	2033.80	26	0	0
2024.02.28	23:06:00	2033.83	2033.89	2033.83	2033.83	15	0	0
2024.02.28	23:07:00	2033.84	2033.87	2033.74	2033.76	39	0	0
2024.02.28	23:08:00	2033.75	2033.82	2033.67	2033.80	28	0	0
2024.02.28	23:09:00	2033.82	2033.87	2033.73	2033.73	20	0	0
2024.02.28	23:10:00	2033.74	2033.80	2033.74	2033.77	14	0	0
2024.02.28	23:11:00	2033.77	2033.77	2033.68	2033.73	35	0	0
2024.02.28	23:12:00	2033.71	2033.72	2033.62	2033.68	30	0	0
2024.02.28	23:13:00	2033.67	2033.68	2033.46	2033.62	31	0	0
2024.02.28	23:14:00	2033.63	2033.63	2033.53	2033.56	17	0	0
2024.02.28	23:15:00	2033.57	2033.60	2033.57	2033.58	7	0	0
2024.02.28	23:16:00	2033.59	2033.59	2033.48	2033.53	24	0	0
2024.02.28	23:17:00	2033.56	2033.58	2033.49	2033.49	33	0	0
2024.02.28	23:18:00	2033.50	2033.52	2033.47	2033.51	19	0	0
2024.02.28	23:19:00	2033.51	2033.51	2033.29	2033.43	22	0	0
2024.02.28	23:20:00	2033.31	2033.33	2033.05	2033.15	45	0	0
2024.02.28	23:21:00	2033.14	2033.29	2033.14	2033.29	17	0	0
2024.02.28	23:22:00	2033.29	2033.29	2033.17	2033.17	9	0	0
2024.02.28	23:23:00	2033.15	2033.51	2033.15	2033.48	39	0	0
2024.02.28	23:24:00	2033.49	2033.58	2033.48	2033.49	21	0	0
2024.02.28	23:25:00	2033.48	2033.56	2033.41	2033.56	25	0	0
2024.02.28	23:26:00	2033.57	2033.59	2033.51	2033.56	18	0	0
2024.02.28	23:27:00	2033.55	2033.66	2033.55	2033.66	20	0	0
2024.02.28	23:28:00	2033.67	2033.68	2033.60	2033.61	23	0	0
2024.02.28	23:29:00	2033.64	2033.64	2033.60	2033.61	13	0	0
2024.02.28	23:30:00	2033.63	2033.66	2033.54	2033.62	37	0	0
2024.02.28	23:31:00	2033.61	2033.63	2033.57	2033.59	20	0	0
2024.02.28	23:32:00	2033.57	2033.64	2033.57	2033.64	11	0	0
2024.02.28	23:33:00	2033.63	2033.93	2033.61	2033.90	38	0	0
2024.02.28	23:34:00	2033.93	2033.94	2033.84	2033.93	9	0	0
2024.02.28	23:35:00	2033.93	2034.26	2033.91	2034.26	24	0	0
2024.02.28	23:36:00	2034.24	2034.27	2034.24	2034.24	14	0	0
2024.02.28	23:37:00	2034.23	2034.23	2034.19	2034.19	6	0	0
2024.02.28	23:38:00	2034.18	2034.18	2034.05	2034.11	23	0	0
2024.02.28	23:39:00	2034.12	2034.20	2034.11	2034.14	23	0	0
2024.02.28	23:40:00	2034.15	2034.15	2034.11	2034.13	11	0	0
2024.02.28	23:41:00	2034.22	2034.48	2034.22	2034.47	18	0	0
2024.02.28	23:42:00	2034.50	2034.59	2034.47	2034.58	27	0	0
2024.02.28	23:43:00	2034.56	2034.97	2034.54	2034.97	37	0	0
2024.02.28	23:44:00	2034.90	2034.90	2034.73	2034.76	23	0	0
2024.02.28	23:45:00	2034.75	2034.81	2034.65	2034.66	31	0	0
2024.02.28	23:46:00	2034.67	2034.84	2034.62	2034.77	28	0	0
2024.02.28	23:47:00	2034.78	2035.28	2034.78	2034.87	62	0	0
2024.02.28	23:48:00	2034.89	2035.08	2034.89	2034.99	45	0	0
2024.02.28	23:49:00	2035.05	2035.06	2034.90	2034.92	17	0	0
2024.02.28	23:50:00	2034.94	2035.10	2034.89	2035.08	40	0	0
2024.02.28	23:51:00	2035.13	2035.15	2035.05	2035.08	11	0	0
2024.02.28	23:52:00	2035.02	2035.02	2034.89	2034.92	9	0	0
2024.02.28	23:53:00	2034.90	2034.90	2034.83	2034.84	21	0	0
2024.02.28	23:54:00	2034.85	2035.07	2034.84	2035.00	31	0	0
2024.02.28	23:55:00	2035.01	2035.28	2034.93	2035.24	37	0	0
2024.02.28	23:56:00	2035.24	2035.28	2033.50	2033.78	85	0	0
2024.02.28	23:57:00	2033.78	2034.96	2033.78	2034.26	95	0	0
2024.02.28	23:58:00	2034.31	2034.37	2034.09	2034.37	32	0	0
2024.02.29	01:05:00	2035.22	2035.25	2034.93	2035.13	39	0	0
2024.02.29	01:06:00	2035.13	2035.23	2034.98	2034.98	26	0	0
2024.02.29	01:07:00	2034.97	2034.98	2034.83	2034.97	19	0	0
2024.02.29	01:08:00	2034.98	2034.98	2034.85	2034.93	29	0	0
2024.02.29	01:09:00	2034.85	2035.07	2034.85	2035.07	14	0	0
2024.02.29	01:10:00	2035.01	2035.04	2034.97	2035.03	6	0	0
2024.02.29	01:11:00	2035.03	2035.06	2034.98	2035.02	12	0	0
2024.02.29	01:12:00	2035.03	2035.10	2035.02	2035.10	14	0	0
2024.02.29	01:13:00	2035.08	2035.08	2035.01	2035.02	12	0	0
2024.02.29	01:14:00	2035.01	2035.05	2034.96	2034.96	9	0	0
2024.02.29	01:15:00	2034.98	2035.00	2034.76	2034.76	30	0	0
2024.02.29	01:16:00	2034.80	2034.87	2034.76	2034.85	20	0	0
2024.02.29	01:17:00	2034.87	2034.94	2034.87	2034.88	8	0	0
2024.02.29	01:18:00	2034.96	2035.26	2034.96	2035.23	27	0	0
2024.02.29	01:19:00	2035.20	2035.26	2035.10	2035.13	32	0	0
2024.02.29	01:20:00	2035.13	2035.21	2035.11	2035.11	12	0	0
2024.02.29	01:21:00	2035.11	2035.15	2035.05	2035.06	35	0	0
2024.02.29	01:22:00	2035.06	2035.06	2034.95	2034.95	18	0	0
2024.02.29	01:23:00	2034.95	2034.97	2034.93	2034.95	20	0	0
2024.02.29	01:24:00	2034.95	2034.95	2034.85	2034.85	18	0	0
2024.02.29	01:25:00	2034.86	2035.01	2034.86	2035.01	7	0	0
2024.02.29	01:26:00	2035.00	2035.03	2034.85	2035.02	22	0	0
2024.02.29	01:27:00	2035.03	2035.12	2035.03	2035.07	15	0	0
2024.02.29	01:28:00	2035.03	2035.07	2035.02	2035.02	4	0	0
2024.02.29	01:29:00	2035.08	2035.14	2034.91	2034.91	17	0	0
2024.02.29	01:30:00	2034.91	2035.00	2034.91	2034.98	36	0	0
2024.02.29	01:31:00	2034.99	2035.01	2034.87	2035.00	36	0	0
2024.02.29	01:32:00	2035.00	2035.00	2034.88	2034.95	21	0	0
2024.02.29	01:33:00	2034.91	2034.97	2034.90	2034.90	8	0	0
2024.02.29	01:34:00	2034.94	2034.95	2034.89	2034.94	11	0	0
2024.02.29	01:35:00	2034.91	2035.00	2034.85	2034.90	43	0	0
2024.02.29	01:36:00	2034.88	2034.91	2034.83	2034.86	23	0	0
2024.02.29	01:37:00	2034.90	2034.91	2034.90	2034.91	3	0	0
2024.02.29	01:38:00	2034.89	2034.90	2034.89	2034.90	2	0	0
2024.02.29	01:39:00	2034.92	2034.97	2034.90	2034.97	6	0	0
2024.02.29	01:40:00	2035.00	2035.03	2034.97	2035.01	10	0	0
2024.02.29	01:41:00	2035.02	2035.02	2034.93	2034.98	10	0	0
2024.02.29	01:42:00	2035.01	2035.02	2034.98	2035.02	4	0	0
2024.02.29	01:43:00	2035.03	2035.28	2035.02	2035.17	23	0	0
2024.02.29	01:44:00	2035.15	2035.24	2035.14	2035.23	22	0	0
2024.02.29	01:45:00	2035.21	2035.28	2035.15	2035.18	26	0	0
2024.02.29	01:46:00	2035.18	2035.18	2035.01	2035.03	18	0	0
2024.02.29	01:47:00	2035.04	2035.17	2035.02	2035.17	40	0	0
2024.02.29	01:48:00	2035.17	2035.17	2034.99	2035.00	55	0	0
2024.02.29	01:49:00	2035.00	2035.10	2034.93	2035.00	34	0	0
2024.02.29	01:50:00	2034.99	2035.00	2034.78	2034.80	36	0	0
2024.02.29	01:51:00	2034.81	2034.84	2034.69	2034.70	23	0	0
2024.02.29	01:52:00	2034.73	2034.78	2034.70	2034.71	17	0	0
2024.02.29	01:53:00	2034.72	2034.79	2034.72	2034.79	7	0	0
2024.02.29	01:54:00	2034.80	2034.90	2034.79	2034.79	16	0	0
2024.02.29	01:55:00	2034.79	2034.83	2034.73	2034.73	13	0	0
2024.02.29	01:56:00	2034.75	2034.78	2034.68	2034.78	13	0	0
2024.02.29	01:57:00	2034.79	2034.84	2034.69	2034.69	18	0	0
2024.02.29	01:58:00	2034.71	2034.80	2034.69	2034.71	18	0	0
2024.02.29	01:59:00	2034.72	2034.75	2034.68	2034.71	12	0	0
2024.02.29	02:00:00	2034.73	2034.83	2034.67	2034.68	37	0	0
2024.02.29	02:01:00	2034.67	2034.69	2034.59	2034.62	27	0	0
2024.02.29	02:02:00	2034.63	2034.79	2034.63	2034.76	22	0	0
2024.02.29	02:03:00	2034.75	2035.09	2034.74	2035.03	21	0	0
2024.02.29	02:04:00	2035.08	2035.11	2034.80	2034.83	29	0	0
2024.02.29	02:05:00	2034.83	2035.24	2034.83	2035.15	19	0	0
2024.02.29	02:06:00	2035.15	2035.44	2035.13	2035.35	55	0	0
2024.02.29	02:07:00	2035.37	2035.57	2035.36	2035.52	48	0	0
2024.02.29	02:08:00	2035.46	2035.46	2035.26	2035.26	21	0	0
2024.02.29	02:09:00	2035.26	2035.34	2035.12	2035.12	20	0	0
2024.02.29	02:10:00	2035.13	2035.24	2035.07	2035.17	21	0	0
2024.02.29	02:11:00	2035.15	2035.15	2035.02	2035.10	24	0	0
2024.02.29	02:12:00	2035.11	2035.25	2035.06	2035.18	20	0	0
2024.02.29	02:13:00	2035.14	2035.34	2035.13	2035.34	22	0	0
2024.02.29	02:14:00	2035.28	2035.37	2035.23	2035.27	29	0	0
2024.02.29	02:15:00	2035.32	2035.37	2035.27	2035.33	25	0	0
2024.02.29	02:16:00	2035.28	2035.28	2035.17	2035.23	16	0	0
2024.02.29	02:17:00	2035.27	2035.38	2035.24	2035.33	12	0	0
2024.02.29	02:18:00	2035.32	2035.37	2035.23	2035.37	24	0	0
2024.02.29	02:19:00	2035.33	2035.33	2035.08	2035.14	11	0	0
2024.02.29	02:20:00	2035.09	2035.24	2035.09	2035.24	15	0	0
2024.02.29	02:21:00	2035.28	2035.35	2035.24	2035.35	8	0	0
2024.02.29	02:22:00	2035.32	2035.32	2035.19	2035.24	11	0	0
2024.02.29	02:23:00	2035.28	2035.28	2035.19	2035.23	11	0	0
2024.02.29	02:24:00	2035.20	2035.24	2035.03	2035.03	16	0	0
2024.02.29	02:25:00	2035.09	2035.10	2034.92	2035.10	14	0	0
2024.02.29	02:26:00	2035.08	2035.11	2034.87	2034.87	23	0	0
2024.02.29	02:27:00	2034.87	2034.91	2034.87	2034.91	5	0	0
2024.02.29	02:28:00	2034.91	2034.92	2034.77	2034.89	14	0	0
2024.02.29	02:29:00	2034.92	2034.92	2034.79	2034.79	14	0	0
2024.02.29	02:30:00	2034.80	2034.80	2034.59	2034.66	21	0	0
2024.02.29	02:31:00	2034.60	2034.60	2034.44	2034.44	15	0	0
2024.02.29	02:32:00	2034.48	2034.51	2034.45	2034.49	28	0	0
2024.02.29	02:33:00	2034.44	2034.47	2034.30	2034.47	17	0	0
2024.02.29	02:34:00	2034.48	2034.49	2034.42	2034.42	20	0	0
2024.02.29	02:35:00	2034.36	2034.49	2034.36	2034.43	12	0	0
2024.02.29	02:36:00	2034.48	2034.53	2034.43	2034.44	24	0	0
2024.02.29	02:37:00	2034.43	2034.68	2034.43	2034.64	50	0	0
2024.02.29	02:38:00	2034.64	2034.65	2034.55	2034.64	10	0	0
2024.02.29	02:39:00	2034.67	2034.81	2034.65	2034.65	38	0	0
2024.02.29	02:40:00	2034.71	2034.83	2034.66	2034.75	24	0	0
2024.02.29	02:41:00	2034.76	2034.88	2034.76	2034.82	21	0	0
2024.02.29	02:42:00	2034.78	2034.78	2034.51	2034.66	30	0	0
2024.02.29	02:43:00	2034.67	2034.67	2034.54	2034.59	23	0	0
2024.02.29	02:44:00	2034.59	2034.93	2034.57	2034.77	83	0	0
2024.02.29	02:45:00	2034.80	2035.12	2034.75	2035.12	57	0	0
2024.02.29	02:46:00	2035.16	2035.25	2035.12	2035.16	34	0	0
2024.02.29	02:47:00	2035.15	2035.33	2035.15	2035.28	48	0	0
2024.02.29	02:48:00	2035.26	2035.26	2034.85	2034.98	39	0	0
2024.02.29	02:49:00	2034.98	2035.00	2034.87	2035.00	20	0	0
2024.02.29	02:50:00	2034.95	2034.96	2034.82	2034.84	27	0	0
2024.02.29	02:51:00	2034.85	2034.85	2034.68	2034.78	29	0	0
2024.02.29	02:52:00	2034.75	2034.75	2034.49	2034.54	44	0	0
2024.02.29	02:53:00	2034.49	2034.54	2034.40	2034.40	30	0	0
2024.02.29	02:54:00	2034.39	2034.53	2034.28	2034.50	48	0	0
2024.02.29	02:55:00	2034.51	2034.52	2034.17	2034.21	26	0	0
2024.02.29	02:56:00	2034.19	2034.27	2034.18	2034.27	14	0	0
2024.02.29	02:57:00	2034.28	2034.28	2034.17	2034.26	20	0	0
2024.02.29	02:58:00	2034.25	2034.26	2033.97	2033.99	36	0	0
2024.02.29	02:59:00	2034.00	2034.20	2034.00	2034.18	34	0	0
2024.02.29	03:00:00	2034.19	2035.00	2034.18	2034.91	114	0	0
2024.02.29	03:01:00	2034.91	2034.94	2034.72	2034.88	75	0	0
2024.02.29	03:02:00	2034.84	2034.84	2034.67	2034.68	25	0	0
2024.02.29	03:03:00	2034.67	2035.08	2034.58	2034.97	62	0	0
2024.02.29	03:04:00	2034.98	2035.03	2034.83	2034.99	53	0	0
2024.02.29	03:05:00	2034.98	2035.17	2034.89	2035.09	63	0	0
2024.02.29	03:06:00	2035.11	2035.12	2034.93	2035.09	43	0	0
2024.02.29	03:07:00	2035.03	2035.03	2034.83	2034.94	30	0	0
2024.02.29	03:08:00	2034.95	2035.18	2034.89	2035.11	30	0	0
2024.02.29	03:09:00	2035.10	2035.37	2035.05	2035.20	57	0	0
2024.02.29	03:10:00	2035.24	2035.27	2035.03	2035.21	58	0	0
2024.02.29	03:11:00	2035.22	2035.39	2035.20	2035.33	31	0	0
2024.02.29	03:12:00	2035.30	2035.38	2035.25	2035.27	15	0	0
2024.02.29	03:13:00	2035.26	2035.26	2034.98	2034.98	34	0	0
2024.02.29	03:14:00	2034.94	2035.04	2034.89	2034.97	51	0	0
2024.02.29	03:15:00	2034.92	2035.13	2034.86	2035.13	49	0	0
2024.02.29	03:16:00	2035.14	2035.36	2035.05	2035.25	64	0	0
2024.02.29	03:17:00	2035.24	2035.53	2034.88	2034.93	71	0	0
2024.02.29	03:18:00	2034.88	2034.94	2034.69	2034.78	49	0	0
2024.02.29	03:19:00	2034.74	2034.80	2034.68	2034.80	45	0	0
2024.02.29	03:20:00	2034.79	2034.83	2034.55	2034.55	25	0	0
2024.02.29	03:21:00	2034.58	2034.65	2034.53	2034.57	68	0	0
2024.02.29	03:22:00	2034.58	2034.58	2034.44	2034.55	55	0	0
2024.02.29	03:23:00	2034.55	2034.60	2034.44	2034.50	44	0	0
2024.02.29	03:24:00	2034.54	2034.56	2034.34	2034.38	73	0	0
2024.02.29	03:25:00	2034.37	2034.55	2034.35	2034.55	70	0	0
2024.02.29	03:26:00	2034.55	2034.73	2034.50	2034.73	59	0	0
2024.02.29	03:27:00	2034.69	2034.87	2034.65	2034.85	28	0	0
2024.02.29	03:28:00	2034.87	2034.87	2034.78	2034.84	33	0	0
2024.02.29	03:29:00	2034.85	2035.15	2034.85	2034.90	57	0	0
2024.02.29	03:30:00	2034.92	2035.15	2034.85	2035.15	56	0	0
2024.02.29	03:31:00	2035.12	2035.13	2034.75	2034.75	67	0	0
2024.02.29	03:32:00	2034.77	2034.98	2034.68	2034.84	106	0	0
2024.02.29	03:33:00	2034.91	2035.25	2034.91	2035.09	81	0	0
2024.02.29	03:34:00	2035.14	2035.43	2035.12	2035.33	78	0	0
2024.02.29	03:35:00	2035.36	2035.52	2035.36	2035.44	77	0	0
2024.02.29	03:36:00	2035.45	2035.54	2035.14	2035.37	67	0	0
2024.02.29	03:37:00	2035.38	2035.85	2035.35	2035.78	64	0	0
2024.02.29	03:38:00	2035.79	2035.80	2035.45	2035.67	71	0	0
2024.02.29	03:39:00	2035.68	2035.77	2035.36	2035.77	83	0	0
2024.02.29	03:40:00	2035.75	2035.95	2035.75	2035.86	67	0	0
2024.02.29	03:41:00	2035.85	2036.14	2035.82	2035.84	91	0	0
2024.02.29	03:42:00	2035.85	2036.09	2035.83	2036.09	69	0	0
2024.02.29	03:43:00	2036.10	2036.55	2036.10	2036.37	75	0	0
2024.02.29	03:44:00	2036.35	2036.36	2036.07	2036.21	80	0	0
2024.02.29	03:45:00	2036.19	2036.24	2036.07	2036.13	43	0	0
2024.02.29	03:46:00	2036.17	2036.20	2035.99	2036.10	49	0	0
2024.02.29	03:47:00	2036.07	2036.07	2035.70	2035.74	65	0	0
2024.02.29	03:48:00	2035.79	2035.83	2035.57	2035.59	67	0	0
2024.02.29	03:49:00	2035.61	2035.74	2035.47	2035.73	78	0	0
2024.02.29	03:50:00	2035.72	2035.84	2035.47	2035.84	71	0	0
2024.02.29	03:51:00	2035.82	2035.91	2035.64	2035.84	82	0	0
2024.02.29	03:52:00	2035.85	2036.41	2035.85	2036.37	93	0	0
2024.02.29	03:53:00	2036.35	2036.51	2036.28	2036.48	70	0	0
2024.02.29	03:54:00	2036.52	2036.60	2036.38	2036.39	93	0	0
2024.02.29	03:55:00	2036.40	2036.51	2035.80	2035.80	83	0	0
2024.02.29	03:56:00	2035.85	2035.93	2035.75	2035.79	63	0	0
2024.02.29	03:57:00	2035.83	2036.17	2035.83	2035.99	59	0	0
2024.02.29	03:58:00	2035.98	2036.32	2035.98	2036.20	54	0	0
2024.02.29	03:59:00	2036.25	2036.46	2036.20	2036.44	67	0	0
2024.02.29	04:00:00	2036.45	2036.52	2036.03	2036.09	107	0	0
2024.02.29	04:01:00	2036.10	2036.54	2036.10	2036.33	108	0	0
2024.02.29	04:02:00	2036.34	2036.40	2035.87	2035.98	96	0	0
2024.02.29	04:03:00	2035.99	2036.23	2035.90	2036.22	89	0	0
2024.02.29	04:04:00	2036.19	2036.27	2036.01	2036.09	96	0	0
2024.02.29	04:05:00	2036.10	2036.16	2035.70	2035.70	69	0	0
2024.02.29	04:06:00	2035.67	2035.77	2035.51	2035.64	98	0	0
2024.02.29	04:07:00	2035.62	2036.06	2035.62	2035.98	83	0	0
2024.02.29	04:08:00	2035.94	2035.98	2035.73	2035.89	57	0	0
2024.02.29	04:09:00	2035.96	2036.16	2035.78	2036.01	53	0	0
2024.02.29	04:10:00	2035.97	2036.14	2035.95	2036.14	42	0	0
2024.02.29	04:11:00	2036.15	2036.34	2035.94	2035.97	106	0	0
2024.02.29	04:12:00	2035.97	2036.10	2035.85	2035.86	65	0	0
2024.02.29	04:13:00	2035.88	2036.28	2035.85	2036.24	63	0	0
2024.02.29	04:14:00	2036.30	2036.45	2036.21	2036.25	49	0	0
2024.02.29	04:15:00	2036.27	2036.34	2036.15	2036.25	52	0	0
2024.02.29	04:16:00	2036.27	2036.31	2035.96	2035.99	41	0	0
2024.02.29	04:17:00	2036.03	2036.15	2036.03	2036.15	29	0	0
2024.02.29	04:18:00	2036.06	2036.07	2035.81	2035.85	69	0	0
2024.02.29	04:19:00	2035.90	2036.34	2035.84	2036.29	68	0	0
2024.02.29	04:20:00	2036.25	2036.53	2036.15	2036.53	77	0	0
2024.02.29	04:21:00	2036.55	2036.92	2036.53	2036.62	89	0	0
2024.02.29	04:22:00	2036.64	2036.80	2036.61	2036.71	44	0	0
2024.02.29	04:23:00	2036.70	2036.99	2036.68	2036.84	57	0	0
2024.02.29	04:24:00	2036.81	2036.95	2036.75	2036.95	52	0	0
2024.02.29	04:25:00	2036.94	2036.98	2036.82	2036.94	37	0	0
2024.02.29	04:26:00	2036.98	2036.99	2036.88	2036.89	40	0	0
2024.02.29	04:27:00	2036.90	2037.10	2036.80	2036.83	46	0	0
2024.02.29	04:28:00	2036.87	2036.90	2036.73	2036.87	50	0	0
2024.02.29	04:29:00	2036.83	2036.90	2036.69	2036.76	52	0	0
2024.02.29	04:30:00	2036.76	2036.78	2036.31	2036.31	67	0	0
2024.02.29	04:31:00	2036.35	2036.37	2036.12	2036.20	86	0	0
2024.02.29	04:32:00	2036.19	2036.42	2036.15	2036.27	44	0	0
2024.02.29	04:33:00	2036.28	2036.69	2036.28	2036.68	67	0	0
2024.02.29	04:34:00	2036.73	2036.78	2036.53	2036.59	56	0	0
2024.02.29	04:35:00	2036.59	2036.60	2036.33	2036.38	58	0	0
2024.02.29	04:36:00	2036.37	2036.38	2036.10	2036.15	68	0	0
2024.02.29	04:37:00	2036.22	2036.81	2036.20	2036.77	108	0	0
2024.02.29	04:38:00	2036.76	2036.92	2036.74	2036.90	77	0	0
2024.02.29	04:39:00	2036.90	2037.01	2036.82	2036.99	74	0	0
2024.02.29	04:40:00	2037.01	2037.05	2036.65	2036.65	52	0	0
2024.02.29	04:41:00	2036.63	2036.74	2036.59	2036.68	42	0	0
2024.02.29	04:42:00	2036.70	2036.74	2036.52	2036.52	34	0	0
2024.02.29	04:43:00	2036.51	2036.64	2036.50	2036.59	35	0	0
2024.02.29	04:44:00	2036.58	2036.60	2036.34	2036.43	62	0	0
2024.02.29	04:45:00	2036.44	2036.53	2036.33	2036.49	44	0	0
2024.02.29	04:46:00	2036.47	2036.47	2035.95	2035.96	67	0	0
2024.02.29	04:47:00	2035.98	2036.12	2035.91	2036.09	63	0	0
2024.02.29	04:48:00	2036.08	2036.15	2035.99	2036.07	55	0	0
2024.02.29	04:49:00	2036.05	2036.16	2035.99	2036.01	66	0	0
2024.02.29	04:50:00	2036.02	2036.23	2035.93	2036.21	54	0	0
2024.02.29	04:51:00	2036.21	2036.36	2036.18	2036.36	58	0	0
2024.02.29	04:52:00	2036.37	2036.37	2036.24	2036.29	36	0	0
2024.02.29	04:53:00	2036.30	2036.59	2036.28	2036.52	58	0	0
2024.02.29	04:54:00	2036.54	2036.62	2036.45	2036.54	54	0	0
2024.02.29	04:55:00	2036.57	2036.87	2036.52	2036.72	47	0	0
2024.02.29	04:56:00	2036.72	2036.73	2036.53	2036.53	70	0	0
2024.02.29	04:57:00	2036.53	2036.63	2036.41	2036.46	70	0	0
2024.02.29	04:58:00	2036.47	2036.61	2036.39	2036.47	72	0	0
2024.02.29	04:59:00	2036.46	2036.62	2036.38	2036.60	54	0	0
2024.02.29	05:00:00	2036.60	2036.64	2036.32	2036.32	54	0	0
2024.02.29	05:01:00	2036.35	2036.58	2036.31	2036.49	63	0	0
2024.02.29	05:02:00	2036.47	2036.47	2036.29	2036.30	67	0	0
2024.02.29	05:03:00	2036.32	2036.37	2036.27	2036.27	25	0	0
2024.02.29	05:04:00	2036.30	2036.53	2036.23	2036.53	54	0	0
2024.02.29	05:05:00	2036.52	2036.52	2036.38	2036.41	26	0	0
2024.02.29	05:06:00	2036.40	2036.60	2036.36	2036.60	46	0	0
2024.02.29	05:07:00	2036.60	2036.62	2036.54	2036.56	28	0	0
2024.02.29	05:08:00	2036.58	2036.75	2036.44	2036.44	34	0	0
2024.02.29	05:09:00	2036.45	2036.49	2036.38	2036.42	25	0	0
2024.02.29	05:10:00	2036.43	2036.52	2036.40	2036.40	18	0	0
2024.02.29	05:11:00	2036.42	2036.44	2036.32	2036.43	21	0	0
2024.02.29	05:12:00	2036.42	2036.64	2036.42	2036.64	18	0	0
2024.02.29	05:13:00	2036.63	2036.66	2036.44	2036.53	44	0	0
2024.02.29	05:14:00	2036.54	2036.54	2036.05	2036.08	74	0	0
2024.02.29	05:15:00	2036.07	2036.34	2035.97	2036.34	43	0	0
2024.02.29	05:16:00	2036.34	2036.45	2036.32	2036.45	51	0	0
2024.02.29	05:17:00	2036.47	2036.47	2036.22	2036.24	57	0	0
2024.02.29	05:18:00	2036.24	2036.33	2036.22	2036.33	30	0	0
2024.02.29	05:19:00	2036.32	2036.36	2036.25	2036.33	35	0	0
2024.02.29	05:20:00	2036.31	2036.31	2036.17	2036.24	25	0	0
2024.02.29	05:21:00	2036.23	2036.23	2036.03	2036.03	41	0	0
2024.02.29	05:22:00	2036.00	2036.16	2036.00	2036.11	24	0	0
2024.02.29	05:23:00	2036.10	2036.10	2035.91	2035.97	66	0	0
2024.02.29	05:24:00	2035.96	2035.96	2035.69	2035.93	54	0	0
2024.02.29	05:25:00	2035.93	2036.04	2035.84	2036.04	35	0	0
2024.02.29	05:26:00	2036.05	2036.05	2035.88	2035.93	31	0	0
2024.02.29	05:27:00	2035.90	2035.90	2035.55	2035.55	15	0	0
2024.02.29	05:28:00	2035.54	2035.88	2035.54	2035.77	49	0	0
2024.02.29	05:29:00	2035.78	2035.89	2035.67	2035.73	25	0	0
2024.02.29	05:30:00	2035.68	2035.68	2035.47	2035.48	38	0	0
2024.02.29	05:31:00	2035.46	2035.46	2035.34	2035.42	18	0	0
2024.02.29	05:32:00	2035.41	2035.41	2035.33	2035.33	14	0	0
2024.02.29	05:33:00	2035.29	2035.44	2035.24	2035.29	45	0	0
2024.02.29	05:34:00	2035.32	2035.67	2035.32	2035.60	58	0	0
2024.02.29	05:35:00	2035.58	2035.60	2035.51	2035.58	27	0	0
2024.02.29	05:36:00	2035.62	2035.62	2035.50	2035.57	13	0	0
2024.02.29	05:37:00	2035.57	2035.58	2035.44	2035.57	22	0	0
2024.02.29	05:38:00	2035.56	2035.58	2035.51	2035.57	32	0	0
2024.02.29	05:39:00	2035.54	2035.65	2035.52	2035.60	59	0	0
2024.02.29	05:40:00	2035.62	2035.74	2035.55	2035.74	47	0	0
2024.02.29	05:41:00	2035.74	2035.75	2035.47	2035.47	65	0	0
2024.02.29	05:42:00	2035.45	2035.62	2035.45	2035.57	26	0	0
2024.02.29	05:43:00	2035.56	2035.67	2035.50	2035.62	33	0	0
2024.02.29	05:44:00	2035.61	2035.64	2035.54	2035.63	37	0	0
2024.02.29	05:45:00	2035.62	2035.86	2035.61	2035.77	47	0	0
2024.02.29	05:46:00	2035.78	2035.82	2035.60	2035.65	29	0	0
2024.02.29	05:47:00	2035.66	2035.78	2035.65	2035.78	19	0	0
2024.02.29	05:48:00	2035.77	2035.80	2035.68	2035.77	35	0	0
2024.02.29	05:49:00	2035.78	2035.79	2035.68	2035.74	36	0	0
2024.02.29	05:50:00	2035.79	2035.81	2035.74	2035.79	26	0	0
2024.02.29	05:51:00	2035.77	2035.98	2035.74	2035.97	41	0	0
2024.02.29	05:52:00	2035.96	2036.08	2035.92	2036.07	31	0	0
2024.02.29	05:53:00	2036.05	2036.26	2036.00	2036.26	24	0	0
2024.02.29	05:54:00	2036.28	2036.35	2036.26	2036.35	9	0	0
2024.02.29	05:55:00	2036.36	2036.40	2036.34	2036.34	26	0	0
2024.02.29	05:56:00	2036.36	2036.45	2036.35	2036.44	27	0	0
2024.02.29	05:57:00	2036.43	2036.48	2036.38	2036.43	18	0	0
2024.02.29	05:58:00	2036.46	2036.64	2036.44	2036.64	36	0	0
2024.02.29	05:59:00	2036.63	2036.63	2036.57	2036.61	12	0	0
2024.02.29	06:00:00	2036.58	2036.58	2036.22	2036.42	43	0	0
2024.02.29	06:01:00	2036.43	2036.43	2036.19	2036.20	35	0	0
2024.02.29	06:02:00	2036.23	2036.28	2036.15	2036.18	23	0	0
2024.02.29	06:03:00	2036.17	2036.22	2036.17	2036.18	14	0	0
2024.02.29	06:04:00	2036.17	2036.17	2036.09	2036.17	14	0	0
2024.02.29	06:05:00	2036.18	2036.24	2035.99	2035.99	29	0	0
2024.02.29	06:06:00	2036.01	2036.05	2035.90	2035.95	28	0	0
2024.02.29	06:07:00	2035.94	2036.05	2035.93	2036.02	29	0	0
2024.02.29	06:08:00	2036.03	2036.05	2035.97	2036.04	16	0	0
2024.02.29	06:09:00	2036.06	2036.16	2036.05	2036.15	10	0	0
2024.02.29	06:10:00	2036.14	2036.15	2036.04	2036.05	16	0	0
2024.02.29	06:11:00	2036.07	2036.13	2036.01	2036.11	23	0	0
2024.02.29	06:12:00	2036.09	2036.09	2035.90	2035.90	20	0	0
2024.02.29	06:13:00	2035.92	2035.98	2035.86	2035.91	32	0	0
2024.02.29	06:14:00	2035.95	2036.03	2035.89	2035.92	34	0	0
2024.02.29	06:15:00	2035.96	2036.04	2035.89	2035.93	14	0	0
2024.02.29	06:16:00	2035.88	2035.93	2035.87	2035.89	18	0	0
2024.02.29	06:17:00	2035.88	2036.03	2035.68	2036.03	28	0	0
2024.02.29	06:18:00	2036.05	2036.05	2035.95	2035.95	11	0	0
2024.02.29	06:19:00	2035.99	2036.16	2035.99	2036.10	18	0	0
2024.02.29	06:20:00	2036.12	2036.33	2036.00	2036.29	36	0	0
2024.02.29	06:21:00	2036.28	2036.43	2036.28	2036.38	26	0	0
2024.02.29	06:22:00	2036.37	2036.47	2036.30	2036.40	38	0	0
2024.02.29	06:23:00	2036.38	2036.41	2036.33	2036.37	22	0	0
2024.02.29	06:24:00	2036.40	2036.46	2036.38	2036.39	20	0	0
2024.02.29	06:25:00	2036.42	2036.47	2036.36	2036.37	39	0	0
2024.02.29	06:26:00	2036.34	2036.37	2036.29	2036.35	14	0	0
2024.02.29	06:27:00	2036.36	2036.37	2036.15	2036.21	30	0	0
2024.02.29	06:28:00	2036.20	2036.23	2036.09	2036.20	55	0	0
2024.02.29	06:29:00	2036.18	2036.18	2036.06	2036.07	29	0	0
2024.02.29	06:30:00	2036.06	2036.06	2035.86	2035.89	30	0	0
2024.02.29	06:31:00	2035.90	2035.91	2035.71	2035.73	21	0	0
2024.02.29	06:32:00	2035.75	2035.89	2035.73	2035.84	23	0	0
2024.02.29	06:33:00	2035.83	2036.06	2035.83	2035.91	31	0	0
2024.02.29	06:34:00	2035.92	2036.03	2035.87	2036.02	10	0	0
2024.02.29	06:35:00	2036.03	2036.04	2035.98	2035.98	9	0	0
2024.02.29	06:36:00	2036.02	2036.05	2035.93	2035.93	15	0	0
2024.02.29	06:37:00	2035.94	2035.97	2035.91	2035.93	7	0	0
2024.02.29	06:38:00	2035.91	2035.91	2035.82	2035.82	7	0	0
2024.02.29	06:39:00	2035.81	2035.82	2035.64	2035.64	24	0	0
2024.02.29	06:40:00	2035.65	2035.65	2035.58	2035.63	19	0	0
2024.02.29	06:41:00	2035.65	2035.65	2035.54	2035.54	7	0	0
2024.02.29	06:42:00	2035.55	2035.57	2035.48	2035.54	20	0	0
2024.02.29	06:43:00	2035.55	2035.64	2035.54	2035.63	6	0	0
2024.02.29	06:44:00	2035.59	2035.59	2035.54	2035.54	5	0	0
2024.02.29	06:45:00	2035.53	2035.58	2035.50	2035.55	19	0	0
2024.02.29	06:46:00	2035.54	2035.54	2035.33	2035.38	23	0	0
2024.02.29	06:47:00	2035.39	2035.43	2035.37	2035.38	18	0	0
2024.02.29	06:48:00	2035.35	2035.35	2035.12	2035.20	35	0	0
2024.02.29	06:49:00	2035.18	2035.24	2035.12	2035.23	37	0	0
2024.02.29	06:50:00	2035.21	2035.27	2035.17	2035.26	27	0	0
2024.02.29	06:51:00	2035.32	2035.34	2035.17	2035.22	16	0	0
2024.02.29	06:52:00	2035.23	2035.23	2035.22	2035.22	2	0	0
2024.02.29	06:53:00	2035.20	2035.20	2035.20	2035.20	1	0	0
2024.02.29	06:54:00	2035.30	2035.31	2035.22	2035.23	16	0	0
2024.02.29	06:55:00	2035.24	2035.25	2035.18	2035.23	11	0	0
2024.02.29	06:56:00	2035.22	2035.23	2035.18	2035.23	14	0	0
2024.02.29	06:57:00	2035.22	2035.23	2035.22	2035.23	8	0	0
2024.02.29	06:58:00	2035.23	2035.35	2035.23	2035.34	20	0	0
2024.02.29	06:59:00	2035.38	2035.42	2035.22	2035.22	29	0	0
2024.02.29	07:00:00	2035.22	2035.59	2035.22	2035.59	40	0	0
2024.02.29	07:01:00	2035.54	2035.54	2035.43	2035.49	28	0	0
2024.02.29	07:02:00	2035.56	2035.81	2035.56	2035.76	79	0	0
2024.02.29	07:03:00	2035.76	2035.78	2035.58	2035.58	40	0	0
2024.02.29	07:04:00	2035.60	2035.67	2035.55	2035.67	20	0	0
2024.02.29	07:05:00	2035.66	2035.80	2035.62	2035.70	33	0	0
2024.02.29	07:06:00	2035.64	2035.64	2035.55	2035.61	18	0	0
2024.02.29	07:07:00	2035.60	2035.63	2035.52	2035.52	31	0	0
2024.02.29	07:08:00	2035.53	2035.54	2035.43	2035.54	24	0	0
2024.02.29	07:09:00	2035.55	2035.68	2035.47	2035.51	37	0	0
2024.02.29	07:10:00	2035.51	2035.52	2035.44	2035.49	28	0	0
2024.02.29	07:11:00	2035.50	2035.52	2034.99	2034.99	38	0	0
2024.02.29	07:12:00	2035.00	2035.05	2034.82	2035.03	33	0	0
2024.02.29	07:13:00	2035.08	2035.22	2035.08	2035.18	36	0	0
2024.02.29	07:14:00	2035.20	2035.20	2035.04	2035.05	19	0	0
2024.02.29	07:15:00	2035.06	2035.15	2035.04	2035.10	20	0	0
2024.02.29	07:16:00	2035.04	2035.04	2034.93	2034.97	21	0	0
2024.02.29	07:17:00	2035.04	2035.10	2034.93	2034.95	39	0	0
2024.02.29	07:18:00	2034.95	2034.95	2034.85	2034.85	9	0	0
2024.02.29	07:19:00	2034.85	2034.93	2034.79	2034.82	40	0	0
2024.02.29	07:20:00	2034.77	2034.77	2034.68	2034.68	19	0	0
2024.02.29	07:21:00	2034.69	2034.94	2034.68	2034.86	37	0	0
2024.02.29	07:22:00	2034.87	2034.99	2034.85	2034.98	24	0	0
2024.02.29	07:23:00	2034.99	2034.99	2034.89	2034.89	28	0	0
2024.02.29	07:24:00	2034.93	2035.30	2034.93	2035.30	69	0	0
2024.02.29	07:25:00	2035.28	2035.35	2035.09	2035.15	76	0	0
2024.02.29	07:26:00	2035.16	2035.16	2034.68	2034.73	86	0	0
2024.02.29	07:27:00	2034.74	2034.88	2034.62	2034.62	34	0	0
2024.02.29	07:28:00	2034.61	2034.65	2034.56	2034.58	45	0	0
2024.02.29	07:29:00	2034.57	2035.00	2034.56	2034.75	65	0	0
2024.02.29	07:30:00	2034.74	2034.99	2034.70	2034.77	116	0	0
2024.02.29	07:31:00	2034.78	2034.82	2034.64	2034.74	49	0	0
2024.02.29	07:32:00	2034.71	2034.71	2034.40	2034.54	74	0	0
2024.02.29	07:33:00	2034.53	2034.83	2034.53	2034.75	64	0	0
2024.02.29	07:34:00	2034.75	2035.07	2034.71	2035.04	50	0	0
2024.02.29	07:35:00	2035.03	2035.19	2034.94	2035.14	72	0	0
2024.02.29	07:36:00	2035.14	2035.22	2035.02	2035.19	51	0	0
2024.02.29	07:37:00	2035.19	2035.29	2035.18	2035.25	23	0	0
2024.02.29	07:38:00	2035.24	2035.34	2035.14	2035.34	34	0	0
2024.02.29	07:39:00	2035.39	2035.44	2035.24	2035.26	24	0	0
2024.02.29	07:40:00	2035.28	2035.30	2035.16	2035.22	34	0	0
2024.02.29	07:41:00	2035.22	2035.23	2035.07	2035.12	45	0	0
2024.02.29	07:42:00	2035.13	2035.27	2035.12	2035.24	49	0	0
2024.02.29	07:43:00	2035.23	2035.42	2035.22	2035.35	41	0	0
2024.02.29	07:44:00	2035.37	2035.53	2035.32	2035.48	53	0	0
2024.02.29	07:45:00	2035.48	2035.75	2035.44	2035.66	60	0	0
2024.02.29	07:46:00	2035.65	2035.81	2035.55	2035.60	47	0	0
2024.02.29	07:47:00	2035.59	2035.59	2035.45	2035.51	51	0	0
2024.02.29	07:48:00	2035.52	2035.65	2035.50	2035.55	43	0	0
2024.02.29	07:49:00	2035.57	2035.58	2035.51	2035.54	22	0	0
2024.02.29	07:50:00	2035.54	2035.68	2035.54	2035.63	30	0	0
2024.02.29	07:51:00	2035.58	2035.58	2035.47	2035.52	24	0	0
2024.02.29	07:52:00	2035.48	2035.62	2035.47	2035.62	20	0	0
2024.02.29	07:53:00	2035.68	2035.99	2035.67	2035.97	30	0	0
2024.02.29	07:54:00	2035.98	2035.98	2035.85	2035.90	12	0	0
2024.02.29	07:55:00	2035.92	2035.96	2035.64	2035.65	21	0	0
2024.02.29	07:56:00	2035.66	2035.71	2035.64	2035.68	18	0	0
2024.02.29	07:57:00	2035.70	2035.72	2035.55	2035.72	39	0	0
2024.02.29	07:58:00	2035.73	2035.75	2035.68	2035.73	35	0	0
2024.02.29	07:59:00	2035.73	2035.81	2035.63	2035.65	28	0	0
2024.02.29	08:00:00	2035.66	2035.75	2035.64	2035.68	48	0	0
2024.02.29	08:01:00	2035.68	2035.69	2035.52	2035.56	44	0	0
2024.02.29	08:02:00	2035.57	2035.72	2035.51	2035.69	72	0	0
2024.02.29	08:03:00	2035.68	2035.73	2035.62	2035.63	52	0	0
2024.02.29	08:04:00	2035.62	2035.73	2035.60	2035.69	34	0	0
2024.02.29	08:05:00	2035.72	2035.79	2035.64	2035.67	37	0	0
2024.02.29	08:06:00	2035.64	2035.68	2035.50	2035.54	40	0	0
2024.02.29	08:07:00	2035.56	2035.82	2035.56	2035.81	44	0	0
2024.02.29	08:08:00	2035.83	2035.85	2035.72	2035.74	33	0	0
2024.02.29	08:09:00	2035.74	2035.83	2035.72	2035.82	17	0	0
2024.02.29	08:10:00	2035.78	2035.78	2035.62	2035.64	30	0	0
2024.02.29	08:11:00	2035.63	2035.68	2035.59	2035.68	20	0	0
2024.02.29	08:12:00	2035.72	2035.85	2035.64	2035.84	49	0	0
2024.02.29	08:13:00	2035.90	2035.97	2035.69	2035.75	37	0	0
2024.02.29	08:14:00	2035.74	2035.80	2035.72	2035.75	12	0	0
2024.02.29	08:15:00	2035.74	2035.79	2035.70	2035.70	17	0	0
2024.02.29	08:16:00	2035.73	2036.06	2035.73	2035.99	36	0	0
2024.02.29	08:17:00	2035.98	2036.21	2035.94	2036.21	46	0	0
2024.02.29	08:18:00	2036.23	2036.37	2036.23	2036.25	48	0	0
2024.02.29	08:19:00	2036.27	2036.35	2036.24	2036.26	26	0	0
2024.02.29	08:20:00	2036.30	2036.34	2036.21	2036.25	33	0	0
2024.02.29	08:21:00	2036.28	2036.50	2036.26	2036.41	59	0	0
2024.02.29	08:22:00	2036.43	2036.51	2036.14	2036.21	43	0	0
2024.02.29	08:23:00	2036.14	2036.25	2036.13	2036.15	37	0	0
2024.02.29	08:24:00	2036.15	2036.23	2036.03	2036.23	42	0	0
2024.02.29	08:25:00	2036.24	2036.24	2036.08	2036.15	21	0	0
2024.02.29	08:26:00	2036.16	2036.20	2036.09	2036.17	32	0	0
2024.02.29	08:27:00	2036.18	2036.39	2036.05	2036.35	42	0	0
2024.02.29	08:28:00	2036.37	2036.47	2036.29	2036.31	56	0	0
2024.02.29	08:29:00	2036.37	2036.46	2036.36	2036.45	66	0	0
2024.02.29	08:30:00	2036.46	2036.46	2036.28	2036.34	58	0	0
2024.02.29	08:31:00	2036.39	2036.46	2036.30	2036.36	50	0	0
2024.02.29	08:32:00	2036.37	2036.51	2036.37	2036.50	37	0	0
2024.02.29	08:33:00	2036.51	2036.60	2036.50	2036.57	9	0	0
2024.02.29	08:34:00	2036.58	2036.71	2036.47	2036.54	61	0	0
2024.02.29	08:35:00	2036.58	2036.89	2036.48	2036.87	52	0	0
2024.02.29	08:36:00	2036.90	2037.01	2036.64	2036.81	96	0	0
2024.02.29	08:37:00	2036.82	2036.88	2036.69	2036.82	59	0	0
2024.02.29	08:38:00	2036.83	2036.93	2036.74	2036.90	52	0	0
2024.02.29	08:39:00	2036.91	2036.94	2036.84	2036.88	36	0	0
2024.02.29	08:40:00	2036.87	2036.94	2036.67	2036.73	52	0	0
2024.02.29	08:41:00	2036.72	2036.74	2036.57	2036.59	45	0	0
2024.02.29	08:42:00	2036.58	2036.74	2036.48	2036.73	59	0	0
2024.02.29	08:43:00	2036.69	2036.78	2036.64	2036.75	54	0	0
2024.02.29	08:44:00	2036.74	2036.76	2036.57	2036.63	44	0	0
2024.02.29	08:45:00	2036.58	2036.82	2036.57	2036.82	43	0	0
2024.02.29	08:46:00	2036.80	2036.83	2036.68	2036.76	51	0	0
2024.02.29	08:47:00	2036.77	2036.84	2036.72	2036.75	32	0	0
2024.02.29	08:48:00	2036.74	2036.82	2036.68	2036.79	39	0	0
2024.02.29	08:49:00	2036.73	2036.89	2036.64	2036.89	31	0	0
2024.02.29	08:50:00	2036.87	2036.89	2036.81	2036.89	7	0	0
2024.02.29	08:51:00	2036.91	2037.08	2036.91	2036.94	34	0	0
2024.02.29	08:52:00	2036.91	2037.07	2036.89	2036.98	28	0	0
2024.02.29	08:53:00	2036.97	2037.04	2036.92	2037.02	31	0	0
2024.02.29	08:54:00	2036.98	2037.00	2036.85	2036.99	27	0	0
2024.02.29	08:55:00	2036.93	2036.93	2036.79	2036.91	55	0	0
2024.02.29	08:56:00	2036.90	2036.99	2036.88	2036.89	26	0	0
2024.02.29	08:57:00	2036.86	2036.92	2036.70	2036.92	43	0	0
2024.02.29	08:58:00	2036.89	2036.92	2036.79	2036.85	47	0	0
2024.02.29	08:59:00	2036.86	2037.00	2036.82	2036.89	73	0	0
2024.02.29	09:00:00	2036.87	2036.87	2036.46	2036.52	57	0	0
2024.02.29	09:01:00	2036.54	2036.99	2036.54	2036.82	39	0	0
2024.02.29	09:02:00	2036.85	2037.13	2036.75	2036.93	79	0	0
2024.02.29	09:03:00	2036.94	2037.09	2036.79	2036.82	73	0	0
2024.02.29	09:04:00	2036.85	2037.05	2036.83	2037.05	37	0	0
2024.02.29	09:05:00	2037.08	2037.25	2036.95	2037.20	64	0	0
2024.02.29	09:06:00	2037.23	2037.42	2037.18	2037.28	59	0	0
2024.02.29	09:07:00	2037.30	2037.49	2037.28	2037.38	38	0	0
2024.02.29	09:08:00	2037.39	2037.58	2037.29	2037.30	60	0	0
2024.02.29	09:09:00	2037.29	2037.30	2037.13	2037.18	56	0	0
2024.02.29	09:10:00	2037.16	2037.39	2037.10	2037.31	53	0	0
2024.02.29	09:11:00	2037.32	2037.32	2036.93	2037.01	52	0	0
2024.02.29	09:12:00	2037.05	2037.19	2037.05	2037.12	30	0	0
2024.02.29	09:13:00	2037.13	2037.13	2036.78	2036.88	47	0	0
2024.02.29	09:14:00	2036.82	2036.94	2036.77	2036.81	41	0	0
2024.02.29	09:15:00	2036.80	2037.00	2036.71	2036.98	63	0	0
2024.02.29	09:16:00	2036.99	2036.99	2036.71	2036.88	51	0	0
2024.02.29	09:17:00	2036.87	2036.96	2036.75	2036.75	48	0	0
2024.02.29	09:18:00	2036.73	2036.78	2036.58	2036.73	64	0	0
2024.02.29	09:19:00	2036.69	2036.75	2036.65	2036.72	28	0	0
2024.02.29	09:20:00	2036.70	2036.84	2036.67	2036.77	36	0	0
2024.02.29	09:21:00	2036.74	2037.01	2036.69	2036.87	82	0	0
2024.02.29	09:22:00	2036.82	2036.89	2036.65	2036.69	47	0	0
2024.02.29	09:23:00	2036.63	2036.69	2036.57	2036.57	37	0	0
2024.02.29	09:24:00	2036.55	2036.68	2036.51	2036.62	34	0	0
2024.02.29	09:25:00	2036.63	2036.67	2036.39	2036.41	82	0	0
2024.02.29	09:26:00	2036.39	2036.39	2035.98	2036.24	86	0	0
2024.02.29	09:27:00	2036.24	2036.42	2036.18	2036.24	69	0	0
2024.02.29	09:28:00	2036.29	2036.39	2036.23	2036.35	55	0	0
2024.02.29	09:29:00	2036.40	2036.54	2036.29	2036.50	61	0	0
2024.02.29	09:30:00	2036.51	2036.97	2036.51	2036.92	57	0	0
2024.02.29	09:31:00	2036.90	2037.11	2036.89	2036.95	75	0	0
2024.02.29	09:32:00	2036.97	2036.98	2036.72	2036.89	71	0	0
2024.02.29	09:33:00	2036.88	2037.02	2036.82	2036.95	86	0	0
2024.02.29	09:34:00	2036.95	2037.29	2036.89	2037.20	54	0	0
2024.02.29	09:35:00	2037.17	2037.19	2037.03	2037.10	49	0	0
2024.02.29	09:36:00	2037.07	2037.29	2037.04	2037.27	83	0	0
2024.02.29	09:37:00	2037.28	2037.70	2037.25	2037.53	87	0	0
2024.02.29	09:38:00	2037.54	2037.61	2037.37	2037.39	77	0	0
2024.02.29	09:39:00	2037.37	2037.69	2037.37	2037.49	49	0	0
2024.02.29	09:40:00	2037.48	2037.58	2037.37	2037.57	69	0	0
2024.02.29	09:41:00	2037.61	2037.78	2037.47	2037.68	78	0	0
2024.02.29	09:42:00	2037.72	2037.73	2037.45	2037.58	42	0	0
2024.02.29	09:43:00	2037.56	2037.83	2037.54	2037.70	59	0	0
2024.02.29	09:44:00	2037.69	2037.74	2037.34	2037.49	72	0	0
2024.02.29	09:45:00	2037.37	2037.84	2037.19	2037.77	197	0	0
2024.02.29	09:46:00	2037.76	2037.84	2037.48	2037.54	94	0	0
2024.02.29	09:47:00	2037.53	2037.64	2037.33	2037.34	98	0	0
2024.02.29	09:48:00	2037.33	2037.38	2036.98	2037.22	94	0	0
2024.02.29	09:49:00	2037.21	2037.22	2036.76	2036.81	102	0	0
2024.02.29	09:50:00	2036.82	2036.82	2036.46	2036.47	116	0	0
2024.02.29	09:51:00	2036.46	2036.98	2036.43	2036.95	86	0	0
2024.02.29	09:52:00	2036.94	2037.04	2036.61	2037.03	105	0	0
2024.02.29	09:53:00	2037.03	2037.28	2037.00	2037.17	99	0	0
2024.02.29	09:54:00	2037.18	2037.20	2037.05	2037.12	66	0	0
2024.02.29	09:55:00	2037.11	2037.13	2037.00	2037.02	66	0	0
2024.02.29	09:56:00	2037.00	2037.03	2036.82	2036.90	67	0	0
2024.02.29	09:57:00	2036.89	2037.07	2036.75	2036.92	45	0	0
2024.02.29	09:58:00	2036.90	2037.04	2036.89	2036.98	37	0	0
2024.02.29	09:59:00	2036.97	2037.40	2036.89	2037.32	68	0	0
2024.02.29	10:00:00	2037.34	2037.35	2036.94	2037.13	165	0	0
2024.02.29	10:01:00	2037.13	2037.29	2036.91	2037.29	137	0	0
2024.02.29	10:02:00	2037.28	2037.32	2037.02	2037.17	84	0	0
2024.02.29	10:03:00	2037.18	2037.19	2036.82	2036.97	99	0	0
2024.02.29	10:04:00	2036.99	2037.12	2036.64	2036.69	98	0	0
2024.02.29	10:05:00	2036.72	2036.78	2036.00	2036.22	128	0	0
2024.02.29	10:06:00	2036.21	2036.32	2036.04	2036.31	101	0	0
2024.02.29	10:07:00	2036.32	2036.41	2036.09	2036.18	106	0	0
2024.02.29	10:08:00	2036.20	2036.20	2035.89	2036.06	93	0	0
2024.02.29	10:09:00	2036.10	2036.17	2035.94	2036.05	93	0	0
2024.02.29	10:10:00	2036.02	2036.04	2035.74	2035.92	110	0	0
2024.02.29	10:11:00	2035.93	2036.13	2035.61	2035.92	123	0	0
2024.02.29	10:12:00	2035.94	2035.96	2035.65	2035.80	104	0	0
2024.02.29	10:13:00	2035.81	2035.91	2035.67	2035.74	85	0	0
2024.02.29	10:14:00	2035.70	2035.77	2035.54	2035.77	78	0	0
2024.02.29	10:15:00	2035.74	2036.03	2035.69	2035.80	87	0	0
2024.02.29	10:16:00	2035.82	2036.15	2035.71	2036.10	125	0	0
2024.02.29	10:17:00	2036.08	2036.37	2036.03	2036.34	116	0	0
2024.02.29	10:18:00	2036.33	2036.59	2036.21	2036.23	101	0	0
2024.02.29	10:19:00	2036.28	2036.34	2036.20	2036.23	127	0	0
2024.02.29	10:20:00	2036.23	2036.23	2036.11	2036.13	103	0	0
2024.02.29	10:21:00	2036.12	2036.52	2036.08	2036.44	100	0	0
2024.02.29	10:22:00	2036.45	2036.71	2036.30	2036.59	84	0	0
2024.02.29	10:23:00	2036.60	2036.63	2036.51	2036.61	61	0	0
2024.02.29	10:24:00	2036.60	2036.92	2036.58	2036.90	73	0	0
2024.02.29	10:25:00	2036.90	2037.31	2036.90	2037.19	83	0	0
2024.02.29	10:26:00	2037.18	2037.18	2036.78	2036.82	84	0	0
2024.02.29	10:27:00	2036.83	2036.87	2036.70	2036.79	59	0	0
2024.02.29	10:28:00	2036.74	2036.82	2036.42	2036.79	84	0	0
2024.02.29	10:29:00	2036.78	2037.05	2036.70	2036.90	99	0	0
2024.02.29	10:30:00	2036.90	2037.00	2036.41	2036.43	97	0	0
2024.02.29	10:31:00	2036.42	2036.44	2036.22	2036.34	109	0	0
2024.02.29	10:32:00	2036.33	2036.35	2036.24	2036.32	75	0	0
2024.02.29	10:33:00	2036.37	2036.44	2036.22	2036.28	60	0	0
2024.02.29	10:34:00	2036.30	2036.43	2036.27	2036.32	69	0	0
2024.02.29	10:35:00	2036.33	2036.54	2036.23	2036.44	88	0	0
2024.02.29	10:36:00	2036.46	2036.71	2036.46	2036.66	96	0	0
2024.02.29	10:37:00	2036.65	2036.67	2036.23	2036.24	70	0	0
2024.02.29	10:38:00	2036.25	2036.25	2035.99	2036.01	61	0	0
2024.02.29	10:39:00	2036.00	2036.23	2035.94	2036.22	80	0	0
2024.02.29	10:40:00	2036.23	2036.23	2036.12	2036.17	64	0	0
2024.02.29	10:41:00	2036.20	2036.54	2036.13	2036.54	55	0	0
2024.02.29	10:42:00	2036.52	2036.52	2036.34	2036.41	40	0	0
2024.02.29	10:43:00	2036.42	2036.50	2036.29	2036.50	45	0	0
2024.02.29	10:44:00	2036.52	2036.58	2036.24	2036.39	67	0	0
2024.02.29	10:45:00	2036.40	2036.42	2036.28	2036.40	35	0	0
2024.02.29	10:46:00	2036.35	2036.50	2036.25	2036.34	60	0	0
2024.02.29	10:47:00	2036.33	2036.37	2036.23	2036.30	32	0	0
2024.02.29	10:48:00	2036.29	2036.32	2036.22	2036.27	50	0	0
2024.02.29	10:49:00	2036.29	2036.40	2035.92	2036.09	88	0	0
2024.02.29	10:50:00	2036.10	2036.18	2036.03	2036.08	46	0	0
2024.02.29	10:51:00	2036.10	2036.40	2036.10	2036.34	49	0	0
2024.02.29	10:52:00	2036.33	2036.75	2036.33	2036.75	36	0	0
2024.02.29	10:53:00	2036.74	2036.79	2036.59	2036.78	38	0	0
2024.02.29	10:54:00	2036.80	2037.09	2036.74	2036.74	61	0	0
2024.02.29	10:55:00	2036.73	2036.80	2036.64	2036.77	57	0	0
2024.02.29	10:56:00	2036.78	2037.14	2036.78	2036.99	77	0	0
2024.02.29	10:57:00	2037.00	2037.39	2036.94	2037.28	98	0	0
2024.02.29	10:58:00	2037.28	2037.49	2037.19	2037.32	103	0	0
2024.02.29	10:59:00	2037.34	2037.48	2037.22	2037.22	77	0	0
2024.02.29	11:00:00	2037.27	2037.47	2036.96	2037.24	189	0	0
2024.02.29	11:01:00	2037.22	2037.39	2036.69	2036.69	137	0	0
2024.02.29	11:02:00	2036.71	2037.09	2036.59	2036.68	120	0	0
2024.02.29	11:03:00	2036.69	2037.04	2036.62	2036.80	98	0	0
2024.02.29	11:04:00	2036.79	2037.13	2036.73	2037.03	94	0	0
2024.02.29	11:05:00	2037.10	2037.10	2036.85	2036.98	90	0	0
2024.02.29	11:06:00	2036.97	2036.97	2036.35	2036.68	101	0	0
2024.02.29	11:07:00	2036.67	2036.94	2036.63	2036.69	82	0	0
2024.02.29	11:08:00	2036.68	2036.70	2036.38	2036.54	73	0	0
2024.02.29	11:09:00	2036.56	2036.66	2036.37	2036.58	73	0	0
2024.02.29	11:10:00	2036.59	2036.62	2036.42	2036.57	41	0	0
2024.02.29	11:11:00	2036.54	2036.72	2036.54	2036.69	66	0	0
2024.02.29	11:12:00	2036.70	2036.83	2036.60	2036.70	55	0	0
2024.02.29	11:13:00	2036.71	2036.79	2036.33	2036.33	72	0	0
2024.02.29	11:14:00	2036.34	2036.40	2036.25	2036.31	38	0	0
2024.02.29	11:15:00	2036.30	2036.42	2036.22	2036.32	36	0	0
2024.02.29	11:16:00	2036.31	2036.37	2036.20	2036.26	52	0	0
2024.02.29	11:17:00	2036.27	2036.27	2035.83	2035.92	60	0	0
2024.02.29	11:18:00	2035.91	2035.91	2035.64	2035.71	83	0	0
2024.02.29	11:19:00	2035.69	2035.73	2035.39	2035.51	94	0	0
2024.02.29	11:20:00	2035.52	2035.56	2035.35	2035.50	76	0	0
2024.02.29	11:21:00	2035.46	2035.54	2035.38	2035.48	71	0	0
2024.02.29	11:22:00	2035.49	2035.57	2035.32	2035.40	73	0	0
2024.02.29	11:23:00	2035.39	2035.42	2035.17	2035.25	47	0	0
2024.02.29	11:24:00	2035.26	2035.52	2035.17	2035.49	68	0	0
2024.02.29	11:25:00	2035.50	2035.80	2035.36	2035.80	65	0	0
2024.02.29	11:26:00	2035.81	2036.08	2035.72	2036.00	71	0	0
2024.02.29	11:27:00	2036.01	2036.01	2035.50	2035.75	57	0	0
2024.02.29	11:28:00	2035.74	2035.87	2035.69	2035.80	68	0	0
2024.02.29	11:29:00	2035.78	2035.87	2035.67	2035.74	40	0	0
2024.02.29	11:30:00	2035.76	2035.99	2035.74	2035.99	38	0	0
2024.02.29	11:31:00	2035.98	2036.04	2035.71	2035.85	54	0	0
2024.02.29	11:32:00	2035.87	2035.89	2035.66	2035.72	88	0	0
2024.02.29	11:33:00	2035.72	2035.78	2035.57	2035.68	64	0	0
2024.02.29	11:34:00	2035.61	2035.61	2035.45	2035.51	64	0	0
2024.02.29	11:35:00	2035.53	2035.69	2035.42	2035.64	60	0	0
2024.02.29	11:36:00	2035.62	2035.62	2035.39	2035.58	41	0	0
2024.02.29	11:37:00	2035.52	2035.57	2035.39	2035.56	54	0	0
2024.02.29	11:38:00	2035.53	2035.58	2035.26	2035.26	64	0	0
2024.02.29	11:39:00	2035.25	2035.26	2034.87	2035.12	91	0	0
2024.02.29	11:40:00	2035.10	2035.13	2034.99	2035.05	64	0	0
2024.02.29	11:41:00	2035.04	2035.11	2034.89	2035.01	69	0	0
2024.02.29	11:42:00	2035.01	2035.32	2034.99	2035.29	80	0	0
2024.02.29	11:43:00	2035.30	2035.30	2035.09	2035.11	42	0	0
2024.02.29	11:44:00	2035.12	2035.29	2035.09	2035.24	38	0	0
2024.02.29	11:45:00	2035.29	2035.29	2034.97	2034.99	41	0	0
2024.02.29	11:46:00	2034.98	2034.98	2034.58	2034.59	55	0	0
2024.02.29	11:47:00	2034.60	2034.77	2034.35	2034.35	80	0	0
2024.02.29	11:48:00	2034.35	2034.43	2034.07	2034.20	87	0	0
2024.02.29	11:49:00	2034.21	2034.59	2034.08	2034.58	123	0	0
2024.02.29	11:50:00	2034.59	2034.59	2034.13	2034.13	98	0	0
2024.02.29	11:51:00	2034.14	2034.49	2034.11	2034.17	137	0	0
2024.02.29	11:52:00	2034.16	2034.60	2034.07	2034.60	106	0	0
2024.02.29	11:53:00	2034.59	2034.70	2034.44	2034.67	94	0	0
2024.02.29	11:54:00	2034.67	2034.90	2034.66	2034.89	100	0	0
2024.02.29	11:55:00	2034.88	2035.09	2034.80	2034.97	97	0	0
2024.02.29	11:56:00	2034.91	2035.08	2034.81	2034.83	172	0	0
2024.02.29	11:57:00	2034.87	2034.88	2034.49	2034.57	130	0	0
2024.02.29	11:58:00	2034.58	2034.78	2034.53	2034.60	66	0	0
2024.02.29	11:59:00	2034.55	2034.69	2034.54	2034.60	79	0	0
2024.02.29	12:00:00	2034.61	2034.74	2034.54	2034.69	59	0	0
2024.02.29	12:01:00	2034.68	2034.69	2034.53	2034.58	47	0	0
2024.02.29	12:02:00	2034.59	2034.67	2034.15	2034.17	69	0	0
2024.02.29	12:03:00	2034.15	2034.59	2034.11	2034.55	132	0	0
2024.02.29	12:04:00	2034.58	2034.70	2034.53	2034.62	73	0	0
2024.02.29	12:05:00	2034.64	2034.84	2034.56	2034.80	50	0	0
2024.02.29	12:06:00	2034.84	2034.84	2034.67	2034.68	56	0	0
2024.02.29	12:07:00	2034.65	2034.80	2034.58	2034.73	48	0	0
2024.02.29	12:08:00	2034.77	2034.80	2034.57	2034.75	53	0	0
2024.02.29	12:09:00	2034.74	2034.77	2034.48	2034.59	46	0	0
2024.02.29	12:10:00	2034.55	2034.58	2034.34	2034.34	55	0	0
2024.02.29	12:11:00	2034.35	2034.40	2034.06	2034.06	74	0	0
2024.02.29	12:12:00	2034.05	2034.10	2033.99	2034.05	68	0	0
2024.02.29	12:13:00	2034.06	2034.23	2034.06	2034.09	43	0	0
2024.02.29	12:14:00	2034.08	2034.21	2033.99	2034.13	68	0	0
2024.02.29	12:15:00	2034.15	2034.19	2033.63	2033.63	54	0	0
2024.02.29	12:16:00	2033.64	2033.78	2033.38	2033.60	63	0	0
2024.02.29	12:17:00	2033.59	2033.59	2033.26	2033.41	65	0	0
2024.02.29	12:18:00	2033.40	2033.69	2033.32	2033.69	86	0	0
2024.02.29	12:19:00	2033.65	2033.93	2033.65	2033.93	73	0	0
2024.02.29	12:20:00	2033.92	2033.92	2033.74	2033.77	42	0	0
2024.02.29	12:21:00	2033.78	2033.80	2033.64	2033.78	48	0	0
2024.02.29	12:22:00	2033.77	2033.77	2033.46	2033.64	81	0	0
2024.02.29	12:23:00	2033.62	2033.62	2033.36	2033.40	73	0	0
2024.02.29	12:24:00	2033.40	2033.40	2033.07	2033.08	54	0	0
2024.02.29	12:25:00	2033.10	2033.12	2032.98	2033.09	59	0	0
2024.02.29	12:26:00	2033.06	2033.08	2032.75	2032.83	69	0	0
2024.02.29	12:27:00	2032.85	2032.94	2032.65	2032.94	97	0	0
2024.02.29	12:28:00	2032.93	2033.00	2032.76	2032.88	70	0	0
2024.02.29	12:29:00	2032.87	2032.87	2032.57	2032.61	88	0	0
2024.02.29	12:30:00	2032.59	2032.65	2032.42	2032.63	124	0	0
2024.02.29	12:31:00	2032.64	2033.03	2032.60	2032.91	65	0	0
2024.02.29	12:32:00	2032.93	2032.93	2032.70	2032.78	79	0	0
2024.02.29	12:33:00	2032.76	2032.89	2032.62	2032.67	57	0	0
2024.02.29	12:34:00	2032.66	2032.68	2032.44	2032.59	50	0	0
2024.02.29	12:35:00	2032.60	2032.62	2032.20	2032.35	85	0	0
2024.02.29	12:36:00	2032.37	2032.64	2032.21	2032.23	94	0	0
2024.02.29	12:37:00	2032.26	2032.32	2031.85	2031.94	92	0	0
2024.02.29	12:38:00	2031.91	2032.14	2031.83	2031.84	78	0	0
2024.02.29	12:39:00	2031.85	2031.88	2031.57	2031.76	86	0	0
2024.02.29	12:40:00	2031.79	2031.79	2031.29	2031.40	93	0	0
2024.02.29	12:41:00	2031.41	2031.66	2031.38	2031.59	84	0	0
2024.02.29	12:42:00	2031.62	2031.70	2031.41	2031.69	87	0	0
2024.02.29	12:43:00	2031.68	2031.98	2031.63	2031.70	91	0	0
2024.02.29	12:44:00	2031.72	2031.74	2031.58	2031.64	56	0	0
2024.02.29	12:45:00	2031.62	2031.62	2031.28	2031.36	109	0	0
2024.02.29	12:46:00	2031.36	2031.36	2030.93	2031.14	163	0	0
2024.02.29	12:47:00	2031.14	2031.14	2030.70	2030.83	107	0	0
2024.02.29	12:48:00	2030.82	2031.22	2030.69	2031.14	82	0	0
2024.02.29	12:49:00	2031.11	2031.30	2031.03	2031.30	91	0	0
2024.02.29	12:50:00	2031.29	2031.30	2030.75	2030.83	86	0	0
2024.02.29	12:51:00	2030.84	2030.84	2030.58	2030.64	105	0	0
2024.02.29	12:52:00	2030.63	2030.83	2030.53	2030.65	40	0	0
2024.02.29	12:53:00	2030.63	2031.03	2030.59	2031.01	68	0	0
2024.02.29	12:54:00	2031.00	2031.02	2030.84	2030.93	65	0	0
2024.02.29	12:55:00	2030.92	2030.96	2030.77	2030.87	79	0	0
2024.02.29	12:56:00	2030.86	2030.94	2030.67	2030.88	82	0	0
2024.02.29	12:57:00	2030.87	2030.87	2030.57	2030.70	65	0	0
2024.02.29	12:58:00	2030.69	2030.94	2030.67	2030.89	73	0	0
2024.02.29	12:59:00	2030.88	2031.00	2030.80	2030.82	75	0	0
2024.02.29	13:00:00	2030.81	2030.88	2030.66	2030.84	73	0	0
2024.02.29	13:01:00	2030.82	2030.95	2030.75	2030.80	65	0	0
2024.02.29	13:02:00	2030.80	2030.80	2030.57	2030.60	69	0	0
2024.02.29	13:03:00	2030.60	2030.62	2030.27	2030.47	118	0	0
2024.02.29	13:04:00	2030.46	2030.59	2030.29	2030.50	99	0	0
2024.02.29	13:05:00	2030.45	2030.87	2030.32	2030.87	90	0	0
2024.02.29	13:06:00	2030.94	2031.22	2030.81	2030.82	107	0	0
2024.02.29	13:07:00	2030.83	2030.85	2030.58	2030.83	87	0	0
2024.02.29	13:08:00	2030.87	2031.25	2030.87	2031.25	55	0	0
2024.02.29	13:09:00	2031.26	2031.44	2031.25	2031.39	89	0	0
2024.02.29	13:10:00	2031.38	2031.38	2031.10	2031.18	37	0	0
2024.02.29	13:11:00	2031.22	2031.49	2031.19	2031.33	95	0	0
2024.02.29	13:12:00	2031.34	2031.34	2031.09	2031.24	51	0	0
2024.02.29	13:13:00	2031.23	2031.49	2031.18	2031.32	71	0	0
2024.02.29	13:14:00	2031.35	2031.40	2031.19	2031.19	43	0	0
2024.02.29	13:15:00	2031.17	2031.25	2031.05	2031.05	33	0	0
2024.02.29	13:16:00	2031.02	2031.10	2030.97	2031.00	21	0	0
2024.02.29	13:17:00	2031.05	2031.25	2031.05	2031.19	56	0	0
2024.02.29	13:18:00	2031.20	2031.20	2031.00	2031.03	51	0	0
2024.02.29	13:19:00	2031.01	2031.01	2030.91	2030.94	27	0	0
2024.02.29	13:20:00	2030.97	2031.05	2030.90	2030.92	65	0	0
2024.02.29	13:21:00	2030.93	2031.07	2030.89	2031.02	22	0	0
2024.02.29	13:22:00	2031.00	2031.05	2030.94	2030.99	31	0	0
2024.02.29	13:23:00	2030.98	2030.98	2030.78	2030.97	39	0	0
2024.02.29	13:24:00	2031.00	2031.24	2030.97	2031.23	50	0	0
2024.02.29	13:25:00	2031.14	2031.65	2030.89	2031.62	120	0	0
2024.02.29	13:26:00	2031.61	2031.83	2031.46	2031.53	132	0	0
2024.02.29	13:27:00	2031.55	2031.76	2031.37	2031.61	128	0	0
2024.02.29	13:28:00	2031.64	2031.64	2031.05	2031.13	111	0	0
2024.02.29	13:29:00	2031.09	2031.12	2030.94	2031.02	56	0	0
2024.02.29	13:30:00	2031.01	2031.06	2030.84	2030.88	66	0	0
2024.02.29	13:31:00	2030.85	2031.07	2030.72	2030.72	77	0	0
2024.02.29	13:32:00	2030.71	2030.71	2030.15	2030.27	93	0	0
2024.02.29	13:33:00	2030.25	2030.33	2029.95	2030.03	97	0	0
2024.02.29	13:34:00	2030.01	2030.68	2029.94	2030.68	103	0	0
2024.02.29	13:35:00	2030.65	2030.93	2030.63	2030.84	61	0	0
2024.02.29	13:36:00	2030.81	2031.24	2030.73	2031.02	76	0	0
2024.02.29	13:37:00	2031.02	2031.07	2030.85	2030.99	58	0	0
2024.02.29	13:38:00	2030.99	2030.99	2030.71	2030.71	94	0	0
2024.02.29	13:39:00	2030.70	2030.70	2030.43	2030.56	57	0	0
2024.02.29	13:40:00	2030.53	2030.60	2030.44	2030.60	41	0	0
2024.02.29	13:41:00	2030.58	2030.59	2030.26	2030.27	58	0	0
2024.02.29	13:42:00	2030.26	2030.44	2030.18	2030.18	44	0	0
2024.02.29	13:43:00	2030.19	2030.36	2030.06	2030.34	42	0	0
2024.02.29	13:44:00	2030.35	2030.35	2029.60	2029.84	81	0	0
2024.02.29	13:45:00	2029.81	2029.97	2029.58	2029.66	115	0	0
2024.02.29	13:46:00	2029.66	2029.68	2029.17	2029.21	95	0	0
2024.02.29	13:47:00	2029.20	2029.45	2029.18	2029.27	98	0	0
2024.02.29	13:48:00	2029.27	2029.27	2028.83	2029.22	109	0	0
2024.02.29	13:49:00	2029.26	2029.72	2029.26	2029.62	90	0	0
2024.02.29	13:50:00	2029.64	2029.75	2029.50	2029.58	88	0	0
2024.02.29	13:51:00	2029.60	2029.80	2029.49	2029.78	78	0	0
2024.02.29	13:52:00	2029.77	2029.84	2029.64	2029.84	75	0	0
2024.02.29	13:53:00	2029.83	2030.01	2029.81	2030.01	41	0	0
2024.02.29	13:54:00	2030.00	2030.06	2029.79	2030.05	52	0	0
2024.02.29	13:55:00	2030.04	2030.05	2029.85	2029.92	49	0	0
2024.02.29	13:56:00	2029.90	2030.15	2029.81	2030.09	53	0	0
2024.02.29	13:57:00	2030.06	2030.22	2029.83	2030.09	85	0	0
2024.02.29	13:58:00	2030.07	2030.08	2029.85	2030.05	27	0	0
2024.02.29	13:59:00	2030.08	2030.37	2029.95	2030.34	51	0	0
2024.02.29	14:00:00	2030.33	2030.33	2029.98	2030.04	87	0	0
2024.02.29	14:01:00	2030.00	2030.07	2029.71	2029.78	53	0	0
2024.02.29	14:02:00	2029.77	2030.43	2029.76	2030.35	73	0	0
2024.02.29	14:03:00	2030.32	2030.32	2030.03	2030.16	82	0	0
2024.02.29	14:04:00	2030.14	2030.14	2029.94	2030.04	62	0	0
2024.02.29	14:05:00	2030.03	2030.07	2029.88	2029.88	52	0	0
2024.02.29	14:06:00	2029.90	2030.05	2029.74	2029.86	57	0	0
2024.02.29	14:07:00	2029.84	2030.07	2029.55	2029.56	68	0	0
2024.02.29	14:08:00	2029.54	2029.70	2029.39	2029.70	92	0	0
2024.02.29	14:09:00	2029.69	2029.69	2029.43	2029.45	72	0	0
2024.02.29	14:10:00	2029.47	2029.50	2029.34	2029.48	46	0	0
2024.02.29	14:11:00	2029.49	2029.53	2029.19	2029.44	34	0	0
2024.02.29	14:12:00	2029.49	2029.49	2029.21	2029.21	83	0	0
2024.02.29	14:13:00	2029.21	2029.31	2029.07	2029.31	57	0	0
2024.02.29	14:14:00	2029.30	2029.30	2029.09	2029.22	69	0	0
2024.02.29	14:15:00	2029.22	2029.56	2029.18	2029.50	93	0	0
2024.02.29	14:16:00	2029.48	2029.53	2029.41	2029.47	62	0	0
2024.02.29	14:17:00	2029.45	2029.45	2029.15	2029.19	60	0	0
2024.02.29	14:18:00	2029.18	2029.18	2029.03	2029.17	77	0	0
2024.02.29	14:19:00	2029.16	2029.18	2029.07	2029.09	40	0	0
2024.02.29	14:20:00	2029.06	2029.07	2028.80	2028.96	104	0	0
2024.02.29	14:21:00	2028.97	2028.97	2028.14	2028.15	126	0	0
2024.02.29	14:22:00	2028.14	2028.60	2028.10	2028.55	171	0	0
2024.02.29	14:23:00	2028.56	2028.79	2028.41	2028.50	125	0	0
2024.02.29	14:24:00	2028.53	2028.87	2028.28	2028.64	145	0	0
2024.02.29	14:25:00	2028.68	2029.07	2028.58	2029.04	105	0	0
2024.02.29	14:26:00	2028.96	2029.08	2028.93	2028.97	105	0	0
2024.02.29	14:27:00	2028.98	2029.21	2028.83	2029.16	89	0	0
2024.02.29	14:28:00	2029.17	2029.18	2028.94	2029.10	79	0	0
2024.02.29	14:29:00	2029.11	2029.20	2028.74	2028.78	44	0	0
2024.02.29	14:30:00	2028.77	2028.78	2028.58	2028.69	77	0	0
2024.02.29	14:31:00	2028.71	2028.88	2028.63	2028.75	59	0	0
2024.02.29	14:32:00	2028.74	2029.06	2028.73	2028.78	51	0	0
2024.02.29	14:33:00	2028.79	2029.08	2028.79	2028.90	78	0	0
2024.02.29	14:34:00	2028.92	2029.08	2028.59	2029.08	99	0	0
2024.02.29	14:35:00	2029.24	2029.71	2029.24	2029.53	87	0	0
2024.02.29	14:36:00	2029.52	2029.56	2029.27	2029.27	67	0	0
2024.02.29	14:37:00	2029.28	2029.47	2029.27	2029.44	85	0	0
2024.02.29	14:38:00	2029.46	2029.74	2029.40	2029.73	92	0	0
2024.02.29	14:39:00	2029.75	2029.80	2029.54	2029.72	68	0	0
2024.02.29	14:40:00	2029.71	2029.90	2029.66	2029.88	32	0	0
2024.02.29	14:41:00	2029.89	2030.19	2029.80	2030.19	60	0	0
2024.02.29	14:42:00	2030.17	2030.49	2030.10	2030.40	96	0	0
2024.02.29	14:43:00	2030.39	2030.41	2029.98	2030.10	112	0	0
2024.02.29	14:44:00	2030.11	2030.34	2029.99	2030.28	88	0	0
2024.02.29	14:45:00	2030.30	2030.30	2030.09	2030.13	62	0	0
2024.02.29	14:46:00	2030.11	2030.25	2029.74	2029.87	89	0	0
2024.02.29	14:47:00	2029.81	2030.10	2029.79	2030.01	65	0	0
2024.02.29	14:48:00	2029.99	2030.24	2029.89	2030.19	53	0	0
2024.02.29	14:49:00	2030.17	2030.27	2030.06	2030.10	57	0	0
2024.02.29	14:50:00	2030.13	2030.35	2030.01	2030.35	81	0	0
2024.02.29	14:51:00	2030.36	2030.56	2030.32	2030.55	61	0	0
2024.02.29	14:52:00	2030.56	2030.56	2030.32	2030.32	55	0	0
2024.02.29	14:53:00	2030.33	2030.53	2030.28	2030.38	67	0	0
2024.02.29	14:54:00	2030.36	2030.36	2030.19	2030.23	44	0	0
2024.02.29	14:55:00	2030.25	2030.50	2030.20	2030.50	53	0	0
2024.02.29	14:56:00	2030.49	2030.67	2030.21	2030.32	63	0	0
2024.02.29	14:57:00	2030.31	2030.35	2030.18	2030.23	60	0	0
2024.02.29	14:58:00	2030.21	2030.24	2029.91	2030.21	56	0	0
2024.02.29	14:59:00	2030.25	2030.34	2030.11	2030.28	67	0	0
2024.02.29	15:00:00	2030.31	2030.82	2030.27	2030.72	272	0	0
2024.02.29	15:01:00	2030.73	2031.55	2030.52	2031.27	252	0	0
2024.02.29	15:02:00	2031.29	2031.29	2030.54	2030.94	308	0	0
2024.02.29	15:03:00	2030.95	2031.32	2030.91	2031.14	265	0	0
2024.02.29	15:04:00	2031.15	2031.28	2030.47	2030.59	189	0	0
2024.02.29	15:05:00	2030.62	2030.67	2030.29	2030.32	195	0	0
2024.02.29	15:06:00	2030.33	2030.93	2030.27	2030.80	157	0	0
2024.02.29	15:07:00	2030.88	2031.09	2030.70	2030.88	165	0	0
2024.02.29	15:08:00	2030.90	2031.35	2030.85	2031.34	104	0	0
2024.02.29	15:09:00	2031.33	2031.34	2030.35	2030.80	139	0	0
2024.02.29	15:10:00	2030.79	2030.88	2030.56	2030.85	112	0	0
2024.02.29	15:11:00	2030.83	2031.15	2030.81	2030.94	83	0	0
2024.02.29	15:12:00	2030.91	2031.24	2030.88	2030.93	114	0	0
2024.02.29	15:13:00	2030.88	2031.28	2030.86	2031.27	99	0	0
2024.02.29	15:14:00	2031.26	2031.39	2031.13	2031.14	94	0	0
2024.02.29	15:15:00	2031.15	2031.71	2031.14	2031.71	99	0	0
2024.02.29	15:16:00	2031.70	2031.70	2031.39	2031.54	84	0	0
2024.02.29	15:17:00	2031.55	2031.63	2031.39	2031.50	95	0	0
2024.02.29	15:18:00	2031.49	2031.90	2031.49	2031.61	83	0	0
2024.02.29	15:19:00	2031.63	2031.98	2031.55	2031.98	95	0	0
2024.02.29	15:20:00	2032.01	2032.55	2031.98	2032.55	102	0	0
2024.02.29	15:21:00	2032.51	2032.75	2032.35	2032.46	97	0	0
2024.02.29	15:22:00	2032.43	2032.57	2032.23	2032.48	90	0	0
2024.02.29	15:23:00	2032.51	2033.03	2032.51	2032.88	129	0	0
2024.02.29	15:24:00	2032.89	2033.24	2032.69	2033.10	147	0	0
2024.02.29	15:25:00	2033.13	2033.18	2032.56	2032.80	191	0	0
2024.02.29	15:26:00	2032.82	2033.07	2032.77	2032.87	113	0	0
2024.02.29	15:27:00	2032.92	2033.65	2032.92	2033.53	148	0	0
2024.02.29	15:28:00	2033.52	2033.52	2032.50	2032.78	160	0	0
2024.02.29	15:29:00	2032.77	2032.86	2031.75	2031.93	186	0	0
2024.02.29	15:30:00	2031.93	2036.85	2031.25	2036.19	527	0	0
2024.02.29	15:31:00	2036.26	2039.76	2036.09	2039.67	511	0	0
2024.02.29	15:32:00	2039.68	2039.81	2037.74	2038.54	494	0	0
2024.02.29	15:33:00	2038.53	2039.48	2038.53	2039.29	456	0	0
2024.02.29	15:34:00	2039.33	2039.45	2037.03	2037.78	461	0	0
2024.02.29	15:35:00	2037.77	2040.28	2037.77	2039.50	467	0	0
2024.02.29	15:36:00	2039.49	2041.99	2039.16	2041.87	447	0	0
2024.02.29	15:37:00	2041.88	2043.27	2041.03	2041.79	397	0	0
2024.02.29	15:38:00	2041.78	2042.75	2041.29	2041.59	408	0	0
2024.02.29	15:39:00	2041.63	2042.30	2040.76	2040.94	380	0	0
2024.02.29	15:40:00	2040.97	2043.88	2040.86	2043.88	443	0	0
2024.02.29	15:41:00	2043.89	2043.94	2041.80	2042.05	433	0	0
2024.02.29	15:42:00	2042.06	2043.23	2042.06	2042.51	376	0	0
2024.02.29	15:43:00	2042.50	2042.93	2042.11	2042.71	341	0	0
2024.02.29	15:44:00	2042.79	2044.02	2042.54	2043.88	351	0	0
2024.02.29	15:45:00	2043.91	2046.50	2043.91	2045.57	490	0	0
2024.02.29	15:46:00	2045.56	2046.84	2045.46	2046.33	446	0	0
2024.02.29	15:47:00	2046.33	2046.33	2045.23	2045.40	378	0	0
2024.02.29	15:48:00	2045.42	2045.97	2044.84	2045.84	396	0	0
2024.02.29	15:49:00	2045.85	2046.49	2045.58	2046.41	360	0	0
2024.02.29	15:50:00	2046.41	2046.52	2044.83	2045.97	396	0	0
2024.02.29	15:51:00	2045.98	2047.57	2045.97	2046.95	400	0	0
2024.02.29	15:52:00	2046.98	2047.84	2046.12	2047.51	330	0	0
2024.02.29	15:53:00	2047.51	2048.34	2047.44	2048.25	362	0	0
2024.02.29	15:54:00	2048.24	2048.59	2047.72	2048.13	342	0	0
2024.02.29	15:55:00	2048.14	2048.21	2047.45	2047.70	368	0	0
2024.02.29	15:56:00	2047.65	2048.16	2047.56	2048.03	301	0	0
2024.02.29	15:57:00	2048.01	2048.71	2048.01	2048.48	300	0	0
2024.02.29	15:58:00	2048.48	2048.61	2047.87	2048.13	267	0	0
2024.02.29	15:59:00	2048.15	2048.43	2047.63	2047.66	246	0	0
2024.02.29	16:00:00	2047.67	2049.06	2047.67	2048.96	273	0	0
2024.02.29	16:01:00	2048.95	2049.07	2047.91	2048.12	259	0	0
2024.02.29	16:02:00	2048.13	2048.13	2046.95	2047.31	271	0	0
2024.02.29	16:03:00	2047.32	2047.45	2046.68	2046.72	283	0	0
2024.02.29	16:04:00	2046.71	2048.25	2046.71	2047.76	293	0	0
2024.02.29	16:05:00	2047.70	2047.72	2046.63	2047.03	356	0	0
2024.02.29	16:06:00	2047.04	2048.18	2046.99	2047.89	345	0	0
2024.02.29	16:07:00	2047.88	2048.61	2047.88	2048.13	234	0	0
2024.02.29	16:08:00	2048.12	2049.01	2048.09	2048.99	238	0	0
2024.02.29	16:09:00	2048.99	2049.36	2048.72	2049.15	279	0	0
2024.02.29	16:10:00	2049.16	2049.95	2049.16	2049.89	255	0	0
2024.02.29	16:11:00	2049.90	2050.33	2049.21	2049.28	288	0	0
2024.02.29	16:12:00	2049.27	2049.72	2049.14	2049.45	187	0	0
2024.02.29	16:13:00	2049.52	2049.96	2049.03	2049.13	191	0	0
2024.02.29	16:14:00	2049.16	2049.69	2049.03	2049.68	205	0	0
2024.02.29	16:15:00	2049.69	2049.69	2048.33	2048.34	226	0	0
2024.02.29	16:16:00	2048.38	2048.64	2048.29	2048.50	161	0	0
2024.02.29	16:17:00	2048.51	2048.98	2048.45	2048.68	229	0	0
2024.02.29	16:18:00	2048.71	2048.89	2048.37	2048.59	191	0	0
2024.02.29	16:19:00	2048.61	2048.67	2047.96	2048.10	220	0	0
2024.02.29	16:20:00	2048.15	2048.56	2047.85	2048.01	200	0	0
2024.02.29	16:21:00	2048.02	2048.34	2047.74	2048.14	181	0	0
2024.02.29	16:22:00	2048.15	2048.28	2048.05	2048.28	158	0	0
2024.02.29	16:23:00	2048.31	2048.41	2048.04	2048.16	204	0	0
2024.02.29	16:24:00	2048.18	2048.26	2047.88	2048.19	167	0	0
2024.02.29	16:25:00	2048.21	2048.52	2048.08	2048.30	141	0	0
2024.02.29	16:26:00	2048.21	2048.38	2048.09	2048.38	78	0	0
2024.02.29	16:27:00	2048.39	2048.86	2048.33	2048.73	136	0	0
2024.02.29	16:28:00	2048.72	2048.96	2048.42	2048.77	201	0	0
2024.02.29	16:29:00	2048.78	2048.79	2047.97	2048.04	205	0	0
2024.02.29	16:30:00	2048.07	2048.45	2047.46	2048.27	239	0	0
2024.02.29	16:31:00	2048.26	2048.45	2047.73	2048.34	197	0	0
2024.02.29	16:32:00	2048.38	2048.83	2048.23	2048.34	198	0	0
2024.02.29	16:33:00	2048.39	2048.89	2048.20	2048.42	172	0	0
2024.02.29	16:34:00	2048.36	2048.50	2047.18	2047.26	259	0	0
2024.02.29	16:35:00	2047.22	2047.50	2046.12	2046.32	330	0	0
2024.02.29	16:36:00	2046.33	2046.90	2045.97	2046.69	283	0	0
2024.02.29	16:37:00	2046.70	2046.80	2046.19	2046.51	218	0	0
2024.02.29	16:38:00	2046.48	2046.99	2046.28	2046.89	182	0	0
2024.02.29	16:39:00	2046.88	2047.01	2046.58	2046.59	174	0	0
2024.02.29	16:40:00	2046.59	2046.94	2046.33	2046.77	122	0	0
2024.02.29	16:41:00	2046.78	2046.92	2046.38	2046.41	134	0	0
2024.02.29	16:42:00	2046.46	2048.82	2046.46	2048.64	422	0	0
2024.02.29	16:43:00	2048.61	2049.45	2048.56	2049.40	297	0	0
2024.02.29	16:44:00	2049.37	2050.02	2049.32	2049.84	257	0	0
2024.02.29	16:45:00	2049.96	2050.35	2048.93	2049.33	310	0	0
2024.02.29	16:46:00	2049.32	2049.82	2049.14	2049.78	303	0	0
2024.02.29	16:47:00	2049.76	2050.02	2049.01	2049.48	288	0	0
2024.02.29	16:48:00	2049.47	2049.88	2049.05	2049.70	228	0	0
2024.02.29	16:49:00	2049.69	2049.97	2049.02	2049.09	231	0	0
2024.02.29	16:50:00	2049.11	2049.62	2048.83	2048.83	206	0	0
2024.02.29	16:51:00	2048.86	2048.97	2047.72	2047.91	242	0	0
2024.02.29	16:52:00	2047.90	2048.34	2047.53	2048.18	245	0	0
2024.02.29	16:53:00	2048.17	2048.87	2047.64	2047.77	235	0	0
2024.02.29	16:54:00	2047.77	2048.17	2047.30	2047.43	228	0	0
2024.02.29	16:55:00	2047.42	2047.76	2046.97	2047.32	229	0	0
2024.02.29	16:56:00	2047.35	2047.51	2047.09	2047.22	200	0	0
2024.02.29	16:57:00	2047.25	2047.74	2046.78	2047.33	208	0	0
2024.02.29	16:58:00	2047.36	2047.90	2047.14	2047.63	194	0	0
2024.02.29	16:59:00	2047.62	2047.83	2046.86	2047.81	246	0	0
2024.02.29	17:00:00	2047.98	2049.16	2047.98	2049.14	374	0	0
2024.02.29	17:01:00	2049.15	2049.93	2049.03	2049.21	375	0	0
2024.02.29	17:02:00	2049.22	2049.84	2048.92	2049.63	276	0	0
2024.02.29	17:03:00	2049.70	2049.71	2049.16	2049.71	233	0	0
2024.02.29	17:04:00	2049.76	2050.05	2049.55	2049.91	261	0	0
2024.02.29	17:05:00	2049.96	2050.65	2049.88	2050.54	250	0	0
2024.02.29	17:06:00	2050.55	2050.72	2050.21	2050.44	199	0	0
2024.02.29	17:07:00	2050.45	2050.54	2049.83	2050.12	241	0	0
2024.02.29	17:08:00	2050.13	2050.25	2048.38	2048.38	265	0	0
2024.02.29	17:09:00	2048.39	2049.16	2048.39	2048.90	217	0	0
2024.02.29	17:10:00	2048.96	2049.21	2048.34	2048.64	208	0	0
2024.02.29	17:11:00	2048.65	2048.84	2047.49	2047.83	231	0	0
2024.02.29	17:12:00	2047.88	2047.92	2047.11	2047.30	180	0	0
2024.02.29	17:13:00	2047.27	2048.18	2047.20	2048.02	246	0	0
2024.02.29	17:14:00	2048.00	2048.73	2047.98	2048.39	210	0	0
2024.02.29	17:15:00	2048.45	2048.69	2048.24	2048.50	180	0	0
2024.02.29	17:16:00	2048.52	2048.64	2047.85	2048.32	199	0	0
2024.02.29	17:17:00	2048.31	2049.08	2048.29	2048.89	191	0	0
2024.02.29	17:18:00	2048.93	2049.19	2048.34	2048.38	245	0	0
2024.02.29	17:19:00	2048.39	2048.58	2048.00	2048.15	182	0	0
2024.02.29	17:20:00	2048.17	2048.64	2047.95	2048.15	207	0	0
2024.02.29	17:21:00	2048.13	2048.17	2047.13	2047.19	279	0	0
2024.02.29	17:22:00	2047.28	2048.40	2047.28	2047.46	284	0	0
2024.02.29	17:23:00	2047.48	2048.14	2047.41	2048.11	226	0	0
2024.02.29	17:24:00	2048.11	2048.18	2047.49	2047.63	213	0	0
2024.02.29	17:25:00	2047.61	2047.79	2046.54	2047.31	220	0	0
2024.02.29	17:26:00	2047.33	2047.55	2047.17	2047.18	176	0	0
2024.02.29	17:27:00	2047.19	2048.05	2047.12	2048.05	168	0	0
2024.02.29	17:28:00	2048.04	2048.49	2047.98	2048.49	157	0	0
2024.02.29	17:29:00	2048.50	2049.10	2048.50	2048.76	175	0	0
2024.02.29	17:30:00	2048.80	2049.45	2048.80	2048.93	138	0	0
2024.02.29	17:31:00	2049.04	2049.81	2048.89	2048.92	183	0	0
2024.02.29	17:32:00	2048.96	2048.98	2048.37	2048.39	138	0	0
2024.02.29	17:33:00	2048.38	2049.12	2048.37	2049.01	153	0	0
2024.02.29	17:34:00	2049.03	2049.39	2048.82	2049.18	157	0	0
2024.02.29	17:35:00	2049.18	2049.98	2049.18	2049.43	189	0	0
2024.02.29	17:36:00	2049.44	2049.45	2048.67	2048.93	163	0	0
2024.02.29	17:37:00	2048.92	2049.15	2048.65	2049.13	116	0	0
2024.02.29	17:38:00	2049.13	2049.25	2048.72	2049.10	167	0	0
2024.02.29	17:39:00	2049.09	2049.30	2049.02	2049.27	107	0	0
2024.02.29	17:40:00	2049.30	2049.35	2048.71	2048.79	149	0	0
2024.02.29	17:41:00	2048.80	2049.27	2048.80	2049.17	96	0	0
2024.02.29	17:42:00	2049.18	2049.32	2048.37	2048.45	163	0	0
2024.02.29	17:43:00	2048.48	2048.58	2048.13	2048.22	139	0	0
2024.02.29	17:44:00	2048.20	2048.20	2047.41	2047.42	176	0	0
2024.02.29	17:45:00	2047.40	2048.10	2047.38	2047.89	160	0	0
2024.02.29	17:46:00	2047.94	2047.98	2047.36	2047.42	171	0	0
2024.02.29	17:47:00	2047.42	2047.76	2047.13	2047.64	184	0	0
2024.02.29	17:48:00	2047.65	2048.34	2047.63	2048.33	183	0	0
2024.02.29	17:49:00	2048.34	2048.90	2048.31	2048.77	166	0	0
2024.02.29	17:50:00	2048.79	2048.97	2048.52	2048.68	198	0	0
2024.02.29	17:51:00	2048.72	2048.77	2047.74	2047.94	186	0	0
2024.02.29	17:52:00	2047.95	2048.42	2047.95	2048.18	247	0	0
2024.02.29	17:53:00	2048.17	2048.53	2047.81	2048.25	233	0	0
2024.02.29	17:54:00	2048.26	2048.47	2048.02	2048.03	166	0	0
2024.02.29	17:55:00	2048.02	2048.55	2047.85	2048.40	248	0	0
2024.02.29	17:56:00	2048.41	2048.63	2047.82	2047.82	233	0	0
2024.02.29	17:57:00	2047.78	2048.18	2047.00	2048.13	301	0	0
2024.02.29	17:58:00	2048.12	2048.20	2047.60	2048.00	208	0	0
2024.02.29	17:59:00	2047.99	2048.16	2047.70	2048.15	194	0	0
2024.02.29	18:00:00	2048.16	2048.39	2047.92	2048.05	227	0	0
2024.02.29	18:01:00	2048.02	2048.07	2046.72	2046.93	217	0	0
2024.02.29	18:02:00	2046.91	2047.44	2046.91	2047.15	186	0	0
2024.02.29	18:03:00	2047.13	2047.23	2046.88	2047.22	151	0	0
2024.02.29	18:04:00	2047.21	2047.24	2046.36	2046.85	226	0	0
2024.02.29	18:05:00	2046.88	2047.25	2046.52	2047.19	181	0	0
2024.02.29	18:06:00	2047.20	2047.28	2046.78	2046.94	166	0	0
2024.02.29	18:07:00	2046.86	2046.94	2046.53	2046.53	126	0	0
2024.02.29	18:08:00	2046.47	2046.77	2046.21	2046.74	168	0	0
2024.02.29	18:09:00	2046.73	2047.06	2046.64	2046.93	177	0	0
2024.02.29	18:10:00	2046.91	2047.04	2046.73	2047.01	139	0	0
2024.02.29	18:11:00	2046.95	2047.15	2046.92	2047.05	128	0	0
2024.02.29	18:12:00	2047.08	2047.13	2046.67	2046.68	174	0	0
2024.02.29	18:13:00	2046.66	2046.73	2046.27	2046.37	167	0	0
2024.02.29	18:14:00	2046.38	2046.47	2045.32	2045.69	174	0	0
2024.02.29	18:15:00	2045.68	2046.27	2045.64	2046.21	218	0	0
2024.02.29	18:16:00	2046.22	2046.40	2045.90	2045.97	150	0	0
2024.02.29	18:17:00	2045.96	2045.96	2045.35	2045.51	173	0	0
2024.02.29	18:18:00	2045.51	2045.84	2045.43	2045.66	130	0	0
2024.02.29	18:19:00	2045.67	2045.80	2045.45	2045.70	133	0	0
2024.02.29	18:20:00	2045.66	2046.10	2045.46	2046.10	107	0	0
2024.02.29	18:21:00	2046.12	2046.12	2045.47	2045.69	115	0	0
2024.02.29	18:22:00	2045.68	2045.69	2044.87	2044.95	142	0	0
2024.02.29	18:23:00	2044.93	2045.11	2044.48	2045.01	220	0	0
2024.02.29	18:24:00	2045.02	2045.55	2045.02	2045.52	189	0	0
2024.02.29	18:25:00	2045.50	2045.93	2045.39	2045.73	179	0	0
2024.02.29	18:26:00	2045.74	2046.30	2045.71	2045.82	145	0	0
2024.02.29	18:27:00	2045.84	2045.91	2045.48	2045.70	112	0	0
2024.02.29	18:28:00	2045.73	2046.14	2045.39	2045.52	148	0	0
2024.02.29	18:29:00	2045.51	2045.57	2044.81	2044.81	150	0	0
2024.02.29	18:30:00	2044.80	2045.50	2044.54	2044.77	212	0	0
2024.02.29	18:31:00	2044.73	2044.84	2043.76	2044.00	187	0	0
2024.02.29	18:32:00	2044.01	2044.55	2043.92	2044.01	163	0	0
2024.02.29	18:33:00	2043.99	2044.72	2043.92	2044.39	142	0	0
2024.02.29	18:34:00	2044.40	2044.97	2044.31	2044.90	170	0	0
2024.02.29	18:35:00	2044.88	2045.40	2044.71	2045.01	165	0	0
2024.02.29	18:36:00	2045.05	2045.38	2044.78	2045.27	90	0	0
2024.02.29	18:37:00	2045.28	2045.56	2044.93	2044.93	103	0	0
2024.02.29	18:38:00	2044.92	2045.02	2044.62	2044.91	115	0	0
2024.02.29	18:39:00	2044.91	2045.42	2044.77	2045.12	164	0	0
2024.02.29	18:40:00	2045.10	2045.17	2044.74	2044.91	128	0	0
2024.02.29	18:41:00	2044.92	2045.62	2044.91	2045.61	124	0	0
2024.02.29	18:42:00	2045.59	2045.86	2045.39	2045.52	109	0	0
2024.02.29	18:43:00	2045.50	2045.60	2045.23	2045.32	100	0	0
2024.02.29	18:44:00	2045.44	2045.48	2044.99	2045.39	130	0	0
2024.02.29	18:45:00	2045.40	2045.54	2045.20	2045.22	80	0	0
2024.02.29	18:46:00	2045.25	2045.80	2045.25	2045.78	106	0	0
2024.02.29	18:47:00	2045.79	2046.28	2045.79	2046.13	104	0	0
2024.02.29	18:48:00	2046.09	2046.20	2045.59	2045.80	103	0	0
2024.02.29	18:49:00	2045.82	2046.18	2045.63	2046.09	101	0	0
2024.02.29	18:50:00	2046.08	2046.48	2046.03	2046.39	116	0	0
2024.02.29	18:51:00	2046.40	2046.47	2046.07	2046.07	86	0	0
2024.02.29	18:52:00	2046.13	2046.52	2045.97	2046.04	102	0	0
2024.02.29	18:53:00	2046.04	2046.04	2045.80	2045.87	89	0	0
2024.02.29	18:54:00	2045.93	2046.09	2045.59	2045.59	58	0	0
2024.02.29	18:55:00	2045.65	2045.95	2045.60	2045.81	78	0	0
2024.02.29	18:56:00	2045.74	2046.00	2045.52	2045.52	122	0	0
2024.02.29	18:57:00	2045.51	2045.83	2045.42	2045.58	62	0	0
2024.02.29	18:58:00	2045.59	2045.59	2045.37	2045.39	42	0	0
2024.02.29	18:59:00	2045.37	2045.46	2044.88	2044.99	91	0	0
2024.02.29	19:00:00	2045.00	2045.50	2044.79	2045.28	193	0	0
2024.02.29	19:01:00	2045.24	2045.51	2045.19	2045.51	131	0	0
2024.02.29	19:02:00	2045.54	2045.54	2045.21	2045.33	70	0	0
2024.02.29	19:03:00	2045.32	2045.35	2045.09	2045.24	96	0	0
2024.02.29	19:04:00	2045.24	2045.38	2045.22	2045.30	90	0	0
2024.02.29	19:05:00	2045.30	2045.41	2045.17	2045.21	107	0	0
2024.02.29	19:06:00	2045.21	2045.21	2044.80	2044.89	92	0	0
2024.02.29	19:07:00	2044.93	2045.26	2044.89	2045.07	94	0	0
2024.02.29	19:08:00	2045.07	2045.15	2045.00	2045.09	22	0	0
2024.02.29	19:09:00	2045.08	2045.21	2044.90	2045.09	87	0	0
2024.02.29	19:10:00	2045.10	2045.18	2044.55	2044.63	115	0	0
2024.02.29	19:11:00	2044.61	2044.68	2044.30	2044.62	143	0	0
2024.02.29	19:12:00	2044.61	2044.69	2044.33	2044.60	70	0	0
2024.02.29	19:13:00	2044.57	2044.98	2044.53	2044.98	43	0	0
2024.02.29	19:14:00	2044.99	2045.39	2044.99	2045.39	58	0	0
2024.02.29	19:15:00	2045.46	2045.97	2045.40	2045.97	98	0	0
2024.02.29	19:16:00	2045.90	2046.02	2045.26	2045.31	119	0	0
2024.02.29	19:17:00	2045.27	2045.40	2045.10	2045.22	100	0	0
2024.02.29	19:18:00	2045.23	2045.46	2045.23	2045.28	56	0	0
2024.02.29	19:19:00	2045.27	2045.43	2044.89	2044.89	94	0	0
2024.02.29	19:20:00	2044.92	2045.26	2044.92	2045.26	67	0	0
2024.02.29	19:21:00	2045.25	2045.26	2045.01	2045.06	48	0	0
2024.02.29	19:22:00	2045.03	2045.21	2045.03	2045.11	59	0	0
2024.02.29	19:23:00	2045.10	2045.16	2044.94	2045.07	37	0	0
2024.02.29	19:24:00	2045.06	2045.33	2044.94	2045.14	51	0	0
2024.02.29	19:25:00	2045.12	2045.42	2045.01	2045.31	52	0	0
2024.02.29	19:26:00	2045.32	2045.45	2045.11	2045.28	62	0	0
2024.02.29	19:27:00	2045.32	2045.42	2045.08	2045.20	65	0	0
2024.02.29	19:28:00	2045.22	2045.22	2044.65	2044.65	68	0	0
2024.02.29	19:29:00	2044.64	2044.73	2044.30	2044.48	78	0	0
2024.02.29	19:30:00	2044.44	2044.46	2044.27	2044.34	35	0	0
2024.02.29	19:31:00	2044.27	2044.28	2044.08	2044.18	61	0	0
2024.02.29	19:32:00	2044.16	2044.16	2043.35	2043.44	86	0	0
2024.02.29	19:33:00	2043.44	2043.87	2043.37	2043.87	122	0	0
2024.02.29	19:34:00	2043.86	2044.15	2043.86	2043.96	71	0	0
2024.02.29	19:35:00	2043.95	2044.27	2043.85	2044.13	82	0	0
2024.02.29	19:36:00	2044.14	2044.26	2044.14	2044.23	55	0	0
2024.02.29	19:37:00	2044.22	2044.25	2043.89	2044.08	47	0	0
2024.02.29	19:38:00	2044.12	2044.42	2044.09	2044.42	55	0	0
2024.02.29	19:39:00	2044.44	2044.63	2044.42	2044.47	49	0	0
2024.02.29	19:40:00	2044.48	2044.73	2044.48	2044.55	60	0	0
2024.02.29	19:41:00	2044.57	2044.71	2044.44	2044.45	72	0	0
2024.02.29	19:42:00	2044.47	2044.62	2044.34	2044.48	64	0	0
2024.02.29	19:43:00	2044.44	2045.00	2044.42	2044.90	76	0	0
2024.02.29	19:44:00	2044.88	2044.88	2044.17	2044.25	145	0	0
2024.02.29	19:45:00	2044.24	2044.45	2044.01	2044.37	84	0	0
2024.02.29	19:46:00	2044.38	2044.45	2044.26	2044.35	53	0	0
2024.02.29	19:47:00	2044.38	2044.38	2044.17	2044.30	49	0	0
2024.02.29	19:48:00	2044.23	2044.62	2044.15	2044.40	84	0	0
2024.02.29	19:49:00	2044.39	2044.59	2043.92	2043.98	75	0	0
2024.02.29	19:50:00	2043.93	2044.10	2043.78	2044.04	42	0	0
2024.02.29	19:51:00	2043.99	2044.32	2043.94	2044.14	51	0	0
2024.02.29	19:52:00	2044.15	2044.84	2044.15	2044.80	72	0	0
2024.02.29	19:53:00	2044.81	2045.27	2044.81	2045.24	93	0	0
2024.02.29	19:54:00	2045.25	2045.77	2045.25	2045.44	108	0	0
2024.02.29	19:55:00	2045.36	2045.44	2045.06	2045.06	85	0	0
2024.02.29	19:56:00	2045.07	2045.45	2045.07	2045.43	92	0	0
2024.02.29	19:57:00	2045.42	2045.68	2045.19	2045.54	91	0	0
2024.02.29	19:58:00	2045.53	2045.68	2045.45	2045.68	32	0	0
2024.02.29	19:59:00	2045.71	2045.88	2045.65	2045.73	83	0	0
2024.02.29	20:00:00	2045.65	2045.67	2045.19	2045.43	90	0	0
2024.02.29	20:01:00	2045.44	2045.75	2045.44	2045.70	98	0	0
2024.02.29	20:02:00	2045.68	2046.14	2045.64	2045.92	69	0	0
2024.02.29	20:03:00	2045.93	2046.16	2045.89	2046.06	86	0	0
2024.02.29	20:04:00	2046.05	2046.23	2045.92	2046.11	98	0	0
2024.02.29	20:05:00	2046.12	2046.29	2045.94	2046.09	82	0	0
2024.02.29	20:06:00	2046.08	2046.08	2045.67	2045.94	88	0	0
2024.02.29	20:07:00	2045.99	2046.26	2045.95	2046.18	107	0	0
2024.02.29	20:08:00	2046.16	2046.16	2045.84	2045.86	53	0	0
2024.02.29	20:09:00	2045.91	2046.15	2045.80	2046.08	65	0	0
2024.02.29	20:10:00	2046.09	2046.19	2046.02	2046.04	59	0	0
2024.02.29	20:11:00	2046.08	2046.18	2045.87	2046.13	56	0	0
2024.02.29	20:12:00	2046.08	2046.60	2046.03	2046.43	70	0	0
2024.02.29	20:13:00	2046.39	2046.82	2046.39	2046.60	60	0	0
2024.02.29	20:14:00	2046.58	2046.59	2046.37	2046.59	68	0	0
2024.02.29	20:15:00	2046.58	2046.63	2046.28	2046.38	96	0	0
2024.02.29	20:16:00	2046.45	2046.51	2046.05	2046.11	81	0	0
2024.02.29	20:17:00	2046.12	2046.21	2045.91	2045.96	116	0	0
2024.02.29	20:18:00	2045.95	2045.95	2045.71	2045.82	102	0	0
2024.02.29	20:19:00	2045.81	2045.89	2045.46	2045.57	107	0	0
2024.02.29	20:20:00	2045.59	2046.13	2045.50	2045.92	123	0	0
2024.02.29	20:21:00	2045.89	2045.94	2045.62	2045.84	89	0	0
2024.02.29	20:22:00	2045.85	2045.94	2045.49	2045.53	112	0	0
2024.02.29	20:23:00	2045.54	2046.01	2045.51	2045.92	147	0	0
2024.02.29	20:24:00	2045.93	2046.22	2045.71	2045.77	175	0	0
2024.02.29	20:25:00	2045.76	2045.93	2045.71	2045.88	112	0	0
2024.02.29	20:26:00	2045.89	2046.52	2045.84	2046.19	141	0	0
2024.02.29	20:27:00	2046.22	2046.41	2046.07	2046.16	61	0	0
2024.02.29	20:28:00	2046.18	2046.55	2045.99	2046.46	85	0	0
2024.02.29	20:29:00	2046.45	2046.45	2045.78	2045.85	157	0	0
2024.02.29	20:30:00	2045.84	2045.86	2045.08	2045.48	112	0	0
2024.02.29	20:31:00	2045.40	2045.50	2045.11	2045.23	64	0	0
2024.02.29	20:32:00	2045.25	2045.98	2045.19	2045.98	59	0	0
2024.02.29	20:33:00	2045.99	2046.28	2045.95	2046.28	62	0	0
2024.02.29	20:34:00	2046.27	2046.34	2046.14	2046.24	54	0	0
2024.02.29	20:35:00	2046.21	2046.21	2046.07	2046.08	26	0	0
2024.02.29	20:36:00	2046.07	2046.07	2045.38	2045.39	61	0	0
2024.02.29	20:37:00	2045.38	2045.84	2045.38	2045.59	67	0	0
2024.02.29	20:38:00	2045.64	2045.87	2045.52	2045.52	51	0	0
2024.02.29	20:39:00	2045.53	2045.66	2045.49	2045.61	56	0	0
2024.02.29	20:40:00	2045.64	2045.64	2045.50	2045.58	42	0	0
2024.02.29	20:41:00	2045.53	2045.64	2045.49	2045.57	32	0	0
2024.02.29	20:42:00	2045.61	2045.77	2045.28	2045.37	47	0	0
2024.02.29	20:43:00	2045.30	2045.37	2045.10	2045.21	28	0	0
2024.02.29	20:44:00	2045.20	2045.43	2045.10	2045.43	54	0	0
2024.02.29	20:45:00	2045.42	2045.42	2045.20	2045.34	49	0	0
2024.02.29	20:46:00	2045.36	2045.39	2045.10	2045.18	42	0	0
2024.02.29	20:47:00	2045.17	2045.49	2045.14	2045.48	21	0	0
2024.02.29	20:48:00	2045.44	2045.62	2045.37	2045.52	43	0	0
2024.02.29	20:49:00	2045.53	2045.60	2045.39	2045.44	37	0	0
2024.02.29	20:50:00	2045.45	2045.96	2045.42	2045.96	42	0	0
2024.02.29	20:51:00	2045.97	2046.00	2045.72	2045.77	42	0	0
2024.02.29	20:52:00	2045.78	2046.08	2045.77	2046.05	48	0	0
2024.02.29	20:53:00	2046.06	2046.12	2045.98	2046.03	29	0	0
2024.02.29	20:54:00	2046.00	2046.33	2045.98	2046.30	45	0	0
2024.02.29	20:55:00	2046.32	2046.37	2046.24	2046.29	31	0	0
2024.02.29	20:56:00	2046.27	2046.28	2046.12	2046.23	39	0	0
2024.02.29	20:57:00	2046.25	2046.60	2046.25	2046.57	34	0	0
2024.02.29	20:58:00	2046.58	2046.58	2046.35	2046.51	83	0	0
2024.02.29	20:59:00	2046.50	2046.56	2046.26	2046.31	73	0	0
2024.02.29	21:00:00	2046.30	2046.53	2046.30	2046.31	64	0	0
2024.02.29	21:01:00	2046.32	2046.75	2046.32	2046.75	71	0	0
2024.02.29	21:02:00	2046.77	2046.90	2046.61	2046.61	65	0	0
2024.02.29	21:03:00	2046.62	2046.72	2046.58	2046.65	33	0	0
2024.02.29	21:04:00	2046.64	2046.79	2046.64	2046.69	44	0	0
2024.02.29	21:05:00	2046.70	2046.70	2046.20	2046.22	100	0	0
2024.02.29	21:06:00	2046.24	2046.62	2046.24	2046.48	77	0	0
2024.02.29	21:07:00	2046.37	2046.68	2046.33	2046.57	34	0	0
2024.02.29	21:08:00	2046.65	2046.78	2046.64	2046.69	42	0	0
2024.02.29	21:09:00	2046.68	2046.74	2046.62	2046.68	37	0	0
2024.02.29	21:10:00	2046.70	2046.74	2046.43	2046.53	42	0	0
2024.02.29	21:11:00	2046.54	2046.62	2046.27	2046.29	63	0	0
2024.02.29	21:12:00	2046.31	2046.44	2046.22	2046.22	57	0	0
2024.02.29	21:13:00	2046.17	2046.24	2045.94	2045.94	30	0	0
2024.02.29	21:14:00	2046.00	2046.13	2045.92	2046.03	36	0	0
2024.02.29	21:15:00	2046.01	2046.10	2046.01	2046.08	33	0	0
2024.02.29	21:16:00	2046.07	2046.32	2046.07	2046.12	42	0	0
2024.02.29	21:17:00	2046.10	2046.25	2046.10	2046.19	39	0	0
2024.02.29	21:18:00	2046.18	2046.20	2046.10	2046.19	44	0	0
2024.02.29	21:19:00	2046.20	2046.29	2045.95	2045.99	47	0	0
2024.02.29	21:20:00	2045.97	2046.06	2045.80	2045.95	57	0	0
2024.02.29	21:21:00	2045.96	2046.15	2045.82	2046.07	48	0	0
2024.02.29	21:22:00	2046.05	2046.20	2045.97	2046.19	26	0	0
2024.02.29	21:23:00	2046.23	2046.28	2046.14	2046.27	29	0	0
2024.02.29	21:24:00	2046.29	2046.32	2046.17	2046.26	40	0	0
2024.02.29	21:25:00	2046.27	2046.47	2046.27	2046.28	61	0	0
2024.02.29	21:26:00	2046.27	2046.28	2046.17	2046.25	33	0	0
2024.02.29	21:27:00	2046.26	2046.39	2046.23	2046.33	40	0	0
2024.02.29	21:28:00	2046.32	2046.58	2046.28	2046.44	61	0	0
2024.02.29	21:29:00	2046.42	2046.49	2046.36	2046.42	60	0	0
2024.02.29	21:30:00	2046.43	2046.57	2046.27	2046.56	65	0	0
2024.02.29	21:31:00	2046.52	2046.80	2046.46	2046.73	62	0	0
2024.02.29	21:32:00	2046.79	2046.80	2046.69	2046.78	42	0	0
2024.02.29	21:33:00	2046.75	2046.79	2046.63	2046.79	45	0	0
2024.02.29	21:34:00	2046.78	2046.79	2046.59	2046.67	37	0	0
2024.02.29	21:35:00	2046.66	2046.75	2046.62	2046.72	43	0	0
2024.02.29	21:36:00	2046.69	2046.71	2046.34	2046.34	40	0	0
2024.02.29	21:37:00	2046.33	2046.57	2046.28	2046.55	44	0	0
2024.02.29	21:38:00	2046.54	2046.55	2046.34	2046.34	42	0	0
2024.02.29	21:39:00	2046.35	2046.43	2046.19	2046.34	54	0	0
2024.02.29	21:40:00	2046.35	2046.50	2045.86	2045.90	62	0	0
2024.02.29	21:41:00	2045.88	2045.94	2045.27	2045.34	85	0	0
2024.02.29	21:42:00	2045.39	2045.45	2044.94	2044.95	50	0	0
2024.02.29	21:43:00	2044.92	2045.16	2044.85	2045.16	20	0	0
2024.02.29	21:44:00	2045.09	2045.16	2044.71	2044.71	55	0	0
2024.02.29	21:45:00	2044.69	2045.08	2044.67	2045.06	53	0	0
2024.02.29	21:46:00	2045.07	2045.43	2045.06	2045.42	66	0	0
2024.02.29	21:47:00	2045.36	2045.50	2045.21	2045.46	48	0	0
2024.02.29	21:48:00	2045.45	2045.45	2045.15	2045.33	38	0	0
2024.02.29	21:49:00	2045.29	2045.29	2044.99	2045.02	34	0	0
2024.02.29	21:50:00	2045.05	2045.12	2044.79	2044.94	40	0	0
2024.02.29	21:51:00	2044.92	2044.92	2044.73	2044.79	30	0	0
2024.02.29	21:52:00	2044.80	2044.80	2044.62	2044.62	26	0	0
2024.02.29	21:53:00	2044.50	2044.57	2044.42	2044.48	33	0	0
2024.02.29	21:54:00	2044.52	2044.61	2044.50	2044.50	6	0	0
2024.02.29	21:55:00	2044.46	2044.69	2044.03	2044.19	78	0	0
2024.02.29	21:56:00	2044.16	2044.52	2044.09	2044.33	55	0	0
2024.02.29	21:57:00	2044.31	2044.37	2044.28	2044.31	26	0	0
2024.02.29	21:58:00	2044.37	2044.38	2044.17	2044.31	50	0	0
2024.02.29	21:59:00	2044.30	2044.52	2044.22	2044.48	66	0	0
2024.02.29	22:00:00	2044.45	2045.05	2044.40	2045.05	92	0	0
2024.02.29	22:01:00	2045.02	2045.43	2044.94	2045.12	55	0	0
2024.02.29	22:02:00	2045.11	2045.17	2045.07	2045.13	18	0	0
2024.02.29	22:03:00	2045.10	2045.10	2044.80	2044.85	41	0	0
2024.02.29	22:04:00	2044.89	2045.16	2044.89	2045.07	24	0	0
2024.02.29	22:05:00	2045.04	2045.15	2045.04	2045.11	12	0	0
2024.02.29	22:06:00	2045.09	2045.09	2044.99	2045.00	21	0	0
2024.02.29	22:07:00	2044.97	2045.11	2044.94	2045.05	33	0	0
2024.02.29	22:08:00	2045.03	2045.04	2044.84	2045.03	30	0	0
2024.02.29	22:09:00	2045.01	2045.01	2044.88	2045.01	11	0	0
2024.02.29	22:10:00	2045.00	2045.09	2044.98	2045.09	38	0	0
2024.02.29	22:11:00	2045.08	2045.08	2044.99	2044.99	23	0	0
2024.02.29	22:12:00	2045.04	2045.11	2044.99	2044.99	14	0	0
2024.02.29	22:13:00	2044.98	2044.98	2044.87	2044.91	18	0	0
2024.02.29	22:14:00	2044.89	2044.92	2044.77	2044.84	22	0	0
2024.02.29	22:15:00	2044.82	2044.94	2044.80	2044.88	22	0	0
2024.02.29	22:16:00	2044.86	2045.03	2044.82	2045.01	45	0	0
2024.02.29	22:17:00	2045.00	2045.16	2044.94	2045.13	36	0	0
2024.02.29	22:18:00	2045.11	2045.20	2045.10	2045.20	32	0	0
2024.02.29	22:19:00	2045.19	2045.38	2045.19	2045.38	15	0	0
2024.02.29	22:20:00	2045.35	2045.48	2045.28	2045.48	20	0	0
2024.02.29	22:21:00	2045.47	2045.48	2045.30	2045.30	17	0	0
2024.02.29	22:22:00	2045.28	2045.38	2045.15	2045.28	46	0	0
2024.02.29	22:23:00	2045.24	2045.28	2045.18	2045.23	21	0	0
2024.02.29	22:24:00	2045.27	2045.39	2045.19	2045.37	31	0	0
2024.02.29	22:25:00	2045.33	2045.35	2045.18	2045.18	38	0	0
2024.02.29	22:26:00	2045.12	2045.19	2045.08	2045.19	18	0	0
2024.02.29	22:27:00	2045.01	2045.01	2044.64	2044.78	18	0	0
2024.02.29	22:28:00	2044.75	2044.81	2044.69	2044.71	17	0	0
2024.02.29	22:29:00	2044.70	2044.79	2044.50	2044.51	41	0	0
2024.02.29	22:30:00	2044.51	2044.51	2044.32	2044.37	40	0	0
2024.02.29	22:31:00	2044.36	2044.38	2044.28	2044.34	20	0	0
2024.02.29	22:32:00	2044.35	2044.38	2044.27	2044.27	8	0	0
2024.02.29	22:33:00	2044.36	2044.36	2044.00	2044.08	67	0	0
2024.02.29	22:34:00	2044.09	2044.34	2044.08	2044.20	51	0	0
2024.02.29	22:35:00	2044.19	2044.54	2044.17	2044.48	36	0	0
2024.02.29	22:36:00	2044.53	2044.58	2044.33	2044.33	27	0	0
2024.02.29	22:37:00	2044.35	2044.48	2044.29	2044.39	32	0	0
2024.02.29	22:38:00	2044.38	2044.42	2044.30	2044.42	33	0	0
2024.02.29	22:39:00	2044.41	2044.44	2044.38	2044.42	31	0	0
2024.02.29	22:40:00	2044.41	2044.42	2044.23	2044.25	32	0	0
2024.02.29	22:41:00	2044.33	2044.33	2044.13	2044.29	42	0	0
2024.02.29	22:42:00	2044.30	2044.34	2044.16	2044.16	48	0	0
2024.02.29	22:43:00	2044.18	2044.21	2044.01	2044.04	39	0	0
2024.02.29	22:44:00	2044.07	2044.14	2044.04	2044.06	31	0	0
2024.02.29	22:45:00	2044.05	2044.19	2044.03	2044.19	42	0	0
2024.02.29	22:46:00	2044.17	2044.17	2044.09	2044.09	20	0	0
2024.02.29	22:47:00	2044.10	2044.23	2044.09	2044.23	16	0	0
2024.02.29	22:48:00	2044.21	2044.23	2044.13	2044.13	14	0	0
2024.02.29	22:49:00	2044.20	2044.23	2044.14	2044.21	18	0	0
2024.02.29	22:50:00	2044.16	2044.19	2044.03	2044.03	29	0	0
2024.02.29	22:51:00	2044.02	2044.06	2043.74	2043.74	33	0	0
2024.02.29	22:52:00	2043.75	2044.06	2043.74	2044.05	98	0	0
2024.02.29	22:53:00	2044.05	2044.16	2043.98	2044.14	110	0	0
2024.02.29	22:54:00	2044.14	2044.15	2043.90	2044.09	121	0	0
2024.02.29	22:55:00	2044.09	2044.10	2043.78	2043.96	107	0	0
2024.02.29	22:56:00	2044.00	2044.17	2043.97	2043.98	110	0	0
2024.02.29	22:57:00	2043.99	2044.19	2043.89	2044.14	127	0	0
2024.02.29	22:58:00	2044.13	2044.30	2043.97	2044.23	91	0	0
2024.02.29	22:59:00	2044.27	2044.28	2043.88	2044.10	168	0	0
2024.02.29	23:00:00	2044.09	2044.28	2043.71	2043.81	174	0	0
2024.02.29	23:01:00	2043.81	2043.81	2043.44	2043.48	58	0	0
2024.02.29	23:02:00	2043.52	2043.66	2043.46	2043.65	75	0	0
2024.02.29	23:03:00	2043.62	2043.83	2043.56	2043.60	112	0	0
2024.02.29	23:04:00	2043.59	2043.72	2043.53	2043.63	63	0	0
2024.02.29	23:05:00	2043.64	2043.64	2043.43	2043.45	50	0	0
2024.02.29	23:06:00	2043.46	2043.46	2043.30	2043.32	53	0	0
2024.02.29	23:07:00	2043.31	2043.46	2043.30	2043.41	39	0	0
2024.02.29	23:08:00	2043.42	2043.48	2043.26	2043.42	60	0	0
2024.02.29	23:09:00	2043.40	2043.47	2043.34	2043.47	23	0	0
2024.02.29	23:10:00	2043.46	2043.49	2043.39	2043.39	16	0	0
2024.02.29	23:11:00	2043.36	2043.60	2043.36	2043.54	32	0	0
2024.02.29	23:12:00	2043.54	2043.54	2043.44	2043.54	29	0	0
2024.02.29	23:13:00	2043.55	2043.56	2043.50	2043.52	24	0	0
2024.02.29	23:14:00	2043.52	2043.65	2043.49	2043.63	29	0	0
2024.02.29	23:15:00	2043.60	2043.60	2043.46	2043.48	20	0	0
2024.02.29	23:16:00	2043.46	2043.46	2043.38	2043.38	9	0	0
2024.02.29	23:17:00	2043.35	2043.45	2043.32	2043.43	13	0	0
2024.02.29	23:18:00	2043.40	2043.44	2043.40	2043.44	4	0	0
2024.02.29	23:19:00	2043.45	2043.45	2043.35	2043.36	17	0	0
2024.02.29	23:20:00	2043.37	2043.59	2043.37	2043.57	41	0	0
2024.02.29	23:21:00	2043.58	2043.58	2043.52	2043.57	27	0	0
2024.02.29	23:22:00	2043.56	2043.67	2043.56	2043.66	8	0	0
2024.02.29	23:23:00	2043.65	2043.68	2043.57	2043.67	29	0	0
2024.02.29	23:24:00	2043.67	2043.79	2043.67	2043.79	20	0	0
2024.02.29	23:25:00	2043.80	2043.84	2043.68	2043.73	24	0	0
2024.02.29	23:26:00	2043.73	2043.74	2043.70	2043.70	5	0	0
2024.02.29	23:27:00	2043.74	2043.80	2043.69	2043.69	14	0	0
2024.02.29	23:28:00	2043.72	2043.74	2043.69	2043.69	6	0	0
2024.02.29	23:29:00	2043.71	2043.73	2043.60	2043.68	18	0	0
2024.02.29	23:30:00	2043.63	2043.63	2043.54	2043.58	6	0	0
2024.02.29	23:31:00	2043.56	2043.59	2043.54	2043.58	8	0	0
2024.02.29	23:32:00	2043.55	2043.55	2043.45	2043.46	23	0	0
2024.02.29	23:33:00	2043.48	2043.55	2043.46	2043.55	26	0	0
2024.02.29	23:34:00	2043.53	2043.53	2043.46	2043.48	19	0	0
2024.02.29	23:35:00	2043.45	2043.48	2043.34	2043.34	23	0	0
2024.02.29	23:36:00	2043.33	2043.34	2043.29	2043.30	26	0	0
2024.02.29	23:37:00	2043.28	2043.28	2043.15	2043.20	16	0	0
2024.02.29	23:38:00	2043.26	2043.30	2043.13	2043.15	29	0	0
2024.02.29	23:39:00	2043.15	2043.25	2043.14	2043.23	17	0	0
2024.02.29	23:40:00	2043.23	2043.23	2043.03	2043.05	25	0	0
2024.02.29	23:41:00	2043.06	2043.09	2042.89	2043.01	25	0	0
2024.02.29	23:42:00	2042.99	2043.19	2042.96	2043.18	14	0	0
2024.02.29	23:43:00	2043.20	2043.20	2043.20	2043.20	2	0	0
2024.02.29	23:44:00	2043.20	2043.20	2043.10	2043.18	21	0	0
2024.02.29	23:45:00	2043.19	2043.42	2043.10	2043.42	29	0	0
2024.02.29	23:46:00	2043.41	2043.55	2043.31	2043.46	35	0	0
2024.02.29	23:47:00	2043.50	2043.52	2043.39	2043.39	14	0	0
2024.02.29	23:48:00	2043.34	2043.53	2043.33	2043.53	21	0	0
2024.02.29	23:49:00	2043.52	2043.52	2043.42	2043.49	7	0	0
2024.02.29	23:50:00	2043.47	2043.49	2043.38	2043.48	10	0	0
2024.02.29	23:51:00	2043.49	2043.49	2043.49	2043.49	1	0	0
2024.02.29	23:52:00	2043.58	2043.78	2043.58	2043.78	23	0	0
2024.02.29	23:53:00	2043.77	2043.88	2043.77	2043.88	6	0	0
2024.02.29	23:54:00	2043.87	2043.90	2043.85	2043.88	9	0	0
2024.02.29	23:55:00	2043.64	2043.69	2043.58	2043.58	13	0	0
2024.02.29	23:56:00	2043.69	2043.79	2043.69	2043.79	16	0	0
2024.02.29	23:57:00	2043.78	2044.03	2043.78	2044.01	28	0	0
2024.02.29	23:58:00	2044.01	2044.22	2043.87	2044.10	51	0	0
2024.03.01	01:05:00	2043.46	2043.69	2043.39	2043.49	54	0	0
2024.03.01	01:06:00	2043.49	2043.53	2043.49	2043.49	30	0	0
2024.03.01	01:07:00	2043.49	2043.69	2043.39	2043.49	50	0	0
2024.03.01	01:08:00	2043.49	2043.63	2043.47	2043.60	34	0	0
2024.03.01	01:09:00	2043.62	2043.63	2043.56	2043.56	15	0	0
2024.03.01	01:10:00	2043.59	2043.77	2043.54	2043.58	25	0	0
2024.03.01	01:11:00	2043.57	2043.58	2043.51	2043.51	10	0	0
2024.03.01	01:12:00	2043.53	2043.61	2043.52	2043.57	27	0	0
2024.03.01	01:13:00	2043.57	2043.58	2043.54	2043.55	16	0	0
2024.03.01	01:15:00	2043.54	2043.58	2043.37	2043.37	22	0	0
2024.03.01	01:16:00	2043.37	2043.37	2043.34	2043.34	6	0	0
2024.03.01	01:17:00	2043.34	2043.34	2043.22	2043.28	19	0	0
2024.03.01	01:18:00	2043.28	2043.39	2043.28	2043.39	12	0	0
2024.03.01	01:19:00	2043.39	2043.41	2043.29	2043.32	21	0	0
2024.03.01	01:20:00	2043.30	2043.41	2043.25	2043.40	40	0	0
2024.03.01	01:21:00	2043.40	2043.40	2043.09	2043.14	44	0	0
2024.03.01	01:22:00	2043.12	2043.12	2042.92	2043.09	30	0	0
2024.03.01	01:23:00	2043.09	2043.19	2043.03	2043.09	11	0	0
2024.03.01	01:24:00	2043.09	2043.29	2043.09	2043.29	13	0	0
2024.03.01	01:25:00	2043.29	2043.53	2043.29	2043.53	25	0	0
2024.03.01	01:26:00	2043.55	2043.55	2043.39	2043.42	24	0	0
2024.03.01	01:27:00	2043.44	2043.58	2043.39	2043.58	22	0	0
2024.03.01	01:28:00	2043.56	2043.66	2043.52	2043.57	18	0	0
2024.03.01	01:29:00	2043.59	2043.60	2043.43	2043.46	21	0	0
2024.03.01	01:30:00	2043.41	2043.47	2043.32	2043.33	30	0	0
2024.03.01	01:31:00	2043.31	2043.39	2043.29	2043.39	16	0	0
2024.03.01	01:32:00	2043.39	2043.39	2043.29	2043.39	25	0	0
2024.03.01	01:33:00	2043.39	2043.46	2043.29	2043.44	26	0	0
2024.03.01	01:34:00	2043.45	2043.46	2043.33	2043.34	34	0	0
2024.03.01	01:35:00	2043.34	2043.59	2043.34	2043.54	23	0	0
2024.03.01	01:36:00	2043.57	2043.63	2043.56	2043.58	25	0	0
2024.03.01	01:37:00	2043.59	2043.63	2043.58	2043.60	16	0	0
2024.03.01	01:38:00	2043.59	2043.64	2043.57	2043.61	17	0	0
2024.03.01	01:39:00	2043.63	2043.77	2043.63	2043.74	16	0	0
2024.03.01	01:40:00	2043.75	2043.86	2043.71	2043.81	33	0	0
2024.03.01	01:41:00	2043.80	2043.81	2043.69	2043.71	13	0	0
2024.03.01	01:42:00	2043.70	2043.71	2043.63	2043.64	46	0	0
2024.03.01	01:43:00	2043.63	2043.66	2043.59	2043.59	20	0	0
2024.03.01	01:44:00	2043.60	2043.64	2043.45	2043.51	32	0	0
2024.03.01	01:45:00	2043.50	2043.68	2043.35	2043.65	57	0	0
2024.03.01	01:46:00	2043.65	2043.87	2043.63	2043.83	55	0	0
2024.03.01	01:47:00	2043.84	2043.85	2043.79	2043.84	22	0	0
2024.03.01	01:48:00	2043.82	2043.87	2043.77	2043.85	18	0	0
2024.03.01	01:49:00	2043.84	2043.85	2043.78	2043.79	36	0	0
2024.03.01	01:50:00	2043.80	2043.84	2043.75	2043.76	30	0	0
2024.03.01	01:51:00	2043.77	2043.86	2043.76	2043.86	11	0	0
2024.03.01	01:52:00	2043.87	2043.87	2043.74	2043.85	23	0	0
2024.03.01	01:53:00	2043.91	2044.01	2043.78	2043.86	30	0	0
2024.03.01	01:54:00	2043.87	2043.97	2043.76	2043.86	37	0	0
2024.03.01	01:55:00	2043.92	2044.03	2043.88	2043.99	52	0	0
2024.03.01	01:56:00	2044.00	2044.03	2043.88	2043.98	70	0	0
2024.03.01	01:57:00	2043.97	2044.00	2043.86	2043.93	36	0	0
2024.03.01	01:58:00	2043.95	2044.20	2043.95	2044.20	43	0	0
2024.03.01	01:59:00	2044.23	2044.31	2044.20	2044.25	42	0	0
2024.03.01	02:00:00	2044.24	2044.31	2043.92	2043.98	120	0	0
2024.03.01	02:01:00	2043.97	2044.02	2043.52	2043.52	106	0	0
2024.03.01	02:02:00	2043.51	2043.54	2043.32	2043.48	82	0	0
2024.03.01	02:03:00	2043.49	2043.49	2042.91	2042.94	69	0	0
2024.03.01	02:04:00	2042.91	2043.04	2042.89	2042.91	102	0	0
2024.03.01	02:05:00	2042.94	2043.30	2042.94	2043.29	43	0	0
2024.03.01	02:06:00	2043.25	2043.28	2043.21	2043.28	28	0	0
2024.03.01	02:07:00	2043.29	2043.38	2043.26	2043.26	27	0	0
2024.03.01	02:08:00	2043.27	2043.67	2043.27	2043.60	33	0	0
2024.03.01	02:09:00	2043.59	2043.65	2043.45	2043.50	33	0	0
2024.03.01	02:10:00	2043.52	2043.55	2043.47	2043.50	7	0	0
2024.03.01	02:11:00	2043.49	2043.75	2043.49	2043.70	24	0	0
2024.03.01	02:12:00	2043.69	2043.69	2043.53	2043.54	35	0	0
2024.03.01	02:13:00	2043.54	2043.77	2043.54	2043.73	23	0	0
2024.03.01	02:14:00	2043.74	2043.95	2043.64	2043.92	47	0	0
2024.03.01	02:15:00	2043.97	2043.98	2043.82	2043.92	36	0	0
2024.03.01	02:16:00	2043.87	2044.08	2043.82	2043.85	63	0	0
2024.03.01	02:17:00	2043.87	2043.94	2043.77	2043.82	21	0	0
2024.03.01	02:18:00	2043.81	2043.85	2043.70	2043.83	30	0	0
2024.03.01	02:19:00	2043.81	2043.81	2043.57	2043.74	65	0	0
2024.03.01	02:20:00	2043.72	2043.81	2043.62	2043.67	41	0	0
2024.03.01	02:21:00	2043.66	2043.67	2043.50	2043.56	52	0	0
2024.03.01	02:22:00	2043.53	2043.61	2043.49	2043.52	21	0	0
2024.03.01	02:23:00	2043.46	2043.56	2043.40	2043.52	38	0	0
2024.03.01	02:24:00	2043.53	2043.65	2043.49	2043.49	12	0	0
2024.03.01	02:25:00	2043.52	2043.62	2043.52	2043.61	8	0	0
2024.03.01	02:26:00	2043.57	2043.63	2043.53	2043.63	7	0	0
2024.03.01	02:27:00	2043.62	2043.65	2043.55	2043.58	16	0	0
2024.03.01	02:28:00	2043.56	2043.63	2043.50	2043.63	27	0	0
2024.03.01	02:29:00	2043.66	2043.69	2043.51	2043.51	20	0	0
2024.03.01	02:30:00	2043.50	2043.53	2043.41	2043.42	28	0	0
2024.03.01	02:31:00	2043.43	2043.43	2043.22	2043.29	37	0	0
2024.03.01	02:32:00	2043.31	2043.31	2043.13	2043.17	34	0	0
2024.03.01	02:33:00	2043.18	2043.32	2043.16	2043.30	24	0	0
2024.03.01	02:34:00	2043.31	2043.37	2043.24	2043.32	40	0	0
2024.03.01	02:35:00	2043.31	2043.32	2043.21	2043.29	35	0	0
2024.03.01	02:36:00	2043.22	2043.23	2043.01	2043.23	46	0	0
2024.03.01	02:37:00	2043.24	2043.27	2042.91	2042.98	29	0	0
2024.03.01	02:38:00	2042.98	2042.98	2042.95	2042.97	17	0	0
2024.03.01	02:39:00	2042.99	2043.05	2042.86	2043.01	80	0	0
2024.03.01	02:40:00	2043.01	2043.21	2042.91	2043.21	50	0	0
2024.03.01	02:41:00	2043.25	2043.25	2043.14	2043.24	26	0	0
2024.03.01	02:42:00	2043.22	2043.40	2043.17	2043.20	32	0	0
2024.03.01	02:43:00	2043.19	2043.34	2043.17	2043.33	30	0	0
2024.03.01	02:44:00	2043.32	2043.45	2043.31	2043.42	35	0	0
2024.03.01	02:45:00	2043.43	2043.52	2043.34	2043.48	44	0	0
2024.03.01	02:46:00	2043.46	2043.48	2043.20	2043.30	40	0	0
2024.03.01	02:47:00	2043.35	2043.38	2043.25	2043.35	21	0	0
2024.03.01	02:48:00	2043.36	2043.41	2043.35	2043.37	25	0	0
2024.03.01	02:49:00	2043.35	2043.53	2043.35	2043.50	31	0	0
2024.03.01	02:50:00	2043.56	2043.62	2043.42	2043.62	34	0	0
2024.03.01	02:51:00	2043.63	2043.63	2043.51	2043.60	37	0	0
2024.03.01	02:52:00	2043.61	2043.85	2043.61	2043.78	36	0	0
2024.03.01	02:53:00	2043.77	2043.82	2043.60	2043.73	77	0	0
2024.03.01	02:54:00	2043.74	2043.79	2043.57	2043.69	76	0	0
2024.03.01	02:55:00	2043.68	2044.05	2043.62	2044.04	52	0	0
2024.03.01	02:56:00	2043.99	2044.03	2043.92	2044.02	40	0	0
2024.03.01	02:57:00	2044.01	2044.10	2043.89	2043.98	60	0	0
2024.03.01	02:58:00	2043.97	2043.98	2043.81	2043.84	50	0	0
2024.03.01	02:59:00	2043.83	2044.12	2043.78	2043.78	57	0	0
2024.03.01	03:00:00	2043.82	2044.26	2043.71	2044.09	220	0	0
2024.03.01	03:01:00	2044.09	2044.10	2043.68	2043.76	151	0	0
2024.03.01	03:02:00	2043.77	2043.88	2043.64	2043.73	97	0	0
2024.03.01	03:03:00	2043.74	2043.75	2043.25	2043.49	121	0	0
2024.03.01	03:04:00	2043.49	2043.66	2043.38	2043.48	121	0	0
2024.03.01	03:05:00	2043.48	2043.48	2043.08	2043.26	123	0	0
2024.03.01	03:06:00	2043.25	2043.43	2043.18	2043.37	75	0	0
2024.03.01	03:07:00	2043.37	2043.47	2043.31	2043.37	160	0	0
2024.03.01	03:08:00	2043.39	2043.56	2043.39	2043.56	131	0	0
2024.03.01	03:09:00	2043.57	2043.61	2043.48	2043.53	70	0	0
2024.03.01	03:10:00	2043.58	2043.59	2043.46	2043.54	37	0	0
2024.03.01	03:11:00	2043.49	2043.63	2043.49	2043.58	45	0	0
2024.03.01	03:12:00	2043.57	2043.67	2043.57	2043.63	29	0	0
2024.03.01	03:13:00	2043.65	2043.76	2043.58	2043.67	61	0	0
2024.03.01	03:14:00	2043.68	2043.86	2043.60	2043.79	58	0	0
2024.03.01	03:15:00	2043.79	2043.96	2043.75	2043.96	34	0	0
2024.03.01	03:16:00	2043.97	2043.97	2043.74	2043.94	61	0	0
2024.03.01	03:17:00	2043.92	2043.95	2043.76	2043.83	31	0	0
2024.03.01	03:18:00	2043.84	2043.86	2043.83	2043.85	14	0	0
2024.03.01	03:19:00	2043.93	2043.94	2043.73	2043.94	25	0	0
2024.03.01	03:20:00	2043.98	2043.98	2043.85	2043.96	43	0	0
2024.03.01	03:21:00	2043.95	2044.15	2043.94	2044.04	57	0	0
2024.03.01	03:22:00	2044.02	2044.02	2043.80	2043.90	30	0	0
2024.03.01	03:23:00	2043.93	2043.93	2043.74	2043.78	47	0	0
2024.03.01	03:24:00	2043.76	2043.86	2043.64	2043.79	36	0	0
2024.03.01	03:25:00	2043.70	2043.82	2043.64	2043.73	44	0	0
2024.03.01	03:26:00	2043.69	2044.02	2043.69	2043.93	36	0	0
2024.03.01	03:27:00	2043.94	2044.12	2043.92	2044.04	28	0	0
2024.03.01	03:28:00	2044.06	2044.12	2044.03	2044.09	27	0	0
2024.03.01	03:29:00	2044.08	2044.13	2044.02	2044.05	18	0	0
2024.03.01	03:30:00	2044.03	2044.26	2043.96	2044.13	89	0	0
2024.03.01	03:31:00	2044.15	2044.24	2044.14	2044.24	45	0	0
2024.03.01	03:32:00	2044.25	2044.35	2044.19	2044.24	77	0	0
2024.03.01	03:33:00	2044.30	2044.32	2044.19	2044.23	80	0	0
2024.03.01	03:34:00	2044.22	2044.28	2044.03	2044.08	107	0	0
2024.03.01	03:35:00	2044.12	2044.43	2044.01	2044.43	70	0	0
2024.03.01	03:36:00	2044.49	2044.55	2044.44	2044.49	64	0	0
2024.03.01	03:37:00	2044.49	2044.77	2044.44	2044.69	36	0	0
2024.03.01	03:38:00	2044.69	2044.71	2044.43	2044.43	66	0	0
2024.03.01	03:39:00	2044.43	2044.45	2044.27	2044.34	50	0	0
2024.03.01	03:40:00	2044.36	2044.54	2044.25	2044.34	89	0	0
2024.03.01	03:41:00	2044.37	2044.39	2044.15	2044.37	72	0	0
2024.03.01	03:42:00	2044.36	2044.36	2044.14	2044.21	53	0	0
2024.03.01	03:43:00	2044.22	2044.32	2044.17	2044.18	58	0	0
2024.03.01	03:44:00	2044.17	2044.27	2044.13	2044.22	33	0	0
2024.03.01	03:45:00	2044.21	2044.34	2044.13	2044.28	30	0	0
2024.03.01	03:46:00	2044.30	2044.37	2044.23	2044.34	27	0	0
2024.03.01	03:47:00	2044.33	2044.38	2044.25	2044.38	80	0	0
2024.03.01	03:48:00	2044.36	2044.44	2044.18	2044.39	76	0	0
2024.03.01	03:49:00	2044.39	2044.39	2044.13	2044.18	48	0	0
2024.03.01	03:50:00	2044.13	2044.23	2044.09	2044.13	32	0	0
2024.03.01	03:51:00	2044.14	2044.24	2044.09	2044.16	31	0	0
2024.03.01	03:52:00	2044.15	2044.17	2044.06	2044.15	41	0	0
2024.03.01	03:53:00	2044.14	2044.22	2043.96	2044.03	27	0	0
2024.03.01	03:54:00	2044.01	2044.12	2043.95	2044.06	27	0	0
2024.03.01	03:55:00	2044.05	2044.18	2044.05	2044.07	27	0	0
2024.03.01	03:56:00	2044.05	2044.31	2044.05	2044.18	44	0	0
2024.03.01	03:57:00	2044.21	2044.35	2044.21	2044.29	35	0	0
2024.03.01	03:58:00	2044.26	2044.43	2044.23	2044.28	52	0	0
2024.03.01	03:59:00	2044.29	2044.36	2044.20	2044.34	47	0	0
2024.03.01	04:00:00	2044.33	2044.45	2044.24	2044.45	29	0	0
2024.03.01	04:01:00	2044.44	2044.50	2044.41	2044.43	40	0	0
2024.03.01	04:02:00	2044.41	2044.43	2044.31	2044.38	30	0	0
2024.03.01	04:03:00	2044.39	2044.40	2044.25	2044.27	15	0	0
2024.03.01	04:04:00	2044.26	2044.32	2044.20	2044.32	56	0	0
2024.03.01	04:05:00	2044.33	2044.34	2044.10	2044.27	57	0	0
2024.03.01	04:06:00	2044.30	2044.30	2044.10	2044.22	54	0	0
2024.03.01	04:07:00	2044.23	2044.36	2044.22	2044.34	28	0	0
2024.03.01	04:08:00	2044.34	2044.47	2044.32	2044.43	27	0	0
2024.03.01	04:09:00	2044.44	2044.52	2044.42	2044.52	23	0	0
2024.03.01	04:10:00	2044.50	2044.53	2044.44	2044.53	15	0	0
2024.03.01	04:11:00	2044.54	2044.56	2044.43	2044.52	32	0	0
2024.03.01	04:12:00	2044.72	2044.79	2044.72	2044.78	8	0	0
2024.03.01	04:13:00	2044.84	2045.19	2044.84	2045.14	48	0	0
2024.03.01	04:14:00	2045.13	2045.13	2045.03	2045.10	34	0	0
2024.03.01	04:15:00	2045.09	2045.14	2045.07	2045.08	23	0	0
2024.03.01	04:16:00	2045.06	2045.06	2044.77	2044.78	19	0	0
2024.03.01	04:17:00	2044.79	2044.89	2044.78	2044.83	25	0	0
2024.03.01	04:18:00	2044.81	2044.81	2044.68	2044.77	20	0	0
2024.03.01	04:19:00	2044.81	2044.89	2044.81	2044.87	17	0	0
2024.03.01	04:20:00	2044.83	2044.83	2044.76	2044.77	19	0	0
2024.03.01	04:21:00	2044.76	2044.98	2044.76	2044.98	24	0	0
2024.03.01	04:22:00	2044.97	2045.05	2044.93	2045.05	15	0	0
2024.03.01	04:23:00	2045.03	2045.10	2044.99	2045.04	27	0	0
2024.03.01	04:24:00	2045.03	2045.04	2044.89	2044.99	31	0	0
2024.03.01	04:25:00	2044.98	2045.04	2044.88	2045.04	21	0	0
2024.03.01	04:26:00	2045.00	2045.04	2044.92	2044.98	11	0	0
2024.03.01	04:27:00	2044.99	2045.10	2044.99	2045.00	19	0	0
2024.03.01	04:28:00	2045.03	2045.05	2044.99	2045.04	10	0	0
2024.03.01	04:29:00	2045.03	2045.08	2044.98	2045.04	29	0	0
2024.03.01	04:30:00	2045.06	2045.10	2045.03	2045.08	14	0	0
2024.03.01	04:31:00	2045.03	2045.27	2045.00	2045.27	46	0	0
2024.03.01	04:32:00	2045.25	2045.47	2045.21	2045.47	48	0	0
2024.03.01	04:33:00	2045.45	2045.54	2045.45	2045.49	30	0	0
2024.03.01	04:34:00	2045.50	2045.55	2045.37	2045.49	38	0	0
2024.03.01	04:35:00	2045.49	2045.68	2045.44	2045.45	43	0	0
2024.03.01	04:36:00	2045.42	2045.55	2045.40	2045.53	49	0	0
2024.03.01	04:37:00	2045.50	2045.75	2045.50	2045.65	43	0	0
2024.03.01	04:38:00	2045.66	2045.71	2045.64	2045.65	23	0	0
2024.03.01	04:39:00	2045.64	2045.73	2045.63	2045.72	47	0	0
2024.03.01	04:40:00	2045.71	2045.83	2045.63	2045.69	35	0	0
2024.03.01	04:41:00	2045.74	2045.93	2045.74	2045.87	53	0	0
2024.03.01	04:42:00	2045.88	2045.88	2045.69	2045.73	39	0	0
2024.03.01	04:43:00	2045.74	2045.93	2045.74	2045.93	28	0	0
2024.03.01	04:44:00	2045.93	2045.93	2045.72	2045.73	56	0	0
2024.03.01	04:45:00	2045.75	2045.78	2045.39	2045.45	63	0	0
2024.03.01	04:46:00	2045.46	2045.47	2045.16	2045.20	93	0	0
2024.03.01	04:47:00	2045.29	2045.58	2045.18	2045.52	95	0	0
2024.03.01	04:48:00	2045.51	2045.51	2045.23	2045.32	100	0	0
2024.03.01	04:49:00	2045.30	2045.51	2045.14	2045.51	81	0	0
2024.03.01	04:50:00	2045.56	2045.57	2045.22	2045.37	85	0	0
2024.03.01	04:51:00	2045.47	2045.58	2045.33	2045.57	52	0	0
2024.03.01	04:52:00	2045.48	2045.65	2045.48	2045.59	40	0	0
2024.03.01	04:53:00	2045.63	2045.65	2045.46	2045.50	46	0	0
2024.03.01	04:54:00	2045.51	2045.51	2045.32	2045.36	40	0	0
2024.03.01	04:55:00	2045.37	2045.59	2045.31	2045.37	49	0	0
2024.03.01	04:56:00	2045.38	2045.60	2045.32	2045.58	50	0	0
2024.03.01	04:57:00	2045.59	2045.59	2045.52	2045.56	25	0	0
2024.03.01	04:58:00	2045.57	2045.59	2045.46	2045.49	38	0	0
2024.03.01	04:59:00	2045.53	2045.54	2045.43	2045.43	34	0	0
2024.03.01	05:00:00	2045.43	2045.53	2045.42	2045.48	48	0	0
2024.03.01	05:01:00	2045.48	2045.57	2045.33	2045.56	41	0	0
2024.03.01	05:02:00	2045.57	2045.79	2045.48	2045.74	45	0	0
2024.03.01	05:03:00	2045.67	2045.71	2045.59	2045.62	36	0	0
2024.03.01	05:04:00	2045.59	2045.63	2045.53	2045.63	45	0	0
2024.03.01	05:05:00	2045.64	2045.83	2045.64	2045.74	64	0	0
2024.03.01	05:06:00	2045.74	2045.82	2045.73	2045.80	75	0	0
2024.03.01	05:07:00	2045.80	2046.02	2045.73	2045.97	59	0	0
2024.03.01	05:08:00	2046.02	2046.13	2045.83	2046.03	35	0	0
2024.03.01	05:09:00	2045.97	2045.98	2045.74	2045.79	42	0	0
2024.03.01	05:10:00	2045.83	2045.83	2045.65	2045.73	15	0	0
2024.03.01	05:11:00	2045.76	2045.95	2045.74	2045.95	39	0	0
2024.03.01	05:12:00	2045.96	2046.16	2045.86	2046.15	32	0	0
2024.03.01	05:13:00	2046.15	2046.21	2046.03	2046.15	50	0	0
2024.03.01	05:14:00	2046.16	2046.16	2046.02	2046.12	43	0	0
2024.03.01	05:15:00	2046.13	2046.26	2046.13	2046.14	27	0	0
2024.03.01	05:16:00	2046.15	2046.20	2046.15	2046.15	13	0	0
2024.03.01	05:17:00	2046.10	2046.34	2046.05	2046.34	33	0	0
2024.03.01	05:18:00	2046.35	2046.36	2046.24	2046.34	24	0	0
2024.03.01	05:19:00	2046.35	2046.43	2046.16	2046.23	40	0	0
2024.03.01	05:20:00	2046.17	2046.17	2045.99	2046.03	31	0	0
2024.03.01	05:21:00	2046.02	2046.02	2045.84	2045.89	33	0	0
2024.03.01	05:22:00	2045.93	2045.93	2045.84	2045.88	18	0	0
2024.03.01	05:23:00	2045.87	2046.04	2045.86	2045.97	37	0	0
2024.03.01	05:24:00	2045.98	2046.09	2045.93	2046.09	21	0	0
2024.03.01	05:25:00	2046.14	2046.25	2046.14	2046.19	30	0	0
2024.03.01	05:26:00	2046.18	2046.25	2046.01	2046.01	30	0	0
2024.03.01	05:27:00	2046.04	2046.07	2045.92	2045.98	43	0	0
2024.03.01	05:28:00	2045.95	2046.07	2045.94	2045.96	33	0	0
2024.03.01	05:29:00	2046.03	2046.03	2045.73	2045.89	37	0	0
2024.03.01	05:30:00	2045.96	2046.25	2045.94	2046.17	28	0	0
2024.03.01	05:31:00	2046.18	2046.22	2046.09	2046.22	28	0	0
2024.03.01	05:32:00	2046.20	2046.23	2046.10	2046.21	14	0	0
2024.03.01	05:33:00	2046.20	2046.20	2046.09	2046.09	10	0	0
2024.03.01	05:34:00	2046.06	2046.13	2045.96	2046.00	49	0	0
2024.03.01	05:35:00	2046.00	2046.02	2045.91	2045.97	29	0	0
2024.03.01	05:36:00	2045.96	2046.10	2045.89	2046.10	29	0	0
2024.03.01	05:37:00	2046.07	2046.11	2045.80	2045.81	26	0	0
2024.03.01	05:38:00	2045.82	2045.83	2045.75	2045.83	20	0	0
2024.03.01	05:39:00	2045.81	2045.90	2045.75	2045.80	28	0	0
2024.03.01	05:40:00	2045.79	2045.85	2045.75	2045.84	15	0	0
2024.03.01	05:41:00	2045.81	2045.89	2045.79	2045.88	8	0	0
2024.03.01	05:42:00	2045.89	2046.08	2045.88	2046.08	18	0	0
2024.03.01	05:43:00	2046.11	2046.38	2046.08	2046.38	33	0	0
2024.03.01	05:44:00	2046.37	2046.57	2046.37	2046.47	31	0	0
2024.03.01	05:45:00	2046.48	2046.55	2046.48	2046.51	17	0	0
2024.03.01	05:46:00	2046.50	2046.67	2046.49	2046.64	33	0	0
2024.03.01	05:47:00	2046.64	2046.85	2046.54	2046.54	46	0	0
2024.03.01	05:48:00	2046.50	2046.54	2046.38	2046.46	45	0	0
2024.03.01	05:49:00	2046.45	2046.48	2046.28	2046.28	23	0	0
2024.03.01	05:50:00	2046.23	2046.58	2046.19	2046.58	36	0	0
2024.03.01	05:51:00	2046.60	2046.85	2046.53	2046.79	42	0	0
2024.03.01	05:52:00	2046.78	2046.84	2046.72	2046.73	42	0	0
2024.03.01	05:53:00	2046.71	2046.71	2046.54	2046.63	24	0	0
2024.03.01	05:54:00	2046.59	2046.64	2046.44	2046.44	24	0	0
2024.03.01	05:55:00	2046.46	2046.53	2046.43	2046.43	16	0	0
2024.03.01	05:56:00	2046.48	2046.54	2046.37	2046.42	31	0	0
2024.03.01	05:57:00	2046.42	2046.43	2046.29	2046.32	20	0	0
2024.03.01	05:58:00	2046.34	2046.46	2046.34	2046.46	29	0	0
2024.03.01	05:59:00	2046.53	2046.67	2046.51	2046.62	19	0	0
2024.03.01	06:00:00	2046.61	2046.63	2046.35	2046.35	22	0	0
2024.03.01	06:01:00	2046.33	2046.34	2046.24	2046.24	34	0	0
2024.03.01	06:02:00	2046.25	2046.26	2046.19	2046.23	17	0	0
2024.03.01	06:03:00	2046.24	2046.32	2046.17	2046.24	23	0	0
2024.03.01	06:04:00	2046.22	2046.23	2046.14	2046.14	18	0	0
2024.03.01	06:05:00	2046.19	2046.22	2046.14	2046.20	15	0	0
2024.03.01	06:06:00	2046.21	2046.24	2046.19	2046.23	20	0	0
2024.03.01	06:07:00	2046.25	2046.25	2046.18	2046.18	18	0	0
2024.03.01	06:08:00	2046.19	2046.23	2046.13	2046.17	10	0	0
2024.03.01	06:09:00	2046.22	2046.23	2045.88	2045.88	34	0	0
2024.03.01	06:10:00	2045.89	2045.99	2045.88	2045.95	23	0	0
2024.03.01	06:11:00	2045.94	2046.02	2045.94	2046.02	16	0	0
2024.03.01	06:12:00	2046.06	2046.10	2046.03	2046.09	28	0	0
2024.03.01	06:13:00	2046.09	2046.25	2046.08	2046.24	46	0	0
2024.03.01	06:14:00	2046.24	2046.25	2046.22	2046.25	20	0	0
2024.03.01	06:15:00	2046.24	2046.33	2046.21	2046.22	31	0	0
2024.03.01	06:16:00	2046.22	2046.32	2046.22	2046.26	38	0	0
2024.03.01	06:17:00	2046.28	2046.29	2046.21	2046.27	27	0	0
2024.03.01	06:18:00	2046.23	2046.29	2046.22	2046.27	21	0	0
2024.03.01	06:19:00	2046.27	2046.27	2046.24	2046.25	13	0	0
2024.03.01	06:20:00	2046.23	2046.25	2046.16	2046.25	12	0	0
2024.03.01	06:21:00	2046.18	2046.23	2046.15	2046.18	9	0	0
2024.03.01	06:22:00	2046.23	2046.29	2046.18	2046.21	16	0	0
2024.03.01	06:23:00	2046.22	2046.26	2046.18	2046.18	25	0	0
2024.03.01	06:24:00	2046.23	2046.28	2046.23	2046.28	6	0	0
2024.03.01	06:25:00	2046.33	2046.49	2046.33	2046.49	10	0	0
2024.03.01	06:26:00	2046.48	2046.52	2046.40	2046.40	6	0	0
2024.03.01	06:27:00	2046.44	2046.45	2046.44	2046.45	4	0	0
2024.03.01	06:28:00	2046.41	2046.55	2046.41	2046.51	13	0	0
2024.03.01	06:29:00	2046.48	2046.48	2046.35	2046.37	8	0	0
2024.03.01	06:30:00	2046.35	2046.41	2046.31	2046.35	14	0	0
2024.03.01	06:31:00	2046.36	2046.36	2046.30	2046.36	12	0	0
2024.03.01	06:32:00	2046.27	2046.34	2046.23	2046.25	29	0	0
2024.03.01	06:33:00	2046.24	2046.39	2046.23	2046.37	38	0	0
2024.03.01	06:34:00	2046.33	2046.34	2046.26	2046.31	18	0	0
2024.03.01	06:35:00	2046.30	2046.38	2046.30	2046.38	8	0	0
2024.03.01	06:36:00	2046.36	2046.36	2046.31	2046.34	6	0	0
2024.03.01	06:37:00	2046.35	2046.38	2046.31	2046.35	6	0	0
2024.03.01	06:38:00	2046.33	2046.35	2046.25	2046.35	5	0	0
2024.03.01	06:39:00	2046.34	2046.34	2046.22	2046.29	13	0	0
2024.03.01	06:40:00	2046.37	2046.41	2046.33	2046.37	19	0	0
2024.03.01	06:41:00	2046.39	2046.39	2046.28	2046.28	7	0	0
2024.03.01	06:42:00	2046.23	2046.24	2046.17	2046.17	11	0	0
2024.03.01	06:43:00	2046.16	2046.16	2045.99	2045.99	7	0	0
2024.03.01	06:44:00	2045.89	2046.18	2045.89	2046.18	44	0	0
2024.03.01	06:45:00	2046.18	2046.23	2046.12	2046.23	29	0	0
2024.03.01	06:46:00	2046.27	2046.27	2046.10	2046.19	18	0	0
2024.03.01	06:47:00	2046.18	2046.19	2046.00	2046.06	20	0	0
2024.03.01	06:48:00	2046.08	2046.11	2046.00	2046.01	10	0	0
2024.03.01	06:49:00	2046.00	2046.01	2045.98	2046.00	5	0	0
2024.03.01	06:50:00	2046.04	2046.10	2045.97	2045.99	14	0	0
2024.03.01	06:51:00	2045.93	2045.93	2045.80	2045.80	36	0	0
2024.03.01	06:52:00	2045.78	2045.78	2045.34	2045.34	43	0	0
2024.03.01	06:53:00	2045.38	2045.51	2045.37	2045.48	35	0	0
2024.03.01	06:54:00	2045.47	2045.47	2045.34	2045.35	42	0	0
2024.03.01	06:55:00	2045.34	2045.45	2045.27	2045.41	16	0	0
2024.03.01	06:56:00	2045.40	2045.40	2045.34	2045.38	13	0	0
2024.03.01	06:57:00	2045.39	2045.45	2045.38	2045.44	8	0	0
2024.03.01	06:58:00	2045.46	2045.57	2045.46	2045.48	18	0	0
2024.03.01	06:59:00	2045.49	2045.50	2045.48	2045.48	10	0	0
2024.03.01	07:00:00	2045.58	2045.67	2045.57	2045.60	24	0	0
2024.03.01	07:01:00	2045.59	2045.61	2045.58	2045.59	9	0	0
2024.03.01	07:02:00	2045.60	2045.60	2045.51	2045.58	11	0	0
2024.03.01	07:03:00	2045.56	2045.56	2045.36	2045.36	21	0	0
2024.03.01	07:04:00	2045.38	2045.45	2045.37	2045.37	12	0	0
2024.03.01	07:05:00	2045.36	2045.38	2045.27	2045.34	24	0	0
2024.03.01	07:06:00	2045.33	2045.33	2045.17	2045.17	9	0	0
2024.03.01	07:07:00	2045.02	2045.02	2044.90	2044.92	21	0	0
2024.03.01	07:08:00	2044.93	2044.93	2044.74	2044.80	35	0	0
2024.03.01	07:09:00	2044.82	2044.87	2044.72	2044.72	24	0	0
2024.03.01	07:10:00	2044.72	2044.73	2044.53	2044.56	64	0	0
2024.03.01	07:11:00	2044.54	2044.86	2044.50	2044.86	40	0	0
2024.03.01	07:12:00	2044.89	2044.91	2044.50	2044.50	62	0	0
2024.03.01	07:13:00	2044.52	2044.60	2044.47	2044.60	44	0	0
2024.03.01	07:14:00	2044.59	2044.60	2044.45	2044.45	27	0	0
2024.03.01	07:15:00	2044.46	2044.47	2044.34	2044.35	36	0	0
2024.03.01	07:16:00	2044.35	2044.35	2044.25	2044.25	44	0	0
2024.03.01	07:17:00	2044.25	2044.25	2043.94	2044.11	65	0	0
2024.03.01	07:18:00	2044.12	2044.17	2043.96	2043.98	59	0	0
2024.03.01	07:19:00	2043.95	2043.95	2043.74	2043.86	75	0	0
2024.03.01	07:20:00	2043.86	2044.01	2043.85	2043.92	63	0	0
2024.03.01	07:21:00	2043.94	2043.98	2043.92	2043.98	16	0	0
2024.03.01	07:22:00	2043.99	2043.99	2043.72	2043.76	46	0	0
2024.03.01	07:23:00	2043.77	2043.78	2043.55	2043.58	74	0	0
2024.03.01	07:24:00	2043.60	2043.66	2043.41	2043.65	53	0	0
2024.03.01	07:25:00	2043.66	2043.96	2043.65	2043.87	36	0	0
2024.03.01	07:26:00	2043.88	2043.99	2043.88	2043.98	26	0	0
2024.03.01	07:27:00	2044.00	2044.00	2043.88	2043.91	27	0	0
2024.03.01	07:28:00	2043.92	2044.31	2043.92	2044.30	51	0	0
2024.03.01	07:29:00	2044.29	2044.45	2044.23	2044.42	36	0	0
2024.03.01	07:30:00	2044.45	2044.92	2044.43	2044.91	102	0	0
2024.03.01	07:31:00	2044.90	2044.97	2044.64	2044.76	78	0	0
2024.03.01	07:32:00	2044.77	2045.08	2044.76	2045.04	102	0	0
2024.03.01	07:33:00	2045.06	2045.20	2044.99	2045.02	77	0	0
2024.03.01	07:34:00	2045.02	2045.18	2044.99	2045.15	63	0	0
2024.03.01	07:35:00	2045.20	2045.46	2045.15	2045.15	114	0	0
2024.03.01	07:36:00	2045.14	2045.36	2044.95	2044.97	94	0	0
2024.03.01	07:37:00	2045.01	2045.08	2044.91	2045.08	42	0	0
2024.03.01	07:38:00	2045.03	2045.09	2044.97	2044.97	16	0	0
2024.03.01	07:39:00	2044.97	2045.08	2044.90	2045.08	24	0	0
2024.03.01	07:40:00	2045.07	2045.17	2044.99	2045.08	32	0	0
2024.03.01	07:41:00	2045.09	2045.17	2045.05	2045.09	32	0	0
2024.03.01	07:42:00	2045.08	2045.39	2044.96	2044.97	81	0	0
2024.03.01	07:43:00	2044.96	2045.07	2044.89	2044.93	73	0	0
2024.03.01	07:44:00	2044.93	2044.93	2044.71	2044.72	32	0	0
2024.03.01	07:45:00	2044.77	2044.81	2044.63	2044.77	55	0	0
2024.03.01	07:46:00	2044.78	2044.92	2044.78	2044.87	34	0	0
2024.03.01	07:47:00	2044.84	2044.85	2044.75	2044.78	13	0	0
2024.03.01	07:48:00	2044.77	2044.88	2044.66	2044.71	25	0	0
2024.03.01	07:49:00	2044.69	2044.79	2044.68	2044.69	25	0	0
2024.03.01	07:50:00	2044.70	2044.79	2044.68	2044.79	21	0	0
2024.03.01	07:51:00	2044.78	2044.80	2044.71	2044.73	32	0	0
2024.03.01	07:52:00	2044.72	2044.90	2044.72	2044.89	15	0	0
2024.03.01	07:53:00	2044.94	2045.05	2044.90	2045.02	27	0	0
2024.03.01	07:54:00	2045.01	2045.28	2045.00	2045.28	35	0	0
2024.03.01	07:55:00	2045.26	2045.26	2045.06	2045.08	15	0	0
2024.03.01	07:56:00	2045.09	2045.09	2044.82	2044.88	29	0	0
2024.03.01	07:57:00	2044.83	2044.94	2044.77	2044.94	17	0	0
2024.03.01	07:58:00	2044.96	2045.18	2044.91	2045.08	31	0	0
2024.03.01	07:59:00	2045.07	2045.08	2044.98	2045.08	15	0	0
2024.03.01	08:00:00	2045.10	2045.20	2044.89	2045.19	33	0	0
2024.03.01	08:01:00	2045.20	2045.37	2045.15	2045.35	45	0	0
2024.03.01	08:02:00	2045.38	2045.68	2045.38	2045.68	33	0	0
2024.03.01	08:03:00	2045.68	2045.73	2045.67	2045.68	18	0	0
2024.03.01	08:04:00	2045.67	2046.28	2045.67	2046.20	98	0	0
2024.03.01	08:05:00	2046.21	2046.32	2045.86	2045.92	80	0	0
2024.03.01	08:06:00	2045.93	2046.26	2045.77	2046.19	81	0	0
2024.03.01	08:07:00	2046.20	2046.60	2046.18	2046.57	119	0	0
2024.03.01	08:08:00	2046.63	2046.77	2046.46	2046.46	86	0	0
2024.03.01	08:09:00	2046.42	2046.51	2046.23	2046.26	38	0	0
2024.03.01	08:10:00	2046.27	2046.47	2046.27	2046.38	40	0	0
2024.03.01	08:11:00	2046.37	2046.40	2046.27	2046.39	36	0	0
2024.03.01	08:12:00	2046.41	2046.63	2046.41	2046.59	51	0	0
2024.03.01	08:13:00	2046.56	2046.58	2046.47	2046.58	27	0	0
2024.03.01	08:14:00	2046.55	2046.57	2046.43	2046.48	33	0	0
2024.03.01	08:15:00	2046.49	2046.61	2046.45	2046.47	50	0	0
2024.03.01	08:16:00	2046.48	2046.60	2046.45	2046.60	33	0	0
2024.03.01	08:17:00	2046.62	2046.72	2046.57	2046.67	25	0	0
2024.03.01	08:18:00	2046.68	2047.03	2046.65	2047.02	33	0	0
2024.03.01	08:19:00	2047.00	2047.07	2046.97	2047.07	45	0	0
2024.03.01	08:20:00	2047.06	2047.41	2047.04	2047.33	76	0	0
2024.03.01	08:21:00	2047.36	2048.03	2047.36	2047.94	52	0	0
2024.03.01	08:22:00	2047.93	2048.08	2047.54	2047.73	89	0	0
2024.03.01	08:23:00	2047.72	2047.92	2047.72	2047.75	61	0	0
2024.03.01	08:24:00	2047.75	2047.96	2047.70	2047.80	62	0	0
2024.03.01	08:25:00	2047.79	2047.79	2047.56	2047.59	61	0	0
2024.03.01	08:26:00	2047.60	2047.82	2047.59	2047.71	63	0	0
2024.03.01	08:27:00	2047.72	2047.97	2047.71	2047.92	37	0	0
2024.03.01	08:28:00	2047.89	2048.14	2047.88	2047.88	52	0	0
2024.03.01	08:29:00	2047.92	2047.93	2047.74	2047.77	36	0	0
2024.03.01	08:30:00	2047.76	2047.78	2047.60	2047.65	45	0	0
2024.03.01	08:31:00	2047.64	2047.64	2047.39	2047.45	46	0	0
2024.03.01	08:32:00	2047.40	2047.53	2047.38	2047.44	28	0	0
2024.03.01	08:33:00	2047.45	2047.72	2047.45	2047.65	32	0	0
2024.03.01	08:34:00	2047.60	2047.65	2047.51	2047.54	36	0	0
2024.03.01	08:35:00	2047.53	2047.54	2047.33	2047.51	57	0	0
2024.03.01	08:36:00	2047.52	2047.63	2047.37	2047.38	45	0	0
2024.03.01	08:37:00	2047.43	2047.43	2047.00	2047.08	45	0	0
2024.03.01	08:38:00	2047.06	2047.08	2046.99	2047.05	30	0	0
2024.03.01	08:39:00	2047.07	2047.07	2046.88	2046.88	42	0	0
2024.03.01	08:40:00	2046.86	2046.86	2046.65	2046.65	39	0	0
2024.03.01	08:41:00	2046.67	2046.85	2046.67	2046.84	31	0	0
2024.03.01	08:42:00	2046.85	2046.96	2046.73	2046.74	29	0	0
2024.03.01	08:43:00	2046.73	2046.83	2046.69	2046.79	24	0	0
2024.03.01	08:44:00	2046.75	2046.85	2046.73	2046.84	20	0	0
2024.03.01	08:45:00	2046.85	2046.90	2046.78	2046.89	40	0	0
2024.03.01	08:46:00	2046.88	2047.05	2046.82	2046.83	37	0	0
2024.03.01	08:47:00	2046.81	2046.98	2046.77	2046.77	41	0	0
2024.03.01	08:48:00	2046.76	2046.89	2046.71	2046.88	32	0	0
2024.03.01	08:49:00	2046.87	2046.88	2046.75	2046.77	53	0	0
2024.03.01	08:50:00	2046.75	2046.99	2046.74	2046.96	41	0	0
2024.03.01	08:51:00	2046.95	2046.95	2046.78	2046.90	38	0	0
2024.03.01	08:52:00	2046.97	2046.97	2046.78	2046.87	25	0	0
2024.03.01	08:53:00	2046.88	2046.88	2046.60	2046.61	23	0	0
2024.03.01	08:54:00	2046.63	2046.88	2046.63	2046.87	45	0	0
2024.03.01	08:55:00	2046.84	2046.88	2046.58	2046.58	33	0	0
2024.03.01	08:56:00	2046.57	2046.63	2046.55	2046.58	33	0	0
2024.03.01	08:57:00	2046.57	2046.67	2046.53	2046.59	40	0	0
2024.03.01	08:58:00	2046.58	2046.67	2046.55	2046.59	42	0	0
2024.03.01	08:59:00	2046.60	2046.79	2046.59	2046.77	51	0	0
2024.03.01	09:00:00	2046.76	2046.76	2046.52	2046.67	75	0	0
2024.03.01	09:01:00	2046.65	2046.81	2046.47	2046.78	86	0	0
2024.03.01	09:02:00	2046.86	2047.07	2046.80	2046.80	74	0	0
2024.03.01	09:03:00	2046.79	2047.42	2046.78	2047.37	108	0	0
2024.03.01	09:04:00	2047.36	2047.72	2047.36	2047.64	75	0	0
2024.03.01	09:05:00	2047.64	2048.07	2047.64	2047.87	61	0	0
2024.03.01	09:06:00	2047.88	2048.14	2047.85	2048.04	73	0	0
2024.03.01	09:07:00	2048.04	2048.22	2047.94	2048.14	63	0	0
2024.03.01	09:08:00	2048.15	2048.22	2047.72	2047.74	53	0	0
2024.03.01	09:09:00	2047.73	2047.88	2047.65	2047.85	51	0	0
2024.03.01	09:10:00	2047.83	2048.32	2047.79	2048.22	70	0	0
2024.03.01	09:11:00	2048.20	2048.43	2048.13	2048.23	67	0	0
2024.03.01	09:12:00	2048.19	2048.40	2048.18	2048.37	20	0	0
2024.03.01	09:13:00	2048.35	2048.43	2048.13	2048.38	64	0	0
2024.03.01	09:14:00	2048.36	2048.59	2048.33	2048.43	62	0	0
2024.03.01	09:15:00	2048.44	2048.73	2048.33	2048.73	70	0	0
2024.03.01	09:16:00	2048.76	2048.84	2048.70	2048.74	38	0	0
2024.03.01	09:17:00	2048.62	2048.65	2048.35	2048.45	69	0	0
2024.03.01	09:18:00	2048.41	2048.61	2048.12	2048.21	63	0	0
2024.03.01	09:19:00	2048.18	2048.18	2047.56	2047.56	84	0	0
2024.03.01	09:20:00	2047.55	2047.67	2047.32	2047.32	83	0	0
2024.03.01	09:21:00	2047.34	2047.42	2047.05	2047.35	121	0	0
2024.03.01	09:22:00	2047.23	2047.46	2047.15	2047.46	103	0	0
2024.03.01	09:23:00	2047.45	2047.53	2047.36	2047.38	44	0	0
2024.03.01	09:24:00	2047.31	2047.33	2046.98	2047.08	113	0	0
2024.03.01	09:25:00	2047.05	2047.33	2046.81	2047.29	103	0	0
2024.03.01	09:26:00	2047.30	2047.31	2047.19	2047.24	47	0	0
2024.03.01	09:27:00	2047.20	2047.24	2046.78	2046.89	101	0	0
2024.03.01	09:28:00	2046.90	2047.08	2046.77	2046.94	67	0	0
2024.03.01	09:29:00	2046.92	2046.97	2046.66	2046.68	45	0	0
2024.03.01	09:30:00	2046.68	2046.74	2046.53	2046.59	57	0	0
2024.03.01	09:31:00	2046.58	2046.58	2046.28	2046.44	48	0	0
2024.03.01	09:32:00	2046.50	2046.66	2046.33	2046.66	66	0	0
2024.03.01	09:33:00	2046.68	2047.02	2046.61	2046.97	80	0	0
2024.03.01	09:34:00	2046.97	2047.19	2046.97	2047.18	68	0	0
2024.03.01	09:35:00	2047.19	2047.34	2047.00	2047.00	90	0	0
2024.03.01	09:36:00	2046.99	2047.09	2046.88	2047.01	89	0	0
2024.03.01	09:37:00	2047.00	2047.26	2046.92	2047.12	65	0	0
2024.03.01	09:38:00	2047.13	2047.13	2046.93	2047.10	65	0	0
2024.03.01	09:39:00	2047.10	2047.33	2047.06	2047.23	73	0	0
2024.03.01	09:40:00	2047.24	2047.36	2047.22	2047.22	58	0	0
2024.03.01	09:41:00	2047.23	2047.36	2047.13	2047.19	57	0	0
2024.03.01	09:42:00	2047.17	2047.24	2046.87	2046.88	77	0	0
2024.03.01	09:43:00	2046.87	2047.06	2046.81	2047.05	53	0	0
2024.03.01	09:44:00	2047.04	2047.15	2046.95	2046.95	30	0	0
2024.03.01	09:45:00	2046.94	2047.25	2046.75	2047.09	57	0	0
2024.03.01	09:46:00	2047.10	2047.10	2046.89	2046.94	34	0	0
2024.03.01	09:47:00	2046.91	2047.16	2046.91	2047.15	45	0	0
2024.03.01	09:48:00	2047.15	2047.17	2047.02	2047.05	40	0	0
2024.03.01	09:49:00	2047.03	2047.05	2046.58	2046.65	77	0	0
2024.03.01	09:50:00	2046.56	2046.56	2046.30	2046.35	59	0	0
2024.03.01	09:51:00	2046.38	2046.73	2046.27	2046.73	89	0	0
2024.03.01	09:52:00	2046.72	2046.72	2046.03	2046.14	90	0	0
2024.03.01	09:53:00	2046.15	2046.19	2045.97	2046.06	55	0	0
2024.03.01	09:54:00	2046.06	2046.06	2045.59	2045.65	74	0	0
2024.03.01	09:55:00	2045.64	2045.69	2045.45	2045.50	73	0	0
2024.03.01	09:56:00	2045.47	2045.50	2045.30	2045.36	76	0	0
2024.03.01	09:57:00	2045.37	2045.45	2045.26	2045.31	54	0	0
2024.03.01	09:58:00	2045.33	2045.71	2045.33	2045.60	72	0	0
2024.03.01	09:59:00	2045.61	2045.71	2045.40	2045.43	62	0	0
2024.03.01	10:00:00	2045.51	2045.66	2044.69	2044.80	163	0	0
2024.03.01	10:01:00	2044.81	2044.81	2044.28	2044.36	184	0	0
2024.03.01	10:02:00	2044.35	2044.91	2044.32	2044.70	163	0	0
2024.03.01	10:03:00	2044.70	2044.75	2044.40	2044.44	145	0	0
2024.03.01	10:04:00	2044.49	2044.98	2044.35	2044.91	157	0	0
2024.03.01	10:05:00	2044.93	2045.19	2044.73	2044.75	131	0	0
2024.03.01	10:06:00	2044.70	2044.91	2044.52	2044.83	118	0	0
2024.03.01	10:07:00	2044.86	2045.14	2044.52	2045.10	191	0	0
2024.03.01	10:08:00	2045.08	2045.19	2044.85	2045.06	162	0	0
2024.03.01	10:09:00	2045.05	2045.08	2044.75	2044.84	149	0	0
2024.03.01	10:10:00	2044.83	2044.94	2044.36	2044.49	140	0	0
2024.03.01	10:11:00	2044.50	2044.58	2044.36	2044.52	77	0	0
2024.03.01	10:12:00	2044.52	2044.70	2044.38	2044.57	115	0	0
2024.03.01	10:13:00	2044.58	2044.58	2043.66	2043.66	129	0	0
2024.03.01	10:14:00	2043.67	2043.93	2043.32	2043.82	137	0	0
2024.03.01	10:15:00	2043.81	2043.90	2043.45	2043.45	146	0	0
2024.03.01	10:16:00	2043.44	2043.57	2043.25	2043.47	104	0	0
2024.03.01	10:17:00	2043.41	2043.41	2043.01	2043.27	111	0	0
2024.03.01	10:18:00	2043.29	2043.30	2042.81	2042.87	108	0	0
2024.03.01	10:19:00	2042.85	2043.07	2042.80	2042.96	125	0	0
2024.03.01	10:20:00	2042.95	2043.36	2042.76	2042.85	153	0	0
2024.03.01	10:21:00	2042.78	2042.95	2042.56	2042.74	85	0	0
2024.03.01	10:22:00	2042.75	2043.05	2042.60	2042.63	88	0	0
2024.03.01	10:23:00	2042.64	2042.68	2042.46	2042.64	97	0	0
2024.03.01	10:24:00	2042.66	2042.79	2042.35	2042.38	113	0	0
2024.03.01	10:25:00	2042.37	2042.45	2042.09	2042.23	125	0	0
2024.03.01	10:26:00	2042.22	2042.43	2042.06	2042.40	82	0	0
2024.03.01	10:27:00	2042.44	2042.68	2042.36	2042.36	90	0	0
2024.03.01	10:28:00	2042.35	2042.42	2042.18	2042.28	60	0	0
2024.03.01	10:29:00	2042.27	2042.37	2042.11	2042.37	82	0	0
2024.03.01	10:30:00	2042.36	2042.53	2042.17	2042.17	83	0	0
2024.03.01	10:31:00	2042.16	2042.17	2041.64	2041.67	82	0	0
2024.03.01	10:32:00	2041.68	2042.09	2041.65	2041.92	72	0	0
2024.03.01	10:33:00	2041.91	2041.92	2041.17	2041.49	140	0	0
2024.03.01	10:34:00	2041.48	2041.48	2041.14	2041.28	91	0	0
2024.03.01	10:35:00	2041.29	2041.48	2041.19	2041.27	121	0	0
2024.03.01	10:36:00	2041.26	2041.34	2041.12	2041.22	82	0	0
2024.03.01	10:37:00	2041.20	2041.22	2040.48	2040.51	164	0	0
2024.03.01	10:38:00	2040.50	2040.81	2040.41	2040.69	190	0	0
2024.03.01	10:39:00	2040.69	2040.80	2040.19	2040.21	206	0	0
2024.03.01	10:40:00	2040.22	2040.22	2039.57	2039.73	199	0	0
2024.03.01	10:41:00	2039.68	2040.47	2039.63	2040.13	189	0	0
2024.03.01	10:42:00	2040.12	2040.57	2040.12	2040.35	123	0	0
2024.03.01	10:43:00	2040.37	2040.81	2040.12	2040.75	124	0	0
2024.03.01	10:44:00	2040.78	2040.92	2040.53	2040.53	105	0	0
2024.03.01	10:45:00	2040.55	2040.58	2040.11	2040.15	158	0	0
2024.03.01	10:46:00	2040.14	2040.57	2040.12	2040.20	102	0	0
2024.03.01	10:47:00	2040.23	2040.52	2040.17	2040.28	85	0	0
2024.03.01	10:48:00	2040.27	2040.27	2039.94	2040.01	98	0	0
2024.03.01	10:49:00	2040.00	2040.00	2039.25	2039.46	120	0	0
2024.03.01	10:50:00	2039.45	2039.53	2039.31	2039.45	95	0	0
2024.03.01	10:51:00	2039.40	2039.73	2039.20	2039.71	78	0	0
2024.03.01	10:52:00	2039.67	2039.74	2039.09	2039.21	126	0	0
2024.03.01	10:53:00	2039.25	2039.51	2039.19	2039.50	77	0	0
2024.03.01	10:54:00	2039.52	2039.88	2039.34	2039.59	114	0	0
2024.03.01	10:55:00	2039.58	2039.81	2039.52	2039.64	132	0	0
2024.03.01	10:56:00	2039.65	2039.76	2039.46	2039.48	131	0	0
2024.03.01	10:57:00	2039.46	2039.48	2039.14	2039.44	133	0	0
2024.03.01	10:58:00	2039.43	2039.51	2039.19	2039.51	128	0	0
2024.03.01	10:59:00	2039.49	2039.83	2039.47	2039.83	126	0	0
2024.03.01	11:00:00	2039.79	2040.00	2039.44	2039.97	151	0	0
2024.03.01	11:01:00	2040.00	2040.24	2039.85	2040.01	172	0	0
2024.03.01	11:02:00	2040.01	2040.34	2040.00	2040.33	134	0	0
2024.03.01	11:03:00	2040.31	2040.52	2040.12	2040.41	123	0	0
2024.03.01	11:04:00	2040.38	2040.54	2040.23	2040.38	122	0	0
2024.03.01	11:05:00	2040.39	2040.45	2040.24	2040.45	144	0	0
2024.03.01	11:06:00	2040.44	2041.44	2040.43	2041.43	205	0	0
2024.03.01	11:07:00	2041.44	2042.17	2041.31	2042.07	249	0	0
2024.03.01	11:08:00	2042.07	2042.40	2041.98	2042.39	197	0	0
2024.03.01	11:09:00	2042.36	2043.23	2042.34	2043.06	105	0	0
2024.03.01	11:10:00	2043.01	2043.38	2042.50	2042.73	160	0	0
2024.03.01	11:11:00	2042.74	2042.80	2042.11	2042.11	121	0	0
2024.03.01	11:12:00	2042.08	2043.40	2041.77	2043.22	134	0	0
2024.03.01	11:13:00	2043.13	2043.26	2042.66	2043.15	265	0	0
2024.03.01	11:14:00	2043.14	2043.63	2043.03	2043.62	187	0	0
2024.03.01	11:15:00	2043.62	2043.71	2043.27	2043.28	156	0	0
2024.03.01	11:16:00	2043.29	2043.41	2042.96	2043.29	130	0	0
2024.03.01	11:17:00	2043.28	2043.29	2042.98	2043.29	84	0	0
2024.03.01	11:18:00	2043.29	2043.68	2043.26	2043.55	87	0	0
2024.03.01	11:19:00	2043.56	2043.96	2043.56	2043.96	120	0	0
2024.03.01	11:20:00	2043.95	2044.35	2043.75	2044.28	117	0	0
2024.03.01	11:21:00	2044.30	2044.43	2044.17	2044.43	99	0	0
2024.03.01	11:22:00	2044.43	2045.16	2044.43	2044.57	140	0	0
2024.03.01	11:23:00	2044.55	2044.58	2044.28	2044.48	114	0	0
2024.03.01	11:24:00	2044.50	2045.23	2044.50	2044.94	98	0	0
2024.03.01	11:25:00	2044.92	2045.25	2044.68	2044.94	107	0	0
2024.03.01	11:26:00	2044.97	2045.32	2044.83	2045.22	71	0	0
2024.03.01	11:27:00	2045.21	2045.32	2044.95	2045.21	64	0	0
2024.03.01	11:28:00	2045.19	2045.32	2044.91	2045.12	86	0	0
2024.03.01	11:29:00	2045.16	2045.26	2044.67	2044.71	90	0	0
2024.03.01	11:30:00	2044.70	2044.92	2044.17	2044.29	131	0	0
2024.03.01	11:31:00	2044.34	2044.39	2044.06	2044.07	107	0	0
2024.03.01	11:32:00	2044.06	2044.58	2043.68	2044.44	193	0	0
2024.03.01	11:33:00	2044.45	2044.79	2044.32	2044.78	103	0	0
2024.03.01	11:34:00	2044.76	2044.99	2044.67	2044.98	89	0	0
2024.03.01	11:35:00	2044.93	2045.10	2044.87	2045.08	27	0	0
2024.03.01	11:36:00	2045.09	2045.21	2045.06	2045.18	66	0	0
2024.03.01	11:37:00	2045.28	2045.49	2045.28	2045.49	73	0	0
2024.03.01	11:38:00	2045.48	2045.87	2045.43	2045.86	88	0	0
2024.03.01	11:39:00	2045.87	2046.09	2045.67	2046.08	100	0	0
2024.03.01	11:40:00	2046.09	2046.70	2046.09	2046.58	177	0	0
2024.03.01	11:41:00	2046.60	2046.97	2046.60	2046.73	136	0	0
2024.03.01	11:42:00	2046.72	2047.60	2046.71	2046.95	154	0	0
2024.03.01	11:43:00	2046.95	2047.29	2046.69	2046.69	117	0	0
2024.03.01	11:44:00	2046.68	2046.76	2046.42	2046.43	68	0	0
2024.03.01	11:45:00	2046.42	2046.82	2046.15	2046.82	156	0	0
2024.03.01	11:46:00	2046.85	2046.91	2045.82	2046.11	226	0	0
2024.03.01	11:47:00	2046.12	2046.40	2045.84	2046.11	234	0	0
2024.03.01	11:48:00	2046.18	2046.60	2046.05	2046.55	139	0	0
2024.03.01	11:49:00	2046.54	2047.02	2046.54	2046.94	122	0	0
2024.03.01	11:50:00	2046.96	2046.98	2046.64	2046.78	134	0	0
2024.03.01	11:51:00	2046.81	2046.83	2046.61	2046.72	78	0	0
2024.03.01	11:52:00	2046.71	2047.01	2046.55	2046.94	111	0	0
2024.03.01	11:53:00	2046.93	2047.04	2046.75	2046.75	83	0	0
2024.03.01	11:54:00	2046.78	2047.17	2046.78	2046.91	153	0	0
2024.03.01	11:55:00	2046.81	2046.84	2046.44	2046.44	122	0	0
2024.03.01	11:56:00	2046.47	2046.58	2046.41	2046.41	52	0	0
2024.03.01	11:57:00	2046.43	2046.69	2046.42	2046.64	102	0	0
2024.03.01	11:58:00	2046.63	2046.63	2046.27	2046.42	131	0	0
2024.03.01	11:59:00	2046.41	2046.61	2046.32	2046.44	105	0	0
2024.03.01	12:00:00	2046.41	2046.48	2045.98	2046.12	219	0	0
2024.03.01	12:01:00	2046.13	2046.47	2046.12	2046.44	90	0	0
2024.03.01	12:02:00	2046.43	2046.65	2046.24	2046.61	82	0	0
2024.03.01	12:03:00	2046.60	2046.80	2046.52	2046.76	90	0	0
2024.03.01	12:04:00	2046.82	2046.94	2046.63	2046.78	121	0	0
2024.03.01	12:05:00	2046.81	2046.91	2046.74	2046.75	67	0	0
2024.03.01	12:06:00	2046.77	2047.02	2046.75	2047.02	89	0	0
2024.03.01	12:07:00	2047.03	2047.40	2046.94	2047.24	89	0	0
2024.03.01	12:08:00	2047.25	2047.75	2047.25	2047.74	109	0	0
2024.03.01	12:09:00	2047.76	2048.12	2047.69	2047.80	105	0	0
2024.03.01	12:10:00	2047.81	2048.19	2047.51	2048.01	143	0	0
2024.03.01	12:11:00	2048.02	2048.22	2047.96	2048.09	88	0	0
2024.03.01	12:12:00	2048.05	2048.05	2047.67	2047.67	70	0	0
2024.03.01	12:13:00	2047.66	2048.62	2047.61	2048.39	114	0	0
2024.03.01	12:14:00	2048.39	2049.18	2048.32	2048.90	176	0	0
2024.03.01	12:15:00	2048.92	2049.08	2048.56	2048.90	183	0	0
2024.03.01	12:16:00	2048.91	2049.21	2048.66	2049.18	157	0	0
2024.03.01	12:17:00	2049.19	2049.39	2049.06	2049.32	152	0	0
2024.03.01	12:18:00	2049.33	2049.33	2048.96	2049.04	146	0	0
2024.03.01	12:19:00	2049.02	2049.23	2048.89	2049.12	123	0	0
2024.03.01	12:20:00	2049.14	2049.65	2049.13	2049.57	132	0	0
2024.03.01	12:21:00	2049.56	2049.88	2049.52	2049.61	119	0	0
2024.03.01	12:22:00	2049.61	2049.95	2049.37	2049.71	119	0	0
2024.03.01	12:23:00	2049.70	2050.02	2049.66	2050.02	115	0	0
2024.03.01	12:24:00	2050.00	2050.01	2049.70	2049.79	143	0	0
2024.03.01	12:25:00	2049.79	2050.88	2049.79	2050.66	228	0	0
2024.03.01	12:26:00	2050.66	2050.84	2050.38	2050.53	283	0	0
2024.03.01	12:27:00	2050.54	2051.01	2050.52	2050.89	200	0	0
2024.03.01	12:28:00	2050.88	2050.93	2050.67	2050.74	115	0	0
2024.03.01	12:29:00	2050.76	2051.03	2050.40	2050.52	120	0	0
2024.03.01	12:30:00	2050.49	2050.64	2050.12	2050.13	168	0	0
2024.03.01	12:31:00	2050.22	2050.88	2050.22	2050.79	173	0	0
2024.03.01	12:32:00	2050.78	2051.23	2050.68	2051.13	155	0	0
2024.03.01	12:33:00	2051.10	2051.59	2051.09	2051.29	127	0	0
2024.03.01	12:34:00	2051.29	2052.08	2051.28	2052.08	156	0	0
2024.03.01	12:35:00	2052.09	2052.77	2051.99	2052.53	168	0	0
2024.03.01	12:36:00	2052.53	2052.79	2052.41	2052.56	179	0	0
2024.03.01	12:37:00	2052.59	2054.36	2052.54	2053.23	285	0	0
2024.03.01	12:38:00	2053.26	2054.23	2053.13	2053.81	219	0	0
2024.03.01	12:39:00	2053.77	2053.98	2053.20	2053.23	162	0	0
2024.03.01	12:40:00	2053.23	2053.29	2052.57	2052.68	189	0	0
2024.03.01	12:41:00	2052.69	2053.22	2052.68	2053.08	144	0	0
2024.03.01	12:42:00	2053.09	2053.28	2052.99	2053.18	140	0	0
2024.03.01	12:43:00	2053.17	2053.27	2052.86	2053.14	110	0	0
2024.03.01	12:44:00	2053.02	2053.64	2052.95	2053.37	119	0	0
2024.03.01	12:45:00	2053.39	2053.44	2052.84	2053.14	171	0	0
2024.03.01	12:46:00	2053.12	2053.17	2052.67	2053.17	193	0	0
2024.03.01	12:47:00	2053.16	2053.24	2052.87	2053.05	120	0	0
2024.03.01	12:48:00	2053.07	2053.45	2053.02	2053.23	159	0	0
2024.03.01	12:49:00	2053.24	2053.30	2053.04	2053.25	142	0	0
2024.03.01	12:50:00	2053.29	2053.70	2053.26	2053.54	134	0	0
2024.03.01	12:51:00	2053.52	2053.60	2053.25	2053.48	122	0	0
2024.03.01	12:52:00	2053.50	2053.92	2053.49	2053.91	104	0	0
2024.03.01	12:53:00	2053.89	2054.48	2053.83	2054.44	156	0	0
2024.03.01	12:54:00	2054.45	2054.69	2054.29	2054.53	115	0	0
2024.03.01	12:55:00	2054.58	2055.10	2054.58	2055.05	159	0	0
2024.03.01	12:56:00	2055.05	2055.10	2054.79	2054.92	185	0	0
2024.03.01	12:57:00	2054.93	2055.07	2054.78	2054.83	136	0	0
2024.03.01	12:58:00	2054.88	2054.99	2054.79	2054.98	126	0	0
2024.03.01	12:59:00	2054.98	2055.10	2054.78	2054.89	133	0	0
2024.03.01	13:00:00	2054.94	2055.08	2054.41	2054.83	186	0	0
2024.03.01	13:01:00	2054.85	2055.18	2054.81	2055.06	139	0	0
2024.03.01	13:02:00	2055.08	2055.08	2054.65	2054.91	116	0	0
2024.03.01	13:03:00	2054.94	2054.98	2054.42	2054.48	137	0	0
2024.03.01	13:04:00	2054.46	2054.58	2054.26	2054.36	135	0	0
2024.03.01	13:05:00	2054.35	2055.01	2054.31	2054.92	126	0	0
2024.03.01	13:06:00	2054.98	2055.08	2054.81	2054.83	107	0	0
2024.03.01	13:07:00	2054.81	2055.00	2054.76	2054.98	72	0	0
2024.03.01	13:08:00	2054.98	2055.26	2054.91	2055.19	111	0	0
2024.03.01	13:09:00	2055.23	2055.92	2055.23	2055.60	105	0	0
2024.03.01	13:10:00	2055.59	2055.80	2055.39	2055.41	106	0	0
2024.03.01	13:11:00	2055.43	2055.68	2055.39	2055.68	58	0	0
2024.03.01	13:12:00	2055.67	2055.77	2055.50	2055.53	60	0	0
2024.03.01	13:13:00	2055.54	2055.61	2055.48	2055.56	70	0	0
2024.03.01	13:14:00	2055.57	2055.85	2055.55	2055.57	58	0	0
2024.03.01	13:15:00	2055.58	2055.66	2055.04	2055.10	95	0	0
2024.03.01	13:16:00	2055.12	2055.41	2055.12	2055.23	64	0	0
2024.03.01	13:17:00	2055.24	2055.24	2054.63	2054.64	89	0	0
2024.03.01	13:18:00	2054.65	2054.96	2054.63	2054.64	114	0	0
2024.03.01	13:19:00	2054.65	2054.73	2054.58	2054.58	72	0	0
2024.03.01	13:20:00	2054.57	2054.95	2054.44	2054.78	160	0	0
2024.03.01	13:21:00	2054.79	2054.88	2054.22	2054.35	149	0	0
2024.03.01	13:22:00	2054.35	2054.66	2053.92	2054.15	246	0	0
2024.03.01	13:23:00	2054.14	2054.69	2054.14	2054.62	139	0	0
2024.03.01	13:24:00	2054.63	2054.82	2054.18	2054.82	136	0	0
2024.03.01	13:25:00	2054.82	2054.82	2054.49	2054.69	98	0	0
2024.03.01	13:26:00	2054.73	2054.95	2054.63	2054.85	59	0	0
2024.03.01	13:27:00	2054.82	2054.94	2054.76	2054.93	33	0	0
2024.03.01	13:28:00	2054.92	2054.95	2054.71	2054.82	76	0	0
2024.03.01	13:29:00	2054.79	2055.28	2054.60	2055.23	86	0	0
2024.03.01	13:30:00	2055.28	2055.50	2055.09	2055.50	99	0	0
2024.03.01	13:31:00	2055.59	2055.88	2055.41	2055.88	80	0	0
2024.03.01	13:32:00	2055.87	2055.87	2055.45	2055.58	70	0	0
2024.03.01	13:33:00	2055.56	2055.78	2055.48	2055.72	72	0	0
2024.03.01	13:34:00	2055.70	2055.79	2055.60	2055.71	111	0	0
2024.03.01	13:35:00	2055.70	2056.05	2055.58	2056.05	123	0	0
2024.03.01	13:36:00	2056.06	2056.68	2055.97	2056.51	103	0	0
2024.03.01	13:37:00	2056.48	2056.85	2056.32	2056.65	126	0	0
2024.03.01	13:38:00	2056.68	2056.96	2056.59	2056.68	141	0	0
2024.03.01	13:39:00	2056.67	2056.83	2056.57	2056.78	114	0	0
2024.03.01	13:40:00	2056.82	2056.99	2056.72	2056.99	103	0	0
2024.03.01	13:41:00	2056.98	2057.01	2056.80	2056.84	77	0	0
2024.03.01	13:42:00	2056.86	2057.49	2056.81	2057.13	142	0	0
2024.03.01	13:43:00	2057.16	2057.23	2056.94	2057.10	93	0	0
2024.03.01	13:44:00	2057.10	2057.32	2056.45	2056.59	106	0	0
2024.03.01	13:45:00	2056.58	2056.70	2056.25	2056.36	131	0	0
2024.03.01	13:46:00	2056.37	2056.40	2055.94	2055.97	109	0	0
2024.03.01	13:47:00	2055.98	2056.32	2055.82	2056.23	137	0	0
2024.03.01	13:48:00	2056.22	2056.23	2055.75	2055.78	67	0	0
2024.03.01	13:49:00	2055.80	2055.94	2055.54	2055.71	80	0	0
2024.03.01	13:50:00	2055.72	2055.72	2055.42	2055.44	89	0	0
2024.03.01	13:51:00	2055.43	2055.63	2055.42	2055.59	80	0	0
2024.03.01	13:52:00	2055.60	2055.64	2055.32	2055.42	78	0	0
2024.03.01	13:53:00	2055.40	2055.44	2055.03	2055.14	92	0	0
2024.03.01	13:54:00	2055.12	2055.20	2054.82	2054.98	112	0	0
2024.03.01	13:55:00	2055.01	2055.11	2054.89	2055.04	75	0	0
2024.03.01	13:56:00	2055.02	2055.04	2054.67	2055.04	99	0	0
2024.03.01	13:57:00	2055.03	2055.41	2054.99	2055.27	98	0	0
2024.03.01	13:58:00	2055.30	2055.42	2055.23	2055.39	35	0	0
2024.03.01	13:59:00	2055.38	2055.53	2055.15	2055.41	145	0	0
2024.03.01	14:00:00	2055.41	2055.66	2055.27	2055.61	168	0	0
2024.03.01	14:01:00	2055.63	2056.39	2055.56	2056.37	148	0	0
2024.03.01	14:02:00	2056.38	2056.55	2056.23	2056.43	196	0	0
2024.03.01	14:03:00	2056.42	2057.02	2056.42	2057.02	121	0	0
2024.03.01	14:04:00	2057.05	2057.05	2056.60	2056.60	117	0	0
2024.03.01	14:05:00	2056.61	2056.63	2055.80	2055.83	155	0	0
2024.03.01	14:06:00	2055.84	2055.84	2055.38	2055.56	119	0	0
2024.03.01	14:07:00	2055.57	2055.66	2055.14	2055.14	96	0	0
2024.03.01	14:08:00	2055.13	2055.34	2054.62	2054.67	142	0	0
2024.03.01	14:09:00	2054.65	2054.65	2054.34	2054.55	82	0	0
2024.03.01	14:10:00	2054.54	2054.88	2054.43	2054.69	102	0	0
2024.03.01	14:11:00	2054.70	2054.85	2054.62	2054.84	79	0	0
2024.03.01	14:12:00	2054.83	2054.90	2054.62	2054.63	79	0	0
2024.03.01	14:13:00	2054.61	2054.75	2054.48	2054.66	81	0	0
2024.03.01	14:14:00	2054.65	2054.84	2054.42	2054.49	76	0	0
2024.03.01	14:15:00	2054.51	2054.73	2054.39	2054.54	89	0	0
2024.03.01	14:16:00	2054.53	2054.60	2054.41	2054.44	69	0	0
2024.03.01	14:17:00	2054.43	2054.80	2054.43	2054.47	50	0	0
2024.03.01	14:18:00	2054.48	2054.54	2054.30	2054.43	59	0	0
2024.03.01	14:19:00	2054.39	2054.42	2053.94	2054.10	141	0	0
2024.03.01	14:20:00	2054.09	2054.25	2053.87	2054.07	97	0	0
2024.03.01	14:21:00	2054.09	2054.19	2053.99	2054.18	86	0	0
2024.03.01	14:22:00	2054.21	2054.54	2054.21	2054.26	75	0	0
2024.03.01	14:23:00	2054.25	2054.27	2053.97	2054.27	48	0	0
2024.03.01	14:24:00	2054.27	2054.29	2053.92	2054.14	71	0	0
2024.03.01	14:25:00	2054.13	2054.23	2053.74	2053.82	81	0	0
2024.03.01	14:26:00	2053.83	2054.06	2053.82	2054.06	68	0	0
2024.03.01	14:27:00	2054.05	2054.11	2053.85	2053.95	45	0	0
2024.03.01	14:28:00	2053.93	2054.17	2053.88	2053.94	48	0	0
2024.03.01	14:29:00	2054.02	2054.03	2053.87	2053.91	50	0	0
2024.03.01	14:30:00	2053.93	2054.18	2053.83	2053.89	55	0	0
2024.03.01	14:31:00	2053.84	2053.94	2053.84	2053.94	68	0	0
2024.03.01	14:32:00	2053.93	2054.35	2053.91	2054.18	85	0	0
2024.03.01	14:33:00	2054.14	2054.71	2054.14	2054.71	62	0	0
2024.03.01	14:34:00	2054.70	2054.85	2054.56	2054.83	57	0	0
2024.03.01	14:35:00	2054.82	2054.85	2054.33	2054.35	75	0	0
2024.03.01	14:36:00	2054.34	2054.43	2054.14	2054.25	97	0	0
2024.03.01	14:37:00	2054.24	2054.24	2054.00	2054.04	80	0	0
2024.03.01	14:38:00	2054.13	2054.29	2054.04	2054.22	70	0	0
2024.03.01	14:39:00	2054.19	2054.44	2054.19	2054.44	73	0	0
2024.03.01	14:40:00	2054.43	2054.65	2054.43	2054.44	66	0	0
2024.03.01	14:41:00	2054.48	2054.53	2054.17	2054.48	87	0	0
2024.03.01	14:42:00	2054.51	2054.51	2054.21	2054.26	55	0	0
2024.03.01	14:43:00	2054.28	2054.33	2054.03	2054.13	91	0	0
2024.03.01	14:44:00	2054.12	2054.13	2053.73	2053.75	81	0	0
2024.03.01	14:45:00	2053.74	2053.75	2053.43	2053.63	111	0	0
2024.03.01	14:46:00	2053.67	2053.74	2053.44	2053.53	97	0	0
2024.03.01	14:47:00	2053.52	2053.53	2053.12	2053.53	128	0	0
2024.03.01	14:48:00	2053.51	2053.51	2053.25	2053.36	75	0	0
2024.03.01	14:49:00	2053.35	2053.58	2053.20	2053.58	102	0	0
2024.03.01	14:50:00	2053.57	2053.89	2053.51	2053.55	111	0	0
2024.03.01	14:51:00	2053.51	2053.54	2053.09	2053.21	91	0	0
2024.03.01	14:52:00	2053.22	2053.25	2052.52	2052.60	124	0	0
2024.03.01	14:53:00	2052.62	2053.05	2052.62	2052.97	136	0	0
2024.03.01	14:54:00	2053.01	2053.47	2052.93	2053.44	170	0	0
2024.03.01	14:55:00	2053.44	2053.47	2052.53	2052.68	183	0	0
2024.03.01	14:56:00	2052.66	2052.66	2052.36	2052.54	163	0	0
2024.03.01	14:57:00	2052.60	2052.63	2052.32	2052.43	158	0	0
2024.03.01	14:58:00	2052.42	2052.57	2052.42	2052.52	91	0	0
2024.03.01	14:59:00	2052.49	2052.55	2052.23	2052.43	105	0	0
2024.03.01	15:00:00	2052.45	2052.46	2051.88	2052.14	240	0	0
2024.03.01	15:01:00	2052.09	2052.22	2051.62	2051.94	215	0	0
2024.03.01	15:02:00	2051.95	2052.18	2051.95	2052.00	122	0	0
2024.03.01	15:03:00	2052.01	2052.25	2051.89	2052.20	147	0	0
2024.03.01	15:04:00	2052.17	2052.39	2051.98	2052.23	129	0	0
2024.03.01	15:05:00	2052.28	2052.44	2052.06	2052.26	122	0	0
2024.03.01	15:06:00	2052.27	2052.45	2051.95	2052.08	117	0	0
2024.03.01	15:07:00	2052.07	2052.28	2051.53	2051.64	164	0	0
2024.03.01	15:08:00	2051.65	2051.98	2051.55	2051.91	125	0	0
2024.03.01	15:09:00	2051.89	2051.89	2051.60	2051.82	106	0	0
2024.03.01	15:10:00	2051.80	2051.87	2051.34	2051.57	146	0	0
2024.03.01	15:11:00	2051.52	2051.64	2051.27	2051.37	105	0	0
2024.03.01	15:12:00	2051.33	2051.57	2051.15	2051.43	100	0	0
2024.03.01	15:13:00	2051.44	2051.47	2051.25	2051.45	42	0	0
2024.03.01	15:14:00	2051.41	2051.41	2051.13	2051.29	89	0	0
2024.03.01	15:15:00	2051.27	2051.27	2050.61	2050.68	145	0	0
2024.03.01	15:16:00	2050.70	2051.14	2050.08	2051.11	265	0	0
2024.03.01	15:17:00	2051.15	2052.10	2051.15	2052.08	188	0	0
2024.03.01	15:18:00	2052.04	2052.22	2051.86	2052.10	167	0	0
2024.03.01	15:19:00	2052.09	2052.09	2051.48	2051.48	165	0	0
2024.03.01	15:20:00	2051.39	2051.46	2050.56	2051.39	285	0	0
2024.03.01	15:21:00	2051.28	2051.99	2051.17	2051.82	215	0	0
2024.03.01	15:22:00	2051.85	2052.15	2051.52	2051.70	188	0	0
2024.03.01	15:23:00	2051.68	2051.95	2051.01	2051.09	211	0	0
2024.03.01	15:24:00	2051.10	2051.78	2050.88	2051.28	198	0	0
2024.03.01	15:25:00	2051.31	2052.10	2051.28	2052.07	190	0	0
2024.03.01	15:26:00	2052.02	2052.38	2051.98	2052.36	199	0	0
2024.03.01	15:27:00	2052.37	2052.56	2051.77	2051.99	171	0	0
2024.03.01	15:28:00	2051.99	2052.25	2051.88	2052.02	121	0	0
2024.03.01	15:29:00	2051.99	2051.99	2051.57	2051.78	130	0	0
2024.03.01	15:30:00	2051.77	2052.14	2051.61	2052.09	131	0	0
2024.03.01	15:31:00	2052.08	2052.84	2051.94	2052.84	138	0	0
2024.03.01	15:32:00	2052.85	2053.05	2052.67	2052.80	103	0	0
2024.03.01	15:33:00	2052.79	2053.65	2052.78	2053.59	143	0	0
2024.03.01	15:34:00	2053.56	2054.15	2053.54	2053.93	192	0	0
2024.03.01	15:35:00	2053.92	2054.61	2052.99	2053.93	156	0	0
2024.03.01	15:36:00	2053.87	2053.96	2051.86	2051.87	441	0	0
2024.03.01	15:37:00	2051.86	2051.86	2050.75	2051.23	359	0	0
2024.03.01	15:38:00	2051.27	2051.95	2050.84	2050.84	302	0	0
2024.03.01	15:39:00	2050.81	2051.78	2050.69	2051.59	240	0	0
2024.03.01	15:40:00	2051.62	2052.53	2051.59	2052.29	216	0	0
2024.03.01	15:41:00	2052.26	2052.83	2051.92	2052.55	293	0	0
2024.03.01	15:42:00	2052.52	2052.82	2052.41	2052.47	268	0	0
2024.03.01	15:43:00	2052.48	2052.56	2052.11	2052.38	207	0	0
2024.03.01	15:44:00	2052.36	2052.56	2051.93	2052.12	222	0	0
2024.03.01	15:45:00	2052.06	2052.09	2050.78	2050.79	218	0	0
2024.03.01	15:46:00	2050.82	2051.40	2050.75	2051.32	184	0	0
2024.03.01	15:47:00	2051.31	2051.59	2051.18	2051.23	139	0	0
2024.03.01	15:48:00	2051.22	2051.49	2050.90	2051.42	132	0	0
2024.03.01	15:49:00	2051.43	2051.98	2051.31	2051.89	144	0	0
2024.03.01	15:50:00	2051.88	2051.92	2051.55	2051.67	146	0	0
2024.03.01	15:51:00	2051.68	2051.77	2051.29	2051.56	108	0	0
2024.03.01	15:52:00	2051.55	2051.55	2050.98	2051.06	159	0	0
2024.03.01	15:53:00	2051.05	2051.61	2050.98	2051.46	142	0	0
2024.03.01	15:54:00	2051.47	2051.90	2051.25	2051.67	143	0	0
2024.03.01	15:55:00	2051.65	2051.92	2051.25	2051.68	164	0	0
2024.03.01	15:56:00	2051.69	2052.02	2051.49	2051.61	171	0	0
2024.03.01	15:57:00	2051.60	2051.92	2051.45	2051.86	139	0	0
2024.03.01	15:58:00	2051.87	2052.04	2051.70	2051.77	70	0	0
2024.03.01	15:59:00	2051.75	2052.05	2051.60	2051.60	97	0	0
2024.03.01	16:00:00	2051.64	2052.03	2051.53	2051.93	95	0	0
2024.03.01	16:01:00	2051.95	2052.31	2051.53	2052.01	151	0	0
2024.03.01	16:02:00	2051.99	2052.60	2051.82	2052.55	135	0	0
2024.03.01	16:03:00	2052.53	2052.74	2052.00	2052.13	134	0	0
2024.03.01	16:04:00	2052.14	2052.63	2051.93	2052.39	126	0	0
2024.03.01	16:05:00	2052.41	2052.76	2052.29	2052.73	117	0	0
2024.03.01	16:06:00	2052.74	2052.89	2052.51	2052.81	118	0	0
2024.03.01	16:07:00	2052.79	2053.03	2052.20	2052.48	143	0	0
2024.03.01	16:08:00	2052.50	2052.84	2052.40	2052.50	144	0	0
2024.03.01	16:09:00	2052.51	2053.03	2052.51	2052.82	125	0	0
2024.03.01	16:10:00	2052.86	2053.54	2052.86	2053.48	160	0	0
2024.03.01	16:11:00	2053.49	2053.82	2053.37	2053.69	105	0	0
2024.03.01	16:12:00	2053.74	2054.41	2053.73	2054.41	178	0	0
2024.03.01	16:13:00	2054.42	2054.43	2053.88	2054.17	199	0	0
2024.03.01	16:14:00	2054.16	2054.50	2054.00	2054.31	170	0	0
2024.03.01	16:15:00	2054.34	2055.14	2054.32	2055.02	189	0	0
2024.03.01	16:16:00	2055.08	2055.70	2055.08	2055.52	180	0	0
2024.03.01	16:17:00	2055.51	2055.90	2055.42	2055.47	166	0	0
2024.03.01	16:18:00	2055.43	2055.60	2055.14	2055.45	188	0	0
2024.03.01	16:19:00	2055.46	2055.65	2055.24	2055.65	147	0	0
2024.03.01	16:20:00	2055.64	2056.25	2055.59	2056.19	145	0	0
2024.03.01	16:21:00	2056.23	2056.72	2056.04	2056.29	190	0	0
2024.03.01	16:22:00	2056.30	2056.65	2056.21	2056.38	158	0	0
2024.03.01	16:23:00	2056.36	2056.36	2055.85	2055.88	148	0	0
2024.03.01	16:24:00	2055.85	2055.88	2055.55	2055.68	96	0	0
2024.03.01	16:25:00	2055.71	2056.34	2055.68	2056.14	141	0	0
2024.03.01	16:26:00	2056.19	2056.34	2055.94	2056.27	140	0	0
2024.03.01	16:27:00	2056.31	2056.31	2055.88	2055.88	138	0	0
2024.03.01	16:28:00	2055.84	2055.84	2055.10	2055.21	124	0	0
2024.03.01	16:29:00	2055.23	2055.23	2054.71	2054.86	181	0	0
2024.03.01	16:30:00	2054.84	2054.84	2053.75	2054.28	343	0	0
2024.03.01	16:31:00	2054.33	2054.77	2052.63	2053.27	417	0	0
2024.03.01	16:32:00	2053.29	2053.63	2052.49	2053.38	285	0	0
2024.03.01	16:33:00	2053.37	2053.78	2052.72	2052.90	222	0	0
2024.03.01	16:34:00	2052.92	2053.09	2052.30	2052.46	172	0	0
2024.03.01	16:35:00	2052.53	2052.58	2051.30	2051.61	232	0	0
2024.03.01	16:36:00	2051.59	2052.03	2051.42	2051.80	275	0	0
2024.03.01	16:37:00	2051.79	2052.19	2051.78	2052.16	234	0	0
2024.03.01	16:38:00	2052.15	2052.30	2051.59	2052.27	207	0	0
2024.03.01	16:39:00	2052.23	2053.23	2052.18	2053.09	273	0	0
2024.03.01	16:40:00	2053.10	2053.69	2052.81	2053.00	294	0	0
2024.03.01	16:41:00	2052.99	2052.99	2051.86	2051.99	282	0	0
2024.03.01	16:42:00	2051.96	2052.01	2051.27	2052.00	244	0	0
2024.03.01	16:43:00	2051.99	2052.27	2051.77	2051.81	223	0	0
2024.03.01	16:44:00	2051.81	2051.89	2051.41	2051.70	211	0	0
2024.03.01	16:45:00	2051.71	2051.71	2045.75	2047.44	491	0	0
2024.03.01	16:46:00	2047.49	2048.15	2046.93	2047.88	405	0	0
2024.03.01	16:47:00	2047.86	2048.63	2047.59	2048.00	378	0	0
2024.03.01	16:48:00	2048.00	2048.46	2047.49	2048.11	345	0	0
2024.03.01	16:49:00	2048.15	2048.39	2047.73	2047.73	236	0	0
2024.03.01	16:50:00	2047.74	2047.74	2046.23	2046.80	298	0	0
2024.03.01	16:51:00	2046.81	2047.29	2046.47	2046.67	284	0	0
2024.03.01	16:52:00	2046.73	2047.06	2046.19	2046.54	272	0	0
2024.03.01	16:53:00	2046.50	2046.68	2045.98	2046.63	245	0	0
2024.03.01	16:54:00	2046.62	2046.91	2045.90	2046.10	279	0	0
2024.03.01	16:55:00	2046.13	2046.31	2045.62	2046.09	236	0	0
2024.03.01	16:56:00	2046.06	2046.71	2046.03	2046.66	186	0	0
2024.03.01	16:57:00	2046.68	2046.77	2046.01	2046.33	148	0	0
2024.03.01	16:58:00	2046.38	2046.73	2046.15	2046.47	152	0	0
2024.03.01	16:59:00	2046.45	2046.72	2046.28	2046.45	134	0	0
2024.03.01	17:00:00	2046.87	2053.20	2046.87	2050.87	454	0	0
2024.03.01	17:01:00	2050.84	2051.94	2050.50	2051.16	516	0	0
2024.03.01	17:02:00	2051.17	2051.44	2050.21	2050.53	406	0	0
2024.03.01	17:03:00	2050.63	2052.01	2049.73	2049.98	442	0	0
2024.03.01	17:04:00	2049.94	2051.71	2049.87	2050.72	373	0	0
2024.03.01	17:05:00	2050.74	2053.34	2050.59	2053.16	387	0	0
2024.03.01	17:06:00	2053.19	2053.55	2050.79	2050.81	408	0	0
2024.03.01	17:07:00	2050.82	2051.44	2050.38	2051.33	375	0	0
2024.03.01	17:08:00	2051.32	2052.83	2051.32	2052.27	317	0	0
2024.03.01	17:09:00	2052.21	2053.01	2051.75	2052.65	318	0	0
2024.03.01	17:10:00	2052.70	2055.22	2052.55	2054.87	400	0	0
2024.03.01	17:11:00	2054.87	2055.27	2054.28	2054.51	424	0	0
2024.03.01	17:12:00	2054.57	2055.36	2054.30	2054.47	341	0	0
2024.03.01	17:13:00	2054.49	2055.33	2054.39	2055.14	283	0	0
2024.03.01	17:14:00	2055.14	2056.05	2054.98	2055.73	255	0	0
2024.03.01	17:15:00	2055.74	2059.36	2055.44	2059.04	381	0	0
2024.03.01	17:16:00	2059.08	2059.78	2058.89	2059.04	431	0	0
2024.03.01	17:17:00	2059.08	2059.55	2057.66	2058.08	384	0	0
2024.03.01	17:18:00	2058.09	2058.73	2057.46	2058.52	361	0	0
2024.03.01	17:19:00	2058.51	2058.74	2057.79	2058.53	376	0	0
2024.03.01	17:20:00	2058.51	2059.30	2058.33	2059.25	326	0	0
2024.03.01	17:21:00	2059.29	2060.37	2059.10	2059.88	344	0	0
2024.03.01	17:22:00	2059.90	2060.28	2059.31	2060.00	325	0	0
2024.03.01	17:23:00	2059.99	2060.88	2059.97	2060.86	316	0	0
2024.03.01	17:24:00	2060.87	2062.03	2060.86	2061.75	334	0	0
2024.03.01	17:25:00	2061.74	2062.33	2061.70	2062.12	349	0	0
2024.03.01	17:26:00	2062.11	2062.45	2061.58	2061.66	355	0	0
2024.03.01	17:27:00	2061.76	2062.96	2061.76	2062.96	280	0	0
2024.03.01	17:28:00	2062.98	2063.31	2062.60	2062.70	310	0	0
2024.03.01	17:29:00	2062.71	2063.71	2062.29	2063.71	315	0	0
2024.03.01	17:30:00	2063.73	2063.82	2062.37	2062.86	351	0	0
2024.03.01	17:31:00	2062.91	2063.15	2062.42	2062.59	316	0	0
2024.03.01	17:32:00	2062.61	2062.87	2061.78	2062.48	355	0	0
2024.03.01	17:33:00	2062.49	2063.67	2062.47	2063.44	330	0	0
2024.03.01	17:34:00	2063.41	2064.28	2063.36	2064.09	321	0	0
2024.03.01	17:35:00	2064.12	2064.61	2063.93	2064.58	318	0	0
2024.03.01	17:36:00	2064.54	2064.93	2063.98	2064.04	267	0	0
2024.03.01	17:37:00	2064.08	2064.59	2063.90	2063.90	222	0	0
2024.03.01	17:38:00	2063.87	2064.11	2063.23	2064.04	290	0	0
2024.03.01	17:39:00	2064.06	2064.85	2064.06	2064.22	278	0	0
2024.03.01	17:40:00	2064.25	2064.53	2063.88	2064.47	294	0	0
2024.03.01	17:41:00	2064.48	2065.30	2064.45	2065.30	226	0	0
2024.03.01	17:42:00	2065.26	2065.79	2065.11	2065.27	304	0	0
2024.03.01	17:43:00	2065.28	2065.54	2064.96	2065.12	289	0	0
2024.03.01	17:44:00	2065.13	2065.56	2065.02	2065.42	209	0	0
2024.03.01	17:45:00	2065.45	2066.37	2065.29	2065.98	244	0	0
2024.03.01	17:46:00	2065.99	2067.19	2065.99	2067.11	275	0	0
2024.03.01	17:47:00	2067.13	2068.20	2066.93	2067.72	333	0	0
2024.03.01	17:48:00	2067.72	2068.34	2067.42	2068.19	296	0	0
2024.03.01	17:49:00	2068.20	2069.00	2068.11	2068.67	310	0	0
2024.03.01	17:50:00	2068.73	2069.14	2068.58	2068.95	291	0	0
2024.03.01	17:51:00	2068.97	2069.24	2068.65	2068.96	244	0	0
2024.03.01	17:52:00	2068.98	2070.02	2068.98	2070.02	262	0	0
2024.03.01	17:53:00	2070.02	2070.25	2069.83	2070.24	209	0	0
2024.03.01	17:54:00	2070.23	2070.69	2070.10	2070.61	248	0	0
2024.03.01	17:55:00	2070.59	2070.97	2069.97	2070.27	276	0	0
2024.03.01	17:56:00	2070.28	2070.62	2069.99	2070.02	219	0	0
2024.03.01	17:57:00	2070.07	2070.35	2069.92	2070.03	249	0	0
2024.03.01	17:58:00	2070.04	2070.04	2069.39	2069.39	187	0	0
2024.03.01	17:59:00	2069.40	2069.68	2068.98	2069.27	268	0	0
2024.03.01	18:00:00	2069.30	2070.66	2069.29	2070.53	242	0	0
2024.03.01	18:01:00	2070.52	2070.63	2069.97	2070.40	213	0	0
2024.03.01	18:02:00	2070.39	2071.19	2070.11	2071.12	206	0	0
2024.03.01	18:03:00	2071.17	2071.21	2070.90	2070.93	208	0	0
2024.03.01	18:04:00	2070.96	2071.30	2070.82	2071.10	205	0	0
2024.03.01	18:05:00	2071.11	2071.30	2069.75	2070.41	273	0	0
2024.03.01	18:06:00	2070.39	2071.21	2070.39	2071.19	200	0	0
2024.03.01	18:07:00	2071.20	2072.87	2071.11	2072.83	274	0	0
2024.03.01	18:08:00	2072.82	2072.96	2072.37	2072.49	265	0	0
2024.03.01	18:09:00	2072.56	2073.12	2072.29	2072.86	239	0	0
2024.03.01	18:10:00	2072.85	2073.52	2072.58	2073.24	267	0	0
2024.03.01	18:11:00	2073.25	2073.90	2073.05	2073.70	218	0	0
2024.03.01	18:12:00	2073.72	2074.23	2073.72	2073.85	294	0	0
2024.03.01	18:13:00	2073.86	2074.15	2073.43	2074.03	224	0	0
2024.03.01	18:14:00	2074.02	2074.22	2073.44	2073.58	246	0	0
2024.03.01	18:15:00	2073.60	2075.08	2073.46	2074.96	263	0	0
2024.03.01	18:16:00	2074.94	2075.27	2074.72	2075.25	255	0	0
2024.03.01	18:17:00	2075.28	2075.34	2074.57	2074.84	249	0	0
2024.03.01	18:18:00	2074.83	2074.87	2073.94	2074.18	258	0	0
2024.03.01	18:19:00	2074.17	2074.38	2073.94	2074.26	156	0	0
2024.03.01	18:20:00	2074.29	2075.14	2074.24	2074.94	224	0	0
2024.03.01	18:21:00	2074.95	2076.59	2074.87	2076.35	257	0	0
2024.03.01	18:22:00	2076.32	2076.46	2075.36	2075.78	246	0	0
2024.03.01	18:23:00	2075.78	2076.34	2075.77	2075.99	266	0	0
2024.03.01	18:24:00	2076.00	2076.16	2075.05	2075.42	282	0	0
2024.03.01	18:25:00	2075.40	2075.48	2075.06	2075.35	260	0	0
2024.03.01	18:26:00	2075.34	2075.54	2074.64	2074.66	229	0	0
2024.03.01	18:27:00	2074.65	2075.03	2074.45	2074.77	203	0	0
2024.03.01	18:28:00	2074.71	2075.01	2074.13	2074.28	244	0	0
2024.03.01	18:29:00	2074.27	2074.46	2074.00	2074.24	208	0	0
2024.03.01	18:30:00	2074.25	2074.70	2073.78	2074.20	249	0	0
2024.03.01	18:31:00	2074.29	2075.22	2074.23	2075.11	143	0	0
2024.03.01	18:32:00	2075.10	2075.21	2074.55	2075.21	106	0	0
2024.03.01	18:33:00	2075.22	2075.90	2075.22	2075.53	173	0	0
2024.03.01	18:34:00	2075.57	2075.71	2075.10	2075.54	194	0	0
2024.03.01	18:35:00	2075.59	2075.87	2075.44	2075.73	169	0	0
2024.03.01	18:36:00	2075.72	2077.03	2075.72	2077.01	125	0	0
2024.03.01	18:37:00	2077.02	2077.73	2076.92	2077.71	173	0	0
2024.03.01	18:38:00	2077.70	2078.48	2077.70	2078.24	209	0	0
2024.03.01	18:39:00	2078.28	2079.19	2078.25	2079.12	215	0	0
2024.03.01	18:40:00	2079.16	2079.74	2078.68	2079.21	255	0	0
2024.03.01	18:41:00	2079.27	2079.49	2078.82	2079.35	223	0	0
2024.03.01	18:42:00	2079.36	2080.14	2079.08	2079.30	323	0	0
2024.03.01	18:43:00	2079.35	2079.39	2078.07	2078.19	187	0	0
2024.03.01	18:44:00	2078.16	2078.41	2077.78	2078.04	235	0	0
2024.03.01	18:45:00	2078.03	2078.10	2076.98	2077.27	249	0	0
2024.03.01	18:46:00	2077.26	2077.43	2076.70	2077.27	213	0	0
2024.03.01	18:47:00	2077.20	2077.42	2076.76	2077.14	186	0	0
2024.03.01	18:48:00	2077.22	2077.75	2077.22	2077.61	128	0	0
2024.03.01	18:49:00	2077.60	2078.20	2077.22	2078.20	153	0	0
2024.03.01	18:50:00	2078.22	2078.98	2077.98	2078.91	169	0	0
2024.03.01	18:51:00	2078.92	2079.41	2078.80	2079.19	147	0	0
2024.03.01	18:52:00	2079.22	2079.76	2079.22	2079.62	155	0	0
2024.03.01	18:53:00	2079.63	2080.40	2079.55	2080.20	183	0	0
2024.03.01	18:54:00	2080.18	2080.80	2080.18	2080.79	156	0	0
2024.03.01	18:55:00	2080.77	2081.32	2080.67	2081.29	199	0	0
2024.03.01	18:56:00	2081.27	2081.98	2080.97	2081.65	257	0	0
2024.03.01	18:57:00	2081.67	2081.85	2080.68	2080.88	244	0	0
2024.03.01	18:58:00	2080.96	2081.22	2080.20	2080.40	226	0	0
2024.03.01	18:59:00	2080.38	2081.39	2080.38	2081.14	215	0	0
2024.03.01	19:00:00	2081.15	2081.39	2079.99	2081.30	179	0	0
2024.03.01	19:01:00	2081.20	2081.28	2080.54	2081.25	205	0	0
2024.03.01	19:02:00	2081.26	2081.90	2081.20	2081.83	202	0	0
2024.03.01	19:03:00	2081.85	2082.97	2081.79	2082.18	262	0	0
2024.03.01	19:04:00	2082.15	2082.46	2081.70	2082.46	251	0	0
2024.03.01	19:05:00	2082.47	2083.43	2082.44	2082.83	254	0	0
2024.03.01	19:06:00	2082.84	2083.02	2082.43	2082.51	226	0	0
2024.03.01	19:07:00	2082.52	2083.38	2082.52	2083.13	189	0	0
2024.03.01	19:08:00	2083.11	2083.75	2083.04	2083.71	170	0	0
2024.03.01	19:09:00	2083.72	2084.04	2083.43	2083.95	213	0	0
2024.03.01	19:10:00	2083.95	2083.98	2083.22	2083.78	194	0	0
2024.03.01	19:11:00	2083.81	2083.99	2083.37	2083.82	201	0	0
2024.03.01	19:12:00	2083.88	2085.12	2083.75	2084.90	248	0	0
2024.03.01	19:13:00	2084.92	2085.14	2084.09	2085.08	236	0	0
2024.03.01	19:14:00	2085.04	2085.05	2084.64	2084.91	127	0	0
2024.03.01	19:15:00	2084.89	2085.39	2084.62	2085.18	210	0	0
2024.03.01	19:16:00	2085.19	2085.41	2084.35	2084.70	215	0	0
2024.03.01	19:17:00	2084.68	2085.52	2084.59	2085.12	162	0	0
2024.03.01	19:18:00	2085.13	2085.13	2084.13	2084.16	244	0	0
2024.03.01	19:19:00	2084.19	2084.23	2083.65	2083.77	222	0	0
2024.03.01	19:20:00	2083.73	2083.77	2082.80	2082.88	244	0	0
2024.03.01	19:21:00	2082.89	2083.97	2082.59	2083.93	208	0	0
2024.03.01	19:22:00	2083.94	2084.05	2082.88	2083.56	198	0	0
2024.03.01	19:23:00	2083.60	2083.78	2082.83	2082.83	184	0	0
2024.03.01	19:24:00	2082.81	2083.15	2082.41	2082.62	199	0	0
2024.03.01	19:25:00	2082.64	2083.05	2082.59	2082.90	203	0	0
2024.03.01	19:26:00	2082.89	2083.14	2082.30	2082.36	200	0	0
2024.03.01	19:27:00	2082.30	2082.40	2081.67	2082.00	144	0	0
2024.03.01	19:28:00	2082.01	2082.69	2082.00	2082.61	134	0	0
2024.03.01	19:29:00	2082.62	2084.14	2082.51	2084.00	181	0	0
2024.03.01	19:30:00	2083.99	2084.39	2083.28	2083.37	203	0	0
2024.03.01	19:31:00	2083.35	2083.64	2082.70	2082.86	201	0	0
2024.03.01	19:32:00	2082.85	2082.95	2082.27	2082.64	186	0	0
2024.03.01	19:33:00	2082.67	2083.36	2082.66	2083.17	108	0	0
2024.03.01	19:34:00	2083.18	2083.42	2083.06	2083.25	134	0	0
2024.03.01	19:35:00	2083.23	2083.33	2082.83	2082.83	161	0	0
2024.03.01	19:36:00	2082.84	2083.43	2082.84	2083.42	106	0	0
2024.03.01	19:37:00	2083.43	2083.49	2082.78	2082.90	170	0	0
2024.03.01	19:38:00	2082.89	2083.34	2082.76	2083.23	108	0	0
2024.03.01	19:39:00	2083.24	2084.12	2083.22	2084.11	139	0	0
2024.03.01	19:40:00	2084.10	2084.73	2083.85	2084.65	146	0	0
2024.03.01	19:41:00	2084.67	2085.01	2084.34	2084.57	175	0	0
2024.03.01	19:42:00	2084.58	2084.93	2084.45	2084.70	170	0	0
2024.03.01	19:43:00	2084.69	2085.03	2084.64	2085.02	130	0	0
2024.03.01	19:44:00	2085.03	2085.67	2085.02	2085.26	172	0	0
2024.03.01	19:45:00	2085.30	2085.58	2084.67	2084.98	182	0	0
2024.03.01	19:46:00	2084.96	2084.98	2084.38	2084.78	159	0	0
2024.03.01	19:47:00	2084.79	2084.79	2084.10	2084.24	219	0	0
2024.03.01	19:48:00	2084.25	2084.63	2084.09	2084.40	108	0	0
2024.03.01	19:49:00	2084.37	2085.25	2084.37	2085.22	118	0	0
2024.03.01	19:50:00	2085.25	2085.32	2084.91	2085.20	79	0	0
2024.03.01	19:51:00	2085.21	2085.21	2084.53	2084.65	128	0	0
2024.03.01	19:52:00	2084.69	2084.91	2084.46	2084.76	122	0	0
2024.03.01	19:53:00	2084.77	2085.12	2084.70	2085.04	113	0	0
2024.03.01	19:54:00	2085.03	2085.35	2084.73	2085.35	120	0	0
2024.03.01	19:55:00	2085.34	2085.63	2084.87	2084.98	144	0	0
2024.03.01	19:56:00	2085.01	2085.08	2084.87	2084.99	78	0	0
2024.03.01	19:57:00	2085.00	2085.09	2084.62	2084.93	79	0	0
2024.03.01	19:58:00	2084.94	2085.10	2084.61	2084.69	91	0	0
2024.03.01	19:59:00	2084.70	2084.88	2084.53	2084.82	143	0	0
2024.03.01	20:00:00	2084.81	2085.00	2084.63	2084.64	149	0	0
2024.03.01	20:01:00	2084.66	2084.74	2083.74	2083.93	185	0	0
2024.03.01	20:02:00	2083.95	2084.71	2083.83	2084.62	157	0	0
2024.03.01	20:03:00	2084.58	2084.63	2083.63	2083.66	172	0	0
2024.03.01	20:04:00	2083.60	2083.78	2083.45	2083.55	131	0	0
2024.03.01	20:05:00	2083.51	2083.51	2082.94	2083.02	139	0	0
2024.03.01	20:06:00	2083.07	2083.08	2082.27	2082.50	182	0	0
2024.03.01	20:07:00	2082.51	2083.72	2082.50	2083.72	202	0	0
2024.03.01	20:08:00	2083.68	2083.72	2083.24	2083.47	215	0	0
2024.03.01	20:09:00	2083.48	2083.86	2083.28	2083.84	150	0	0
2024.03.01	20:10:00	2083.85	2084.55	2083.84	2084.34	160	0	0
2024.03.01	20:11:00	2084.29	2085.54	2084.24	2085.32	131	0	0
2024.03.01	20:12:00	2085.33	2085.53	2084.93	2084.93	127	0	0
2024.03.01	20:13:00	2084.97	2085.29	2084.85	2085.12	128	0	0
2024.03.01	20:14:00	2085.13	2085.44	2085.10	2085.34	134	0	0
2024.03.01	20:15:00	2085.33	2085.73	2085.06	2085.60	138	0	0
2024.03.01	20:16:00	2085.57	2086.67	2085.52	2086.13	202	0	0
2024.03.01	20:17:00	2086.12	2086.22	2085.74	2086.19	150	0	0
2024.03.01	20:18:00	2086.21	2086.80	2086.21	2086.67	148	0	0
2024.03.01	20:19:00	2086.68	2087.31	2086.68	2087.24	183	0	0
2024.03.01	20:20:00	2087.23	2087.23	2086.53	2086.92	211	0	0
2024.03.01	20:21:00	2086.91	2087.05	2086.54	2086.69	162	0	0
2024.03.01	20:22:00	2086.71	2087.01	2086.47	2086.70	127	0	0
2024.03.01	20:23:00	2086.72	2086.84	2086.14	2086.54	169	0	0
2024.03.01	20:24:00	2086.52	2086.52	2085.84	2085.95	184	0	0
2024.03.01	20:25:00	2085.94	2086.53	2085.86	2086.53	173	0	0
2024.03.01	20:26:00	2086.52	2086.77	2086.35	2086.72	125	0	0
2024.03.01	20:27:00	2086.70	2086.74	2086.47	2086.54	100	0	0
2024.03.01	20:28:00	2086.56	2087.41	2086.43	2087.23	150	0	0
2024.03.01	20:29:00	2087.22	2087.27	2086.23	2086.28	167	0	0
2024.03.01	20:30:00	2086.30	2086.61	2086.29	2086.60	145	0	0
2024.03.01	20:31:00	2086.59	2087.10	2086.53	2086.79	113	0	0
2024.03.01	20:32:00	2086.80	2086.81	2086.00	2086.18	126	0	0
2024.03.01	20:33:00	2086.16	2086.39	2086.13	2086.29	77	0	0
2024.03.01	20:34:00	2086.38	2086.91	2086.36	2086.70	68	0	0
2024.03.01	20:35:00	2086.71	2087.40	2086.70	2087.20	93	0	0
2024.03.01	20:36:00	2087.24	2087.47	2087.13	2087.35	114	0	0
2024.03.01	20:37:00	2087.34	2087.47	2087.09	2087.20	90	0	0
2024.03.01	20:38:00	2087.18	2087.33	2086.81	2087.13	94	0	0
2024.03.01	20:39:00	2087.20	2087.54	2087.20	2087.40	94	0	0
2024.03.01	20:40:00	2087.41	2087.51	2087.29	2087.44	93	0	0
2024.03.01	20:41:00	2087.45	2087.50	2087.28	2087.29	92	0	0
2024.03.01	20:42:00	2087.31	2087.53	2087.25	2087.38	89	0	0
2024.03.01	20:43:00	2087.40	2087.53	2087.37	2087.45	101	0	0
2024.03.01	20:44:00	2087.45	2088.32	2087.44	2088.07	180	0	0
2024.03.01	20:45:00	2088.06	2088.08	2087.69	2087.87	115	0	0
2024.03.01	20:46:00	2087.88	2087.98	2087.61	2087.68	127	0	0
2024.03.01	20:47:00	2087.68	2087.71	2086.77	2086.89	152	0	0
2024.03.01	20:48:00	2086.91	2087.29	2086.67	2087.18	137	0	0
2024.03.01	20:49:00	2087.20	2087.22	2086.83	2086.90	66	0	0
2024.03.01	20:50:00	2087.00	2087.09	2086.10	2086.12	139	0	0
2024.03.01	20:51:00	2086.13	2086.33	2085.84	2085.87	128	0	0
2024.03.01	20:52:00	2085.88	2086.08	2085.62	2085.83	117	0	0
2024.03.01	20:53:00	2085.82	2085.83	2085.39	2085.40	114	0	0
2024.03.01	20:54:00	2085.42	2085.47	2084.95	2084.95	124	0	0
2024.03.01	20:55:00	2084.94	2085.60	2084.77	2085.60	125	0	0
2024.03.01	20:56:00	2085.59	2085.59	2085.31	2085.32	98	0	0
2024.03.01	20:57:00	2085.29	2085.40	2084.75	2085.14	131	0	0
2024.03.01	20:58:00	2085.14	2085.22	2084.91	2085.14	124	0	0
2024.03.01	20:59:00	2085.16	2085.74	2085.16	2085.73	100	0	0
2024.03.01	21:00:00	2085.73	2086.57	2085.72	2086.37	111	0	0
2024.03.01	21:01:00	2086.39	2086.77	2086.39	2086.64	78	0	0
2024.03.01	21:02:00	2086.63	2086.64	2085.98	2086.22	123	0	0
2024.03.01	21:03:00	2086.23	2086.32	2085.27	2085.56	207	0	0
2024.03.01	21:04:00	2085.60	2085.80	2085.43	2085.49	103	0	0
2024.03.01	21:05:00	2085.45	2086.01	2085.29	2085.58	104	0	0
2024.03.01	21:06:00	2085.59	2086.00	2085.55	2085.58	108	0	0
2024.03.01	21:07:00	2085.60	2085.71	2084.97	2085.04	97	0	0
2024.03.01	21:08:00	2085.05	2085.41	2085.05	2085.25	103	0	0
2024.03.01	21:09:00	2085.23	2085.42	2084.91	2085.39	94	0	0
2024.03.01	21:10:00	2085.40	2085.87	2085.40	2085.72	122	0	0
2024.03.01	21:11:00	2085.71	2086.08	2085.65	2086.02	78	0	0
2024.03.01	21:12:00	2086.06	2086.10	2085.31	2085.58	113	0	0
2024.03.01	21:13:00	2085.59	2085.95	2085.59	2085.69	117	0	0
2024.03.01	21:14:00	2085.70	2085.89	2085.46	2085.46	106	0	0
2024.03.01	21:15:00	2085.50	2085.90	2085.45	2085.57	59	0	0
2024.03.01	21:16:00	2085.58	2085.90	2085.53	2085.55	86	0	0
2024.03.01	21:17:00	2085.57	2085.65	2085.35	2085.54	73	0	0
2024.03.01	21:18:00	2085.53	2085.64	2085.44	2085.60	76	0	0
2024.03.01	21:19:00	2085.59	2086.09	2085.51	2086.06	93	0	0
2024.03.01	21:20:00	2086.07	2086.13	2085.94	2086.04	88	0	0
2024.03.01	21:21:00	2086.12	2086.14	2085.60	2085.72	74	0	0
2024.03.01	21:22:00	2085.69	2085.79	2085.11	2085.19	74	0	0
2024.03.01	21:23:00	2085.21	2085.72	2084.93	2085.59	92	0	0
2024.03.01	21:24:00	2085.58	2085.88	2085.49	2085.57	79	0	0
2024.03.01	21:25:00	2085.59	2085.71	2085.40	2085.64	89	0	0
2024.03.01	21:26:00	2085.68	2085.68	2085.28	2085.28	67	0	0
2024.03.01	21:27:00	2085.35	2085.63	2085.33	2085.60	48	0	0
2024.03.01	21:28:00	2085.61	2085.73	2085.54	2085.58	48	0	0
2024.03.01	21:29:00	2085.63	2086.08	2085.19	2085.30	76	0	0
2024.03.01	21:30:00	2085.41	2085.83	2085.40	2085.77	69	0	0
2024.03.01	21:31:00	2085.80	2086.12	2085.56	2085.61	76	0	0
2024.03.01	21:32:00	2085.62	2086.72	2085.62	2086.42	98	0	0
2024.03.01	21:33:00	2086.41	2086.48	2086.18	2086.30	73	0	0
2024.03.01	21:34:00	2086.29	2086.52	2086.22	2086.42	101	0	0
2024.03.01	21:35:00	2086.43	2086.59	2086.42	2086.49	59	0	0
2024.03.01	21:36:00	2086.50	2086.63	2086.42	2086.43	51	0	0
2024.03.01	21:37:00	2086.44	2086.51	2086.21	2086.38	56	0	0
2024.03.01	21:38:00	2086.39	2086.70	2086.39	2086.60	95	0	0
2024.03.01	21:39:00	2086.59	2086.64	2086.01	2086.08	100	0	0
2024.03.01	21:40:00	2086.05	2086.35	2085.84	2085.94	108	0	0
2024.03.01	21:41:00	2085.98	2086.03	2085.72	2085.76	66	0	0
2024.03.01	21:42:00	2085.78	2086.05	2085.67	2085.95	104	0	0
2024.03.01	21:43:00	2085.94	2085.99	2085.51	2085.52	124	0	0
2024.03.01	21:44:00	2085.52	2085.56	2085.18	2085.40	121	0	0
2024.03.01	21:45:00	2085.40	2085.63	2085.27	2085.46	111	0	0
2024.03.01	21:46:00	2085.41	2085.48	2084.97	2085.11	110	0	0
2024.03.01	21:47:00	2085.12	2085.12	2084.80	2085.00	85	0	0
2024.03.01	21:48:00	2085.01	2085.10	2084.80	2085.05	77	0	0
2024.03.01	21:49:00	2085.08	2085.32	2085.08	2085.32	67	0	0
2024.03.01	21:50:00	2085.32	2085.39	2085.10	2085.15	62	0	0
2024.03.01	21:51:00	2085.11	2085.46	2085.11	2085.37	63	0	0
2024.03.01	21:52:00	2085.38	2085.67	2085.38	2085.67	40	0	0
2024.03.01	21:53:00	2085.68	2085.74	2085.33	2085.41	78	0	0
2024.03.01	21:54:00	2085.43	2085.64	2085.32	2085.36	83	0	0
2024.03.01	21:55:00	2085.35	2085.79	2085.35	2085.55	58	0	0
2024.03.01	21:56:00	2085.54	2085.79	2085.48	2085.79	49	0	0
2024.03.01	21:57:00	2085.80	2086.01	2085.80	2085.93	42	0	0
2024.03.01	21:58:00	2085.95	2085.96	2085.40	2085.58	75	0	0
2024.03.01	21:59:00	2085.60	2085.66	2085.26	2085.30	104	0	0
2024.03.01	22:00:00	2085.28	2085.39	2084.45	2084.46	154	0	0
2024.03.01	22:01:00	2084.45	2084.75	2084.25	2084.69	76	0	0
2024.03.01	22:02:00	2084.70	2085.08	2084.64	2084.79	52	0	0
2024.03.01	22:03:00	2084.74	2084.79	2084.29	2084.29	59	0	0
2024.03.01	22:04:00	2084.37	2084.47	2084.03	2084.07	90	0	0
2024.03.01	22:05:00	2084.09	2084.56	2084.02	2084.02	107	0	0
2024.03.01	22:06:00	2084.04	2084.19	2083.84	2084.14	126	0	0
2024.03.01	22:07:00	2084.13	2084.36	2083.97	2084.22	102	0	0
2024.03.01	22:08:00	2084.24	2084.45	2084.14	2084.31	87	0	0
2024.03.01	22:09:00	2084.30	2084.46	2084.08	2084.13	46	0	0
2024.03.01	22:10:00	2084.16	2084.25	2083.82	2083.87	57	0	0
2024.03.01	22:11:00	2083.87	2083.88	2083.52	2083.53	65	0	0
2024.03.01	22:12:00	2083.52	2084.17	2083.52	2084.17	69	0	0
2024.03.01	22:13:00	2084.19	2084.23	2083.86	2084.00	100	0	0
2024.03.01	22:14:00	2084.01	2084.03	2083.90	2083.93	75	0	0
2024.03.01	22:15:00	2083.92	2084.20	2083.83	2084.10	67	0	0
2024.03.01	22:16:00	2084.10	2084.25	2083.85	2083.85	61	0	0
2024.03.01	22:17:00	2083.88	2084.04	2083.60	2083.81	90	0	0
2024.03.01	22:18:00	2083.77	2084.16	2083.77	2084.10	45	0	0
2024.03.01	22:19:00	2084.02	2084.06	2083.89	2084.00	30	0	0
2024.03.01	22:20:00	2083.95	2084.00	2083.80	2084.00	60	0	0
2024.03.01	22:21:00	2084.01	2084.19	2083.84	2083.84	66	0	0
2024.03.01	22:22:00	2083.83	2084.13	2083.54	2084.13	83	0	0
2024.03.01	22:23:00	2084.16	2084.28	2083.91	2083.93	42	0	0
2024.03.01	22:24:00	2083.94	2084.12	2083.94	2084.05	56	0	0
2024.03.01	22:25:00	2084.08	2084.50	2084.03	2084.50	66	0	0
2024.03.01	22:26:00	2084.54	2084.82	2084.54	2084.68	36	0	0
2024.03.01	22:27:00	2084.72	2084.75	2084.47	2084.73	46	0	0
2024.03.01	22:28:00	2084.76	2084.76	2084.51	2084.74	47	0	0
2024.03.01	22:29:00	2084.75	2084.75	2084.65	2084.70	22	0	0
2024.03.01	22:30:00	2084.72	2084.72	2084.28	2084.42	78	0	0
2024.03.01	22:31:00	2084.41	2084.63	2084.41	2084.58	32	0	0
2024.03.01	22:32:00	2084.58	2084.61	2084.24	2084.24	67	0	0
2024.03.01	22:33:00	2084.24	2084.42	2084.16	2084.38	52	0	0
2024.03.01	22:34:00	2084.40	2084.45	2084.37	2084.40	28	0	0
2024.03.01	22:35:00	2084.38	2084.55	2084.33	2084.50	47	0	0
2024.03.01	22:36:00	2084.51	2084.79	2084.47	2084.73	78	0	0
2024.03.01	22:37:00	2084.71	2084.80	2084.48	2084.58	73	0	0
2024.03.01	22:38:00	2084.58	2084.58	2084.18	2084.18	58	0	0
2024.03.01	22:39:00	2084.20	2084.27	2084.00	2084.00	54	0	0
2024.03.01	22:40:00	2084.02	2084.28	2083.98	2084.24	48	0	0
2024.03.01	22:41:00	2084.25	2084.58	2084.25	2084.56	55	0	0
2024.03.01	22:42:00	2084.58	2084.70	2084.56	2084.64	56	0	0
2024.03.01	22:43:00	2084.65	2084.66	2084.28	2084.37	93	0	0
2024.03.01	22:44:00	2084.37	2084.53	2084.32	2084.50	62	0	0
2024.03.01	22:45:00	2084.51	2084.74	2084.51	2084.62	92	0	0
2024.03.01	22:46:00	2084.60	2084.77	2084.26	2084.66	110	0	0
2024.03.01	22:47:00	2084.68	2084.74	2084.57	2084.73	61	0	0
2024.03.01	22:48:00	2084.74	2084.74	2084.50	2084.51	54	0	0
2024.03.01	22:49:00	2084.52	2084.60	2084.46	2084.54	44	0	0
2024.03.01	22:50:00	2084.53	2084.62	2084.47	2084.61	46	0	0
2024.03.01	22:51:00	2084.62	2084.68	2084.17	2084.19	77	0	0
2024.03.01	22:52:00	2084.23	2084.49	2084.23	2084.29	90	0	0
2024.03.01	22:53:00	2084.31	2084.52	2084.31	2084.45	55	0	0
2024.03.01	22:54:00	2084.47	2084.59	2084.39	2084.39	52	0	0
2024.03.01	22:55:00	2084.38	2084.48	2083.81	2083.81	79	0	0
2024.03.01	22:56:00	2083.83	2083.93	2083.68	2083.78	109	0	0
2024.03.01	22:57:00	2083.77	2083.89	2083.57	2083.62	79	0	0
2024.03.01	22:58:00	2083.56	2083.59	2083.10	2083.18	115	0	0
2024.03.01	22:59:00	2083.24	2083.56	2083.23	2083.56	140	0	0
2024.03.01	23:00:00	2083.55	2083.82	2082.86	2083.60	153	0	0
2024.03.01	23:01:00	2083.61	2083.68	2083.48	2083.48	54	0	0
2024.03.01	23:02:00	2083.49	2083.51	2083.31	2083.49	73	0	0
2024.03.01	23:03:00	2083.45	2083.79	2083.45	2083.67	65	0	0
2024.03.01	23:04:00	2083.66	2083.67	2083.51	2083.65	31	0	0
2024.03.01	23:05:00	2083.70	2083.73	2083.59	2083.65	34	0	0
2024.03.01	23:06:00	2083.68	2083.68	2083.31	2083.31	37	0	0
2024.03.01	23:07:00	2083.30	2083.41	2083.29	2083.33	19	0	0
2024.03.01	23:08:00	2083.34	2083.41	2083.33	2083.33	8	0	0
2024.03.01	23:09:00	2083.34	2083.49	2083.33	2083.49	21	0	0
2024.03.01	23:10:00	2083.50	2083.50	2083.34	2083.36	14	0	0
2024.03.01	23:11:00	2083.35	2083.84	2083.35	2083.84	31	0	0
2024.03.01	23:12:00	2083.81	2083.81	2083.65	2083.65	35	0	0
2024.03.01	23:13:00	2083.64	2083.65	2083.45	2083.47	43	0	0
2024.03.01	23:14:00	2083.46	2083.85	2083.46	2083.84	37	0	0
2024.03.01	23:15:00	2083.83	2083.83	2083.62	2083.70	55	0	0
2024.03.01	23:16:00	2083.69	2083.88	2083.68	2083.83	31	0	0
2024.03.01	23:17:00	2083.83	2083.83	2083.42	2083.42	33	0	0
2024.03.01	23:18:00	2083.43	2083.50	2083.40	2083.47	49	0	0
2024.03.01	23:19:00	2083.46	2083.55	2083.30	2083.38	56	0	0
2024.03.01	23:20:00	2083.40	2083.45	2083.32	2083.43	46	0	0
2024.03.01	23:21:00	2083.42	2083.43	2083.14	2083.25	41	0	0
2024.03.01	23:22:00	2083.24	2083.29	2083.21	2083.29	43	0	0
2024.03.01	23:23:00	2083.29	2083.37	2083.21	2083.21	30	0	0
2024.03.01	23:24:00	2083.22	2083.26	2082.97	2082.97	19	0	0
2024.03.01	23:25:00	2082.95	2083.07	2082.93	2083.04	24	0	0
2024.03.01	23:26:00	2083.03	2083.07	2083.02	2083.06	19	0	0
2024.03.01	23:27:00	2083.05	2083.37	2083.03	2083.34	38	0	0
2024.03.01	23:28:00	2083.31	2083.35	2083.23	2083.35	27	0	0
2024.03.01	23:29:00	2083.34	2083.55	2083.34	2083.55	43	0	0
2024.03.01	23:30:00	2083.57	2083.58	2083.47	2083.48	30	0	0
2024.03.01	23:31:00	2083.46	2083.47	2083.44	2083.45	19	0	0
2024.03.01	23:32:00	2083.51	2083.53	2083.47	2083.51	25	0	0
2024.03.01	23:33:00	2083.52	2083.59	2083.49	2083.59	27	0	0
2024.03.01	23:34:00	2083.58	2083.58	2083.44	2083.45	12	0	0
2024.03.01	23:35:00	2083.44	2083.57	2083.44	2083.54	25	0	0
2024.03.01	23:36:00	2083.56	2083.89	2083.55	2083.89	38	0	0
2024.03.01	23:37:00	2083.89	2083.99	2083.84	2083.90	43	0	0
2024.03.01	23:38:00	2083.88	2083.88	2083.51	2083.61	27	0	0
2024.03.01	23:39:00	2083.60	2083.86	2083.60	2083.86	30	0	0
2024.03.01	23:40:00	2083.83	2083.83	2083.48	2083.48	30	0	0
2024.03.01	23:41:00	2083.51	2083.51	2083.11	2083.24	70	0	0
2024.03.01	23:42:00	2083.26	2083.42	2083.20	2083.33	57	0	0
2024.03.01	23:43:00	2083.33	2083.50	2083.29	2083.50	33	0	0
2024.03.01	23:44:00	2083.44	2083.51	2083.39	2083.49	23	0	0
2024.03.01	23:45:00	2083.45	2083.70	2083.37	2083.68	42	0	0
2024.03.01	23:46:00	2083.71	2083.74	2083.68	2083.69	19	0	0
2024.03.01	23:47:00	2083.67	2083.67	2083.39	2083.49	30	0	0
2024.03.01	23:48:00	2083.52	2083.65	2083.44	2083.44	42	0	0
2024.03.01	23:49:00	2083.45	2083.58	2083.36	2083.57	35	0	0
2024.03.01	23:50:00	2083.58	2083.83	2083.57	2083.72	45	0	0
2024.03.01	23:51:00	2083.74	2083.96	2083.73	2083.82	66	0	0
2024.03.01	23:52:00	2083.76	2083.92	2083.72	2083.92	41	0	0
2024.03.01	23:53:00	2083.89	2084.03	2083.63	2083.64	45	0	0
2024.03.01	23:54:00	2083.65	2083.68	2083.27	2083.44	75	0	0
