<DATE>	<TIME>	<OPEN>	<HIGH>	<LOW>	<CLOSE>	<TICKVOL>	<VOL>	<SPREAD>
2026.08.24	01:00:00	4608.46	4623.44	4605.31	4623.14	495	0	10
2026.08.24	01:01:00	4623.57	4624.25	4607.61	4610.27	449	0	10
2026.08.24	01:02:00	4610.27	4613.85	4607.54	4612.89	274	0	10
2026.08.24	01:03:00	4612.89	4613.91	4611.47	4613.91	276	0	10
2026.08.24	01:04:00	4613.90	4614.18	4609.36	4610.38	377	0	10
2026.08.24	01:05:00	4610.38	4612.18	4608.99	4610.58	373	0	10
2026.08.24	01:06:00	4610.60	4611.53	4608.82	4611.04	170	0	10
2026.08.24	01:07:00	4611.10	4613.55	4610.49	4613.55	110	0	10
2026.08.24	01:08:00	4613.55	4616.17	4613.30	4615.86	172	0	10
2026.08.24	01:09:00	4615.86	4617.62	4614.62	4617.35	215	0	10
2026.08.24	01:10:00	4617.35	4620.58	4616.47	4619.91	299	0	10
2026.08.24	01:11:00	4619.91	4619.93	4616.67	4617.66	226	0	10
2026.08.24	01:12:00	4617.54	4618.91	4616.58	4617.00	206	0	10
2026.08.24	01:13:00	4617.00	4618.35	4616.11	4618.17	164	0	10
2026.08.24	01:14:00	4618.17	4618.17	4615.89	4617.48	197	0	10
2026.08.24	01:15:00	4617.49	4617.85	4615.74	4617.58	173	0	10
2026.08.24	01:16:00	4617.57	4618.24	4616.88	4617.15	174	0	10
2026.08.24	01:17:00	4617.15	4617.21	4612.92	4613.84	249	0	10
2026.08.24	01:18:00	4613.83	4615.08	4613.50	4614.97	189	0	10
2026.08.24	01:19:00	4614.97	4618.38	4614.42	4618.38	214	0	10
2026.08.24	01:20:00	4618.38	4620.85	4617.80	4620.85	188	0	10
2026.08.24	01:21:00	4620.82	4621.09	4617.85	4617.85	219	0	10
2026.08.24	01:22:00	4617.85	4618.64	4616.63	4616.82	198	0	10
2026.08.24	01:23:00	4616.79	4617.24	4616.23	4616.97	150	0	10
2026.08.24	01:24:00	4617.00	4617.56	4615.73	4617.44	133	0	10
2026.08.24	01:25:00	4617.44	4617.54	4616.59	4616.83	95	0	10
2026.08.24	01:26:00	4616.83	4616.83	4613.32	4613.43	183	0	10
2026.08.24	01:27:00	4613.43	4615.90	4613.17	4615.90	210	0	10
2026.08.24	01:28:00	4615.90	4615.90	4614.40	4614.40	145	0	10
2026.08.24	01:29:00	4614.39	4614.88	4614.02	4614.20	92	0	10
2026.08.24	01:30:00	4614.20	4617.14	4613.85	4616.40	209	0	10
2026.08.24	01:31:00	4616.40	4616.40	4614.65	4615.05	228	0	10
2026.08.24	01:32:00	4615.05	4616.38	4614.75	4616.25	141	0	10
2026.08.24	01:33:00	4616.25	4616.25	4614.72	4615.59	164	0	10
2026.08.24	01:34:00	4615.59	4617.08	4613.99	4614.76	174	0	10
2026.08.24	01:35:00	4614.76	4615.68	4614.23	4614.55	139	0	10
2026.08.24	01:36:00	4614.55	4616.92	4614.51	4615.35	128	0	10
2026.08.24	01:37:00	4615.33	4616.10	4614.36	4614.50	143	0	10
2026.08.24	01:38:00	4614.50	4614.50	4613.36	4613.48	125	0	10
2026.08.24	01:39:00	4613.48	4613.91	4611.60	4611.60	205	0	10
2026.08.24	01:40:00	4611.60	4611.75	4609.23	4609.59	276	0	10
2026.08.24	01:41:00	4609.59	4609.59	4606.99	4607.15	211	0	10
2026.08.24	01:42:00	4607.17	4612.40	4607.17	4612.11	287	0	10
2026.08.24	01:43:00	4612.10	4612.10	4609.60	4610.16	240	0	10
2026.08.24	01:44:00	4610.17	4610.98	4609.87	4610.98	206	0	10
2026.08.24	01:45:00	4610.98	4611.08	4609.85	4610.47	239	0	10
2026.08.24	01:46:00	4610.47	4610.56	4609.07	4609.90	217	0	10
2026.08.24	01:47:00	4609.90	4610.43	4607.25	4610.27	185	0	10
2026.08.24	01:48:00	4610.27	4610.74	4607.68	4608.73	198	0	10
2026.08.24	01:49:00	4608.73	4609.84	4608.42	4608.62	183	0	10
2026.08.24	01:50:00	4608.62	4609.07	4607.90	4608.64	224	0	10
2026.08.24	01:51:00	4608.64	4608.86	4607.57	4607.81	159	0	10
2026.08.24	01:52:00	4607.79	4607.93	4607.16	4607.76	160	0	10
2026.08.24	01:53:00	4607.75	4608.30	4607.49	4607.49	109	0	10
2026.08.24	01:54:00	4607.49	4608.09	4607.34	4607.71	140	0	10
2026.08.24	01:55:00	4607.53	4607.90	4607.34	4607.39	90	0	10
2026.08.24	01:56:00	4607.39	4607.79	4606.89	4607.36	122	0	10
2026.08.24	01:57:00	4607.36	4607.63	4606.82	4606.98	118	0	10
2026.08.24	01:58:00	4606.99	4607.02	4606.23	4606.39	134	0	10
2026.08.24	01:59:00	4606.39	4606.69	4606.04	4606.12	116	0	10
2026.08.24	02:00:00	4606.12	4606.80	4605.14	4606.25	203	0	10
2026.08.24	02:01:00	4606.25	4606.53	4605.84	4606.29	189	0	10
2026.08.24	02:02:00	4606.30	4609.17	4606.30	4608.33	202	0	10
2026.08.24	02:03:00	4608.33	4608.97	4607.90	4608.43	141	0	10
2026.08.24	02:04:00	4608.28	4608.82	4607.19	4607.58	135	0	10
2026.08.24	02:05:00	4607.58	4607.58	4604.67	4606.42	207	0	10
2026.08.24	02:06:00	4606.42	4607.50	4606.04	4607.29	161	0	10
2026.08.24	02:07:00	4607.29	4607.73	4606.82	4607.13	119	0	10
2026.08.24	02:08:00	4607.13	4607.79	4607.09	4607.29	86	0	10
2026.08.24	02:09:00	4607.29	4607.90	4607.29	4607.84	89	0	10
2026.08.24	02:10:00	4607.84	4608.93	4607.63	4607.72	169	0	10
2026.08.24	02:11:00	4607.72	4608.61	4607.72	4608.39	96	0	10
2026.08.24	02:12:00	4608.39	4609.56	4608.07	4608.11	137	0	10
2026.08.24	02:13:00	4608.11	4608.99	4607.93	4608.97	142	0	10
2026.08.24	02:14:00	4608.94	4608.94	4607.62	4607.62	157	0	10
2026.08.24	02:15:00	4607.62	4608.11	4607.13	4607.26	115	0	10
2026.08.24	02:16:00	4607.26	4608.14	4606.98	4608.14	114	0	10
2026.08.24	02:17:00	4608.14	4608.15	4607.25	4607.97	114	0	10
2026.08.24	02:18:00	4607.97	4608.10	4606.79	4606.98	127	0	10
2026.08.24	02:19:00	4606.98	4607.58	4606.98	4607.50	91	0	10
2026.08.24	02:20:00	4607.50	4608.39	4607.33	4608.32	102	0	10
2026.08.24	02:21:00	4608.32	4611.48	4608.32	4611.38	175	0	10
2026.08.24	02:22:00	4611.38	4612.83	4610.55	4612.83	223	0	10
2026.08.24	02:23:00	4612.82	4612.99	4611.47	4612.55	230	0	10
2026.08.24	02:24:00	4612.55	4613.17	4612.29	4612.90	160	0	10
2026.08.24	02:25:00	4612.91	4613.77	4612.14	4613.69	189	0	10
2026.08.24	02:26:00	4613.69	4616.15	4613.40	4615.35	217	0	10
2026.08.24	02:27:00	4615.35	4615.80	4614.29	4614.77	165	0	10
2026.08.24	02:28:00	4614.77	4615.04	4614.19	4614.90	152	0	10
2026.08.24	02:29:00	4614.90	4615.68	4614.90	4615.19	142	0	10
2026.08.24	02:30:00	4615.19	4617.05	4615.17	4616.96	213	0	10
2026.08.24	02:31:00	4617.23	4618.17	4616.72	4617.64	231	0	10
2026.08.24	02:32:00	4617.64	4617.80	4616.79	4616.98	140	0	10
2026.08.24	02:33:00	4616.98	4617.02	4614.11	4614.29	195	0	10
2026.08.24	02:34:00	4614.22	4618.67	4614.07	4618.13	240	0	10
2026.08.24	02:35:00	4618.16	4619.09	4616.23	4616.32	201	0	10
2026.08.24	02:36:00	4616.32	4619.37	4616.32	4618.42	237	0	10
2026.08.24	02:37:00	4618.42	4618.42	4617.18	4617.24	111	0	10
2026.08.24	02:38:00	4617.24	4617.87	4616.71	4617.52	146	0	10
2026.08.24	02:39:00	4617.52	4618.72	4613.43	4613.49	201	0	10
2026.08.24	02:40:00	4613.42	4614.45	4612.52	4612.57	187	0	10
2026.08.24	02:41:00	4612.58	4612.58	4610.57	4610.59	206	0	10
2026.08.24	02:42:00	4610.59	4610.86	4607.75	4608.76	182	0	10
2026.08.24	02:43:00	4608.75	4608.75	4607.61	4608.20	227	0	10
2026.08.24	02:44:00	4608.20	4610.34	4608.20	4608.38	277	0	10
2026.08.24	02:45:00	4608.38	4610.94	4608.21	4609.12	302	0	10
2026.08.24	02:46:00	4609.12	4609.99	4608.74	4609.01	368	0	10
2026.08.24	02:47:00	4609.02	4612.04	4609.02	4611.32	397	0	10
2026.08.24	02:48:00	4611.40	4614.20	4611.40	4612.40	380	0	10
2026.08.24	02:49:00	4612.39	4615.14	4612.21	4615.14	346	0	10
2026.08.24	02:50:00	4615.12	4617.77	4615.07	4617.08	394	0	10
2026.08.24	02:51:00	4617.08	4618.10	4616.99	4617.63	391	0	10
2026.08.24	02:52:00	4617.65	4618.97	4617.65	4618.69	291	0	10
2026.08.24	02:53:00	4618.58	4619.43	4618.16	4619.03	164	0	10
2026.08.24	02:54:00	4619.03	4622.61	4619.02	4622.61	542	0	10
2026.08.24	02:55:00	4622.61	4623.53	4622.23	4623.41	287	0	10
2026.08.24	02:56:00	4623.39	4624.65	4622.38	4624.61	395	0	10
2026.08.24	02:57:00	4624.61	4624.62	4623.44	4624.23	316	0	10
2026.08.24	02:58:00	4624.22	4624.48	4623.51	4623.67	279	0	10
2026.08.24	02:59:00	4623.67	4624.51	4623.42	4624.17	319	0	10
2026.08.24	03:00:00	4624.17	4625.61	4620.34	4620.79	718	0	10
2026.08.24	03:01:00	4620.80	4623.50	4620.31	4620.85	528	0	10
2026.08.24	03:02:00	4620.86	4623.75	4620.71	4623.73	498	0	10
2026.08.24	03:03:00	4623.71	4625.74	4623.38	4625.19	512	0	10
2026.08.24	03:04:00	4625.19	4627.95	4624.99	4626.94	475	0	10
2026.08.24	03:05:00	4626.95	4636.96	4626.95	4631.16	649	0	10
2026.08.24	03:06:00	4631.16	4635.47	4630.98	4634.22	527	0	10
2026.08.24	03:07:00	4634.22	4638.87	4634.05	4638.71	604	0	10
2026.08.24	03:08:00	4638.71	4639.07	4633.11	4634.18	536	0	10
2026.08.24	03:09:00	4634.18	4636.48	4634.07	4635.15	356	0	10
2026.08.24	03:10:00	4635.15	4637.35	4633.78	4637.35	464	0	10
2026.08.24	03:11:00	4637.35	4638.98	4635.88	4638.62	466	0	10
2026.08.24	03:12:00	4638.62	4640.46	4637.82	4639.89	455	0	10
2026.08.24	03:13:00	4639.95	4640.08	4637.34	4638.77	415	0	10
2026.08.24	03:14:00	4638.81	4640.78	4637.30	4637.42	419	0	10
2026.08.24	03:15:00	4637.41	4640.19	4636.66	4639.81	500	0	10
2026.08.24	03:16:00	4639.81	4640.48	4633.73	4634.48	526	0	10
2026.08.24	03:17:00	4634.44	4634.44	4631.04	4631.38	465	0	10
2026.08.24	03:18:00	4631.38	4632.75	4628.70	4629.37	473	0	10
2026.08.24	03:19:00	4629.35	4630.63	4628.51	4629.32	348	0	10
2026.08.24	03:20:00	4629.32	4630.03	4626.12	4626.12	407	0	10
2026.08.24	03:21:00	4626.16	4626.46	4617.34	4618.69	618	0	10
2026.08.24	03:22:00	4618.67	4621.17	4618.25	4618.84	574	0	10
2026.08.24	03:23:00	4618.96	4622.21	4618.17	4620.63	479	0	10
2026.08.24	03:24:00	4620.63	4620.97	4611.92	4612.33	584	0	10
2026.08.24	03:25:00	4612.29	4612.65	4603.92	4609.68	752	0	10
2026.08.24	03:26:00	4609.67	4611.77	4596.09	4596.81	749	0	10
2026.08.24	03:27:00	4597.05	4601.94	4594.73	4601.79	654	0	10
2026.08.24	03:28:00	4601.81	4605.12	4601.33	4604.82	488	0	10
2026.08.24	03:29:00	4604.78	4605.92	4602.24	4605.01	540	0	10
2026.08.24	03:30:00	4605.05	4606.62	4603.21	4605.33	571	0	10
2026.08.24	03:31:00	4604.66	4608.85	4604.03	4607.18	509	0	10
2026.08.24	03:32:00	4607.18	4608.23	4606.58	4607.76	405	0	10
2026.08.24	03:33:00	4607.76	4608.96	4607.44	4607.60	420	0	10
2026.08.24	03:34:00	4607.58	4608.81	4603.00	4603.00	492	0	10
2026.08.24	03:35:00	4602.86	4608.20	4601.39	4608.06	631	0	10
2026.08.24	03:36:00	4608.06	4608.70	4605.66	4606.69	414	0	10
2026.08.24	03:37:00	4606.63	4607.40	4602.54	4603.80	441	0	10
2026.08.24	03:38:00	4603.80	4608.93	4602.31	4602.76	533	0	10
2026.08.24	03:39:00	4602.71	4603.10	4601.28	4601.44	417	0	10
2026.08.24	03:40:00	4601.44	4605.69	4601.23	4604.97	406	0	10
2026.08.24	03:41:00	4605.04	4607.73	4605.01	4605.88	424	0	10
2026.08.24	03:42:00	4605.88	4606.66	4605.04	4606.52	245	0	10
2026.08.24	03:43:00	4606.52	4607.44	4606.00	4606.48	281	0	10
2026.08.24	03:44:00	4606.52	4607.80	4604.90	4607.19	291	0	10
2026.08.24	03:45:00	4607.19	4607.42	4604.64	4605.25	455	0	10
2026.08.24	03:46:00	4605.25	4607.07	4604.06	4606.73	388	0	10
2026.08.24	03:47:00	4606.73	4610.74	4605.95	4610.50	405	0	10
2026.08.24	03:48:00	4610.55	4615.65	4610.12	4613.04	484	0	10
2026.08.24	03:49:00	4613.03	4614.80	4611.53	4614.62	359	0	10
2026.08.24	03:50:00	4614.58	4614.87	4613.21	4614.30	364	0	10
2026.08.24	03:51:00	4614.30	4614.30	4611.63	4612.85	324	0	10
2026.08.24	03:52:00	4612.83	4615.50	4612.38	4614.70	329	0	10
2026.08.24	03:53:00	4614.69	4616.93	4614.69	4616.61	319	0	10
2026.08.24	03:54:00	4616.54	4617.47	4616.27	4617.22	275	0	10
2026.08.24	03:55:00	4617.22	4618.60	4616.64	4616.96	304	0	10
2026.08.24	03:56:00	4616.94	4619.06	4616.15	4618.45	427	0	10
2026.08.24	03:57:00	4618.42	4618.84	4617.03	4617.11	295	0	10
2026.08.24	03:58:00	4617.18	4618.02	4616.10	4617.82	331	0	10
2026.08.24	03:59:00	4617.83	4623.48	4617.83	4621.74	462	0	10
2026.08.24	04:00:00	4621.76	4629.26	4620.35	4629.13	873	0	10
2026.08.24	04:01:00	4629.01	4635.28	4628.66	4631.62	765	0	10
2026.08.24	04:02:00	4631.70	4631.80	4621.07	4621.07	841	0	10
2026.08.24	04:03:00	4621.15	4627.33	4620.18	4624.38	732	0	10
2026.08.24	04:04:00	4624.38	4624.56	4618.85	4622.52	809	0	10
2026.08.24	04:05:00	4622.52	4626.89	4622.45	4625.19	661	0	10
2026.08.24	04:06:00	4625.20	4630.04	4624.49	4628.62	616	0	10
2026.08.24	04:07:00	4628.62	4628.97	4625.77	4626.06	558	0	10
2026.08.24	04:08:00	4625.81	4627.62	4620.51	4621.37	623	0	10
2026.08.24	04:09:00	4621.28	4624.24	4620.11	4623.12	538	0	10
2026.08.24	04:10:00	4623.12	4627.84	4622.70	4624.10	589	0	10
2026.08.24	04:11:00	4624.11	4625.02	4623.19	4624.83	488	0	10
2026.08.24	04:12:00	4624.83	4626.37	4624.56	4625.96	329	0	10
2026.08.24	04:13:00	4625.96	4627.97	4625.82	4627.31	374	0	10
2026.08.24	04:14:00	4627.31	4627.56	4621.76	4622.14	494	0	10
2026.08.24	04:15:00	4622.12	4623.08	4619.98	4620.36	538	0	10
2026.08.24	04:16:00	4620.77	4621.34	4616.77	4620.07	597	0	10
2026.08.24	04:17:00	4620.09	4624.59	4620.09	4624.53	512	0	10
2026.08.24	04:18:00	4624.52	4625.81	4622.45	4624.30	464	0	10
2026.08.24	04:19:00	4624.30	4625.55	4621.69	4621.72	529	0	10
2026.08.24	04:20:00	4621.77	4622.21	4615.69	4616.70	611	0	10
2026.08.24	04:21:00	4616.70	4617.17	4614.73	4616.36	489	0	10
2026.08.24	04:22:00	4616.32	4619.27	4615.94	4617.09	508	0	10
2026.08.24	04:23:00	4617.09	4617.24	4613.84	4614.73	500	0	10
2026.08.24	04:24:00	4614.72	4615.58	4611.26	4614.90	622	0	10
2026.08.24	04:25:00	4614.90	4615.13	4612.22	4614.06	651	0	10
2026.08.24	04:26:00	4614.04	4615.48	4612.25	4614.84	467	0	10
2026.08.24	04:27:00	4614.84	4617.58	4613.22	4616.02	632	0	10
2026.08.24	04:28:00	4616.02	4618.14	4613.68	4615.24	552	0	10
2026.08.24	04:29:00	4615.23	4616.71	4612.21	4614.63	584	0	10
2026.08.24	04:30:00	4614.65	4615.13	4609.65	4609.66	656	0	10
2026.08.24	04:31:00	4609.52	4610.18	4608.13	4608.73	586	0	10
2026.08.24	04:32:00	4608.74	4611.76	4608.22	4611.54	469	0	10
2026.08.24	04:33:00	4611.54	4612.27	4608.54	4612.13	537	0	10
2026.08.24	04:34:00	4612.13	4614.62	4611.46	4614.62	435	0	10
2026.08.24	04:35:00	4614.73	4616.33	4612.75	4615.02	674	0	10
2026.08.24	04:36:00	4614.97	4618.69	4614.01	4618.17	554	0	10
2026.08.24	04:37:00	4617.98	4621.22	4617.30	4619.24	520	0	10
2026.08.24	04:38:00	4619.21	4620.11	4613.15	4614.69	465	0	10
2026.08.24	04:39:00	4614.69	4616.39	4612.83	4614.26	514	0	10
2026.08.24	04:40:00	4614.23	4614.36	4609.01	4609.37	534	0	10
2026.08.24	04:41:00	4609.41	4611.54	4608.51	4611.54	487	0	10
2026.08.24	04:42:00	4611.47	4614.04	4611.38	4613.59	398	0	10
2026.08.24	04:43:00	4613.61	4618.27	4613.57	4615.71	459	0	10
2026.08.24	04:44:00	4615.71	4618.47	4615.39	4618.29	387	0	10
2026.08.24	04:45:00	4618.27	4619.05	4615.26	4615.86	475	0	10
2026.08.24	04:46:00	4615.86	4617.22	4615.21	4616.52	383	0	10
2026.08.24	04:47:00	4616.52	4618.75	4616.16	4616.18	439	0	10
2026.08.24	04:48:00	4616.18	4616.82	4615.18	4616.25	369	0	10
2026.08.24	04:49:00	4616.25	4619.13	4615.78	4618.86	408	0	10
2026.08.24	04:50:00	4618.86	4623.88	4618.86	4623.64	547	0	10
2026.08.24	04:51:00	4623.63	4627.75	4623.63	4627.74	473	0	10
2026.08.24	04:52:00	4627.72	4630.05	4626.86	4627.06	447	0	10
2026.08.24	04:53:00	4627.06	4627.68	4623.66	4627.37	513	0	10
2026.08.24	04:54:00	4627.39	4629.36	4627.39	4628.79	393	0	10
2026.08.24	04:55:00	4628.79	4629.44	4626.56	4629.39	419	0	10
2026.08.24	04:56:00	4629.46	4634.34	4629.00	4634.28	542	0	10
2026.08.24	04:57:00	4634.27	4636.50	4633.90	4636.19	473	0	10
2026.08.24	04:58:00	4636.19	4637.60	4634.40	4636.70	524	0	10
2026.08.24	04:59:00	4636.70	4636.74	4632.16	4632.23	404	0	10
2026.08.24	05:00:00	4632.22	4632.25	4627.94	4629.52	621	0	10
2026.08.24	05:01:00	4629.48	4633.34	4628.18	4631.55	640	0	10
2026.08.24	05:02:00	4631.91	4637.33	4631.26	4635.48	558	0	10
2026.08.24	05:03:00	4635.50	4636.54	4635.06	4635.31	526	0	10
2026.08.24	05:04:00	4635.44	4638.72	4635.31	4636.96	579	0	10
2026.08.24	05:05:00	4637.02	4637.07	4634.13	4636.35	551	0	10
2026.08.24	05:06:00	4636.35	4637.93	4636.03	4637.31	505	0	10
2026.08.24	05:07:00	4637.29	4638.79	4636.08	4638.48	465	0	10
2026.08.24	05:08:00	4638.44	4642.75	4637.28	4642.75	472	0	10
2026.08.24	05:09:00	4642.97	4643.12	4640.18	4642.72	563	0	10
2026.08.24	05:10:00	4642.71	4649.57	4642.24	4649.56	687	0	10
2026.08.24	05:11:00	4649.57	4651.75	4647.37	4651.35	727	0	10
2026.08.24	05:12:00	4651.57	4652.19	4648.80	4648.81	577	0	10
2026.08.24	05:13:00	4648.80	4651.49	4648.32	4648.41	496	0	10
2026.08.24	05:14:00	4648.41	4650.60	4647.76	4650.37	484	0	10
2026.08.24	05:15:00	4650.37	4650.99	4649.26	4650.04	365	0	10
2026.08.24	05:16:00	4650.06	4652.41	4649.87	4651.87	402	0	10
2026.08.24	05:17:00	4651.87	4654.11	4651.53	4653.97	341	0	10
2026.08.24	05:18:00	4653.98	4655.14	4653.09	4653.56	387	0	10
2026.08.24	05:19:00	4653.56	4655.44	4653.04	4654.57	380	0	10
2026.08.24	05:20:00	4654.50	4654.50	4649.43	4651.98	493	0	10
2026.08.24	05:21:00	4651.99	4654.35	4650.29	4653.83	395	0	10
2026.08.24	05:22:00	4653.85	4655.22	4652.13	4652.53	335	0	10
2026.08.24	05:23:00	4652.50	4654.40	4652.48	4653.84	305	0	10
2026.08.24	05:24:00	4653.85	4655.04	4651.99	4654.42	388	0	10
2026.08.24	05:25:00	4654.46	4654.95	4652.82	4652.95	333	0	10
2026.08.24	05:26:00	4652.96	4653.70	4651.87	4652.04	270	0	10
2026.08.24	05:27:00	4652.04	4652.42	4649.63	4650.47	318	0	10
2026.08.24	05:28:00	4650.47	4654.53	4650.36	4654.52	280	0	10
2026.08.24	05:29:00	4654.48	4655.67	4653.85	4655.41	333	0	10
2026.08.24	05:30:00	4655.50	4656.79	4651.29	4652.35	618	0	10
2026.08.24	05:31:00	4652.37	4655.70	4652.12	4653.37	550	0	10
2026.08.24	05:32:00	4653.38	4655.14	4653.00	4654.59	559	0	10
2026.08.24	05:33:00	4654.59	4654.81	4649.88	4652.49	446	0	10
2026.08.24	05:34:00	4652.49	4653.46	4651.76	4651.89	476	0	10
2026.08.24	05:35:00	4651.89	4653.89	4650.89	4650.89	577	0	10
2026.08.24	05:36:00	4650.88	4651.40	4650.19	4650.46	468	0	10
2026.08.24	05:37:00	4650.46	4653.35	4650.25	4652.10	510	0	10
2026.08.24	05:38:00	4652.10	4652.80	4649.57	4650.45	410	0	10
2026.08.24	05:39:00	4650.44	4651.18	4645.05	4645.16	512	0	10
2026.08.24	05:40:00	4645.16	4645.77	4639.87	4641.01	567	0	10
2026.08.24	05:41:00	4641.01	4642.63	4639.79	4640.09	518	0	10
2026.08.24	05:42:00	4640.09	4641.33	4638.81	4640.96	424	0	10
2026.08.24	05:43:00	4640.98	4641.29	4639.21	4639.32	412	0	10
2026.08.24	05:44:00	4639.32	4640.01	4637.42	4637.59	468	0	10
2026.08.24	05:45:00	4637.59	4637.79	4634.25	4634.43	437	0	10
2026.08.24	05:46:00	4634.43	4635.20	4633.29	4633.99	473	0	10
2026.08.24	05:47:00	4633.97	4634.42	4631.35	4632.50	435	0	10
2026.08.24	05:48:00	4632.51	4632.51	4627.58	4629.78	560	0	10
2026.08.24	05:49:00	4629.74	4630.84	4627.90	4628.72	519	0	10
2026.08.24	05:50:00	4628.72	4633.68	4628.03	4632.35	555	0	10
2026.08.24	05:51:00	4632.35	4633.96	4630.85	4631.03	522	0	10
2026.08.24	05:52:00	4631.05	4635.05	4630.99	4633.86	415	0	10
2026.08.24	05:53:00	4633.86	4636.92	4633.39	4635.78	484	0	10
2026.08.24	05:54:00	4635.80	4638.43	4635.70	4638.23	435	0	10
2026.08.24	05:55:00	4638.23	4642.66	4637.62	4642.31	540	0	10
2026.08.24	05:56:00	4642.32	4644.36	4641.79	4644.02	462	0	10
2026.08.24	05:57:00	4643.92	4644.86	4641.33	4642.55	423	0	10
2026.08.24	05:58:00	4642.57	4642.59	4640.18	4641.04	447	0	10
2026.08.24	05:59:00	4641.04	4643.65	4640.92	4643.64	418	0	10
2026.08.24	06:00:00	4643.64	4643.93	4641.08	4642.96	504	0	10
2026.08.24	06:01:00	4642.97	4643.40	4640.68	4641.96	440	0	10
2026.08.24	06:02:00	4641.97	4642.09	4637.80	4638.53	449	0	10
2026.08.24	06:03:00	4638.53	4641.41	4638.24	4640.83	364	0	10
2026.08.24	06:04:00	4640.83	4642.07	4639.97	4640.33	287	0	10
2026.08.24	06:05:00	4640.33	4640.45	4637.24	4638.64	374	0	10
2026.08.24	06:06:00	4638.68	4639.18	4634.96	4635.34	396	0	10
2026.08.24	06:07:00	4635.28	4637.26	4634.68	4636.54	354	0	10
2026.08.24	06:08:00	4636.54	4637.22	4635.76	4636.42	239	0	10
2026.08.24	06:09:00	4636.42	4638.90	4636.42	4637.78	318	0	10
2026.08.24	06:10:00	4637.76	4639.67	4636.03	4636.04	435	0	10
2026.08.24	06:11:00	4636.04	4636.12	4633.51	4633.94	423	0	10
2026.08.24	06:12:00	4633.94	4636.24	4633.35	4635.39	423	0	10
2026.08.24	06:13:00	4635.39	4638.48	4634.68	4638.48	304	0	10
2026.08.24	06:14:00	4638.58	4639.06	4636.40	4637.18	401	0	10
2026.08.24	06:15:00	4637.19	4639.10	4636.92	4637.71	413	0	10
2026.08.24	06:16:00	4637.71	4639.56	4636.91	4639.03	327	0	10
2026.08.24	06:17:00	4639.03	4641.29	4638.85	4640.83	381	0	10
2026.08.24	06:18:00	4640.84	4641.57	4638.98	4640.64	347	0	10
2026.08.24	06:19:00	4640.64	4640.87	4638.14	4638.92	388	0	10
2026.08.24	06:20:00	4638.92	4640.38	4636.08	4636.15	443	0	10
2026.08.24	06:21:00	4636.18	4639.30	4635.55	4639.30	379	0	10
2026.08.24	06:22:00	4639.32	4639.99	4638.08	4639.77	320	0	10
2026.08.24	06:23:00	4639.77	4643.55	4639.71	4643.33	436	0	10
2026.08.24	06:24:00	4643.26	4643.92	4641.71	4642.50	354	0	10
2026.08.24	06:25:00	4642.50	4645.73	4642.40	4645.49	395	0	10
2026.08.24	06:26:00	4645.49	4648.56	4645.35	4647.51	405	0	10
2026.08.24	06:27:00	4647.52	4647.87	4644.77	4645.66	377	0	10
2026.08.24	06:28:00	4645.66	4646.30	4643.99	4644.49	304	0	10
2026.08.24	06:29:00	4644.49	4644.49	4642.59	4643.93	382	0	10
2026.08.24	06:30:00	4643.94	4646.04	4643.76	4645.36	440	0	10
2026.08.24	06:31:00	4645.35	4647.27	4644.29	4647.18	258	0	10
2026.08.24	06:32:00	4647.20	4648.40	4647.10	4647.82	298	0	10
2026.08.24	06:33:00	4647.82	4648.22	4644.63	4646.88	372	0	10
2026.08.24	06:34:00	4646.88	4648.05	4646.73	4648.03	322	0	10
2026.08.24	06:35:00	4648.05	4649.07	4647.51	4647.54	401	0	10
2026.08.24	06:36:00	4647.55	4648.81	4647.25	4648.80	281	0	10
2026.08.24	06:37:00	4648.80	4649.98	4647.94	4649.61	271	0	10
2026.08.24	06:38:00	4649.62	4650.00	4649.09	4649.93	233	0	10
2026.08.24	06:39:00	4649.93	4650.17	4646.86	4647.60	293	0	10
2026.08.24	06:40:00	4647.60	4648.08	4647.24	4647.51	168	0	10
2026.08.24	06:41:00	4647.79	4647.93	4646.39	4646.53	204	0	10
2026.08.24	06:42:00	4646.53	4646.72	4644.92	4645.96	347	0	10
2026.08.24	06:43:00	4645.91	4646.43	4645.16	4645.16	213	0	10
2026.08.24	06:44:00	4645.19	4645.26	4642.78	4642.98	296	0	10
2026.08.24	06:45:00	4642.98	4643.37	4642.51	4642.70	232	0	10
2026.08.24	06:46:00	4642.70	4644.71	4642.66	4644.61	202	0	10
2026.08.24	06:47:00	4644.62	4644.64	4643.01	4643.38	222	0	10
2026.08.24	06:48:00	4643.46	4643.73	4642.35	4642.37	265	0	10
2026.08.24	06:49:00	4642.40	4644.02	4642.36	4642.67	238	0	10
2026.08.24	06:50:00	4642.68	4644.49	4642.63	4643.92	231	0	10
2026.08.24	06:51:00	4643.94	4644.82	4643.33	4643.98	220	0	10
2026.08.24	06:52:00	4643.98	4644.59	4643.06	4643.32	200	0	10
2026.08.24	06:53:00	4643.32	4644.17	4642.52	4643.35	186	0	10
2026.08.24	06:54:00	4643.35	4643.77	4641.27	4641.33	218	0	10
2026.08.24	06:55:00	4641.33	4643.65	4641.33	4642.22	264	0	10
2026.08.24	06:56:00	4642.22	4642.81	4640.85	4641.19	300	0	10
2026.08.24	06:57:00	4641.19	4641.23	4640.12	4640.89	212	0	10
2026.08.24	06:58:00	4640.99	4641.70	4640.75	4641.44	184	0	10
2026.08.24	06:59:00	4641.44	4641.83	4640.68	4641.59	202	0	10
2026.08.24	07:00:00	4641.59	4642.24	4638.71	4638.83	394	0	10
2026.08.24	07:01:00	4638.83	4639.85	4637.92	4639.85	269	0	10
2026.08.24	07:02:00	4639.85	4640.10	4638.53	4639.65	201	0	10
2026.08.24	07:03:00	4639.65	4642.68	4639.19	4641.81	264	0	10
2026.08.24	07:04:00	4641.81	4641.85	4639.64	4639.85	239	0	10
2026.08.24	07:05:00	4639.85	4639.86	4634.83	4635.53	373	0	10
2026.08.24	07:06:00	4635.54	4636.10	4633.18	4633.18	256	0	10
2026.08.24	07:07:00	4633.05	4633.91	4632.65	4632.86	255	0	10
2026.08.24	07:08:00	4632.79	4634.85	4632.76	4633.97	259	0	10
2026.08.24	07:09:00	4633.97	4635.17	4633.52	4633.82	241	0	10
2026.08.24	07:10:00	4633.82	4635.54	4633.04	4635.00	369	0	10
2026.08.24	07:11:00	4635.00	4635.83	4633.38	4635.56	397	0	10
2026.08.24	07:12:00	4635.53	4637.60	4635.47	4637.56	330	0	10
2026.08.24	07:13:00	4637.52	4638.88	4637.31	4637.42	310	0	10
2026.08.24	07:14:00	4637.41	4638.62	4636.99	4638.62	286	0	10
2026.08.24	07:15:00	4638.62	4638.62	4635.65	4636.05	310	0	10
2026.08.24	07:16:00	4636.05	4636.22	4634.65	4636.17	301	0	10
2026.08.24	07:17:00	4636.18	4639.30	4635.95	4639.27	244	0	10
2026.08.24	07:18:00	4639.27	4641.01	4638.41	4640.64	265	0	10
2026.08.24	07:19:00	4640.57	4640.63	4639.18	4640.23	196	0	10
2026.08.24	07:20:00	4640.28	4640.38	4638.71	4639.15	268	0	10
2026.08.24	07:21:00	4639.15	4639.82	4638.75	4638.90	246	0	10
2026.08.24	07:22:00	4638.90	4639.21	4637.62	4638.18	264	0	10
2026.08.24	07:23:00	4638.18	4639.68	4637.55	4639.60	217	0	10
2026.08.24	07:24:00	4639.56	4639.87	4637.49	4637.90	264	0	10
2026.08.24	07:25:00	4637.90	4639.58	4637.78	4639.44	283	0	10
2026.08.24	07:26:00	4639.44	4641.47	4638.39	4640.78	316	0	10
2026.08.24	07:27:00	4640.79	4642.08	4639.56	4639.56	283	0	10
2026.08.24	07:28:00	4639.56	4641.43	4639.25	4640.66	232	0	10
2026.08.24	07:29:00	4640.65	4641.29	4639.44	4640.63	291	0	10
2026.08.24	07:30:00	4640.63	4640.93	4638.69	4639.26	300	0	10
2026.08.24	07:31:00	4639.31	4639.35	4637.66	4638.52	215	0	10
2026.08.24	07:32:00	4638.48	4638.53	4636.88	4637.56	246	0	10
2026.08.24	07:33:00	4637.56	4637.73	4633.06	4633.66	243	0	10
2026.08.24	07:34:00	4633.60	4636.17	4633.11	4635.77	233	0	10
2026.08.24	07:35:00	4635.75	4636.45	4634.90	4636.05	279	0	10
2026.08.24	07:36:00	4636.04	4636.46	4635.31	4636.46	245	0	10
2026.08.24	07:37:00	4636.46	4636.49	4635.28	4636.20	200	0	10
2026.08.24	07:38:00	4636.20	4637.74	4635.63	4637.01	306	0	10
2026.08.24	07:39:00	4637.02	4637.56	4636.31	4636.62	271	0	10
2026.08.24	07:40:00	4636.62	4636.90	4635.19	4635.38	215	0	10
2026.08.24	07:41:00	4635.38	4636.65	4635.38	4636.04	227	0	10
2026.08.24	07:42:00	4636.05	4636.77	4635.02	4636.63	261	0	10
2026.08.24	07:43:00	4636.63	4638.27	4636.55	4637.96	150	0	10
2026.08.24	07:44:00	4637.96	4638.62	4637.04	4638.21	162	0	10
2026.08.24	07:45:00	4638.20	4639.12	4637.19	4637.23	247	0	10
2026.08.24	07:46:00	4637.18	4638.20	4635.92	4638.00	151	0	10
2026.08.24	07:47:00	4638.00	4638.18	4636.59	4636.89	179	0	10
2026.08.24	07:48:00	4636.88	4637.88	4636.81	4637.06	262	0	10
2026.08.24	07:49:00	4637.06	4637.13	4636.05	4636.55	178	0	10
2026.08.24	07:50:00	4636.59	4640.57	4635.98	4638.54	305	0	10
2026.08.24	07:51:00	4638.70	4638.93	4637.75	4638.42	248	0	10
2026.08.24	07:52:00	4638.43	4638.47	4637.66	4637.87	181	0	10
2026.08.24	07:53:00	4637.87	4639.79	4637.77	4639.38	208	0	10
2026.08.24	07:54:00	4639.46	4640.12	4639.35	4639.98	190	0	10
2026.08.24	07:55:00	4639.98	4640.41	4638.68	4638.73	211	0	10
2026.08.24	07:56:00	4638.73	4639.75	4638.42	4639.03	192	0	10
2026.08.24	07:57:00	4639.03	4639.63	4638.96	4639.19	156	0	10
2026.08.24	07:58:00	4639.19	4639.70	4637.20	4637.41	191	0	10
2026.08.24	07:59:00	4637.41	4639.18	4637.41	4638.96	206	0	10
2026.08.24	08:00:00	4638.96	4641.76	4638.96	4640.56	332	0	10
2026.08.24	08:01:00	4640.56	4641.01	4638.87	4640.05	318	0	10
2026.08.24	08:02:00	4640.05	4641.40	4639.75	4639.93	235	0	10
2026.08.24	08:03:00	4639.93	4640.67	4639.25	4640.62	253	0	10
2026.08.24	08:04:00	4640.59	4640.66	4638.68	4639.49	258	0	10
2026.08.24	08:05:00	4639.55	4642.10	4639.18	4641.24	309	0	10
2026.08.24	08:06:00	4641.19	4642.23	4640.96	4641.87	211	0	10
2026.08.24	08:07:00	4641.87	4643.00	4640.36	4641.44	278	0	10
2026.08.24	08:08:00	4641.44	4642.30	4640.77	4641.49	302	0	10
2026.08.24	08:09:00	4641.46	4641.46	4639.76	4639.89	288	0	10
2026.08.24	08:10:00	4639.89	4642.10	4639.11	4641.54	303	0	10
2026.08.24	08:11:00	4641.54	4642.46	4640.41	4642.42	209	0	10
2026.08.24	08:12:00	4642.41	4642.50	4641.24	4642.30	219	0	10
2026.08.24	08:13:00	4642.30	4642.30	4640.41	4641.11	234	0	10
2026.08.24	08:14:00	4641.11	4643.64	4641.11	4643.64	295	0	10
2026.08.24	08:15:00	4643.55	4645.55	4641.57	4644.20	334	0	10
2026.08.24	08:16:00	4644.20	4644.88	4643.84	4644.37	280	0	10
2026.08.24	08:17:00	4644.35	4646.65	4644.33	4645.55	265	0	10
2026.08.24	08:18:00	4645.55	4645.55	4643.46	4644.17	225	0	10
2026.08.24	08:19:00	4644.18	4644.27	4642.88	4643.31	227	0	10
2026.08.24	08:20:00	4643.31	4643.31	4640.71	4640.78	310	0	10
2026.08.24	08:21:00	4640.78	4641.29	4639.23	4639.55	295	0	10
2026.08.24	08:22:00	4639.58	4640.01	4638.32	4639.80	325	0	10
2026.08.24	08:23:00	4639.80	4640.18	4638.39	4638.70	300	0	10
2026.08.24	08:24:00	4638.70	4639.13	4638.24	4638.77	270	0	10
2026.08.24	08:25:00	4638.63	4640.28	4638.38	4639.97	232	0	10
2026.08.24	08:26:00	4639.98	4640.26	4638.26	4639.77	217	0	10
2026.08.24	08:27:00	4639.77	4642.38	4639.66	4641.94	250	0	10
2026.08.24	08:28:00	4641.94	4641.94	4638.91	4639.52	288	0	10
2026.08.24	08:29:00	4639.53	4640.16	4636.14	4636.15	276	0	10
2026.08.24	08:30:00	4636.15	4638.22	4631.10	4636.57	692	0	10
2026.08.24	08:31:00	4636.69	4639.69	4632.34	4633.20	572	0	10
2026.08.24	08:32:00	4633.20	4634.11	4632.11	4633.38	403	0	10
2026.08.24	08:33:00	4633.37	4634.21	4631.70	4632.41	517	0	10
2026.08.24	08:34:00	4632.41	4632.73	4629.85	4632.70	567	0	10
2026.08.24	08:35:00	4632.71	4637.33	4632.37	4636.89	483	0	10
2026.08.24	08:36:00	4636.89	4639.11	4636.50	4637.45	379	0	10
2026.08.24	08:37:00	4637.43	4637.97	4631.00	4631.67	453	0	10
2026.08.24	08:38:00	4631.67	4634.32	4630.53	4634.06	492	0	10
2026.08.24	08:39:00	4634.06	4634.35	4633.16	4633.25	299	0	10
2026.08.24	08:40:00	4633.25	4635.39	4632.77	4634.31	440	0	10
2026.08.24	08:41:00	4634.27	4635.14	4633.56	4634.91	373	0	10
2026.08.24	08:42:00	4634.94	4635.07	4631.51	4633.42	461	0	10
2026.08.24	08:43:00	4633.52	4634.64	4631.50	4634.54	411	0	10
2026.08.24	08:44:00	4634.54	4635.75	4633.05	4633.57	405	0	10
2026.08.24	08:45:00	4633.52	4636.56	4632.25	4636.06	444	0	10
2026.08.24	08:46:00	4636.06	4636.58	4632.08	4632.79	435	0	10
2026.08.24	08:47:00	4632.79	4633.58	4630.24	4633.46	447	0	10
2026.08.24	08:48:00	4633.43	4636.12	4632.30	4636.00	394	0	10
2026.08.24	08:49:00	4636.01	4638.67	4636.00	4638.67	347	0	10
2026.08.24	08:50:00	4638.67	4639.63	4636.37	4636.61	435	0	10
2026.08.24	08:51:00	4636.61	4642.49	4636.35	4641.21	444	0	10
2026.08.24	08:52:00	4641.21	4642.35	4640.86	4641.58	363	0	10
2026.08.24	08:53:00	4641.58	4643.30	4640.29	4641.06	378	0	10
2026.08.24	08:54:00	4641.06	4641.07	4637.56	4638.56	375	0	10
2026.08.24	08:55:00	4638.56	4640.38	4638.43	4638.80	365	0	10
2026.08.24	08:56:00	4638.84	4639.99	4637.57	4637.75	415	0	10
2026.08.24	08:57:00	4637.75	4639.76	4637.48	4639.62	366	0	10
2026.08.24	08:58:00	4639.62	4641.07	4639.53	4639.53	421	0	10
2026.08.24	08:59:00	4639.55	4641.44	4639.53	4640.74	360	0	10
2026.08.24	09:00:00	4640.82	4642.74	4639.30	4642.28	665	0	10
2026.08.24	09:01:00	4642.27	4642.78	4641.38	4642.56	504	0	10
2026.08.24	09:02:00	4642.56	4645.43	4640.89	4645.06	474	0	10
2026.08.24	09:03:00	4645.05	4646.00	4644.19	4644.67	363	0	10
2026.08.24	09:04:00	4644.66	4645.67	4644.18	4644.95	461	0	10
2026.08.24	09:05:00	4644.92	4646.35	4643.19	4645.56	507	0	10
2026.08.24	09:06:00	4645.56	4649.62	4645.56	4649.21	450	0	10
2026.08.24	09:07:00	4649.29	4649.88	4645.81	4646.04	406	0	10
2026.08.24	09:08:00	4646.04	4650.15	4645.80	4649.39	509	0	10
2026.08.24	09:09:00	4649.39	4651.66	4648.80	4649.05	395	0	10
2026.08.24	09:10:00	4649.07	4649.67	4647.48	4647.79	393	0	10
2026.08.24	09:11:00	4647.72	4648.87	4647.36	4648.26	338	0	10
2026.08.24	09:12:00	4648.23	4649.23	4647.05	4647.71	323	0	10
2026.08.24	09:13:00	4647.71	4651.59	4647.71	4651.59	399	0	10
2026.08.24	09:14:00	4651.61	4652.47	4650.32	4652.26	330	0	10
2026.08.24	09:15:00	4652.10	4656.81	4651.84	4655.44	517	0	10
2026.08.24	09:16:00	4655.55	4656.28	4654.38	4656.26	467	0	10
2026.08.24	09:17:00	4656.28	4659.14	4654.72	4656.47	543	0	10
2026.08.24	09:18:00	4656.49	4659.00	4656.12	4659.00	407	0	10
2026.08.24	09:19:00	4658.90	4659.78	4655.74	4656.26	459	0	10
2026.08.24	09:20:00	4656.26	4657.46	4654.94	4656.47	494	0	10
2026.08.24	09:21:00	4656.44	4658.48	4653.37	4653.37	485	0	10
2026.08.24	09:22:00	4653.37	4653.47	4647.51	4648.06	505	0	10
2026.08.24	09:23:00	4648.13	4648.90	4646.45	4647.68	388	0	10
2026.08.24	09:24:00	4647.68	4650.46	4647.10	4650.17	480	0	10
2026.08.24	09:25:00	4650.28	4650.28	4646.97	4648.51	481	0	10
2026.08.24	09:26:00	4648.52	4648.93	4643.69	4644.81	504	0	10
2026.08.24	09:27:00	4644.79	4644.90	4642.75	4642.83	444	0	10
2026.08.24	09:28:00	4642.81	4644.24	4642.34	4643.08	374	0	10
2026.08.24	09:29:00	4643.06	4644.18	4640.87	4642.73	399	0	10
2026.08.24	09:30:00	4642.77	4645.40	4642.27	4644.90	459	0	10
2026.08.24	09:31:00	4644.88	4647.40	4644.60	4647.09	423	0	10
2026.08.24	09:32:00	4647.09	4648.83	4646.19	4648.55	341	0	10
2026.08.24	09:33:00	4648.55	4652.46	4648.54	4651.81	404	0	10
2026.08.24	09:34:00	4651.78	4651.99	4648.84	4650.72	381	0	10
2026.08.24	09:35:00	4650.73	4652.91	4650.26	4652.60	376	0	10
2026.08.24	09:36:00	4652.60	4652.79	4651.23	4652.37	281	0	10
2026.08.24	09:37:00	4652.32	4653.73	4651.83	4653.21	376	0	10
2026.08.24	09:38:00	4653.21	4653.21	4651.02	4651.04	388	0	10
2026.08.24	09:39:00	4651.08	4652.57	4650.96	4651.17	320	0	10
2026.08.24	09:40:00	4651.15	4651.87	4649.45	4650.60	383	0	10
2026.08.24	09:41:00	4650.61	4650.74	4648.33	4648.75	433	0	10
2026.08.24	09:42:00	4648.75	4649.09	4646.69	4646.97	380	0	10
2026.08.24	09:43:00	4647.00	4647.00	4644.41	4644.60	377	0	10
2026.08.24	09:44:00	4644.60	4644.60	4642.00	4643.08	443	0	10
2026.08.24	09:45:00	4643.07	4645.71	4643.01	4645.01	493	0	10
2026.08.24	09:46:00	4645.02	4646.45	4644.56	4646.40	376	0	10
2026.08.24	09:47:00	4646.38	4647.33	4645.35	4646.41	330	0	10
2026.08.24	09:48:00	4646.39	4648.34	4646.36	4648.28	276	0	10
2026.08.24	09:49:00	4648.28	4650.53	4648.24	4650.15	327	0	10
2026.08.24	09:50:00	4650.15	4652.01	4649.82	4649.82	328	0	10
2026.08.24	09:51:00	4649.97	4649.97	4646.09	4648.78	391	0	10
2026.08.24	09:52:00	4648.78	4652.75	4648.53	4652.24	319	0	10
2026.08.24	09:53:00	4652.24	4653.91	4652.24	4653.71	356	0	10
2026.08.24	09:54:00	4653.71	4653.76	4651.16	4651.38	340	0	10
2026.08.24	09:55:00	4651.38	4651.40	4649.45	4649.45	289	0	10
2026.08.24	09:56:00	4649.45	4651.36	4649.45	4650.66	290	0	10
2026.08.24	09:57:00	4650.66	4650.66	4648.81	4649.57	372	0	10
2026.08.24	09:58:00	4649.57	4650.33	4649.13	4650.09	325	0	10
2026.08.24	09:59:00	4650.03	4650.60	4649.15	4650.02	395	0	10
2026.08.24	10:00:00	4649.93	4654.74	4649.65	4652.12	581	0	10
2026.08.24	10:01:00	4652.09	4652.77	4648.06	4648.16	355	0	10
2026.08.24	10:02:00	4648.16	4649.50	4647.37	4648.66	273	0	10
2026.08.24	10:03:00	4648.78	4650.67	4648.38	4649.11	319	0	10
2026.08.24	10:04:00	4648.97	4650.16	4648.21	4648.92	264	0	10
2026.08.24	10:05:00	4648.92	4650.00	4647.44	4649.98	270	0	10
2026.08.24	10:06:00	4649.98	4650.20	4648.26	4648.34	305	0	10
2026.08.24	10:07:00	4648.60	4648.88	4646.02	4646.88	408	0	10
2026.08.24	10:08:00	4646.88	4647.78	4645.78	4646.61	369	0	10
2026.08.24	10:09:00	4646.61	4647.27	4644.30	4646.63	350	0	10
2026.08.24	10:10:00	4646.63	4647.98	4644.45	4646.96	418	0	10
2026.08.24	10:11:00	4646.96	4649.36	4645.88	4649.20	437	0	10
2026.08.24	10:12:00	4649.20	4649.27	4647.40	4648.48	301	0	10
2026.08.24	10:13:00	4648.48	4648.88	4646.04	4647.00	334	0	10
2026.08.24	10:14:00	4647.04	4649.21	4647.03	4648.51	279	0	10
2026.08.24	10:15:00	4648.42	4650.25	4646.89	4646.89	318	0	10
2026.08.24	10:16:00	4646.93	4647.09	4642.76	4644.23	479	0	10
2026.08.24	10:17:00	4644.19	4645.22	4643.01	4644.21	395	0	10
2026.08.24	10:18:00	4644.21	4645.12	4642.77	4644.12	337	0	10
2026.08.24	10:19:00	4644.12	4646.42	4643.92	4646.03	354	0	10
2026.08.24	10:20:00	4646.09	4647.34	4645.54	4646.61	285	0	10
2026.08.24	10:21:00	4646.61	4647.63	4645.20	4645.23	317	0	10
2026.08.24	10:22:00	4645.23	4647.98	4645.12	4647.63	333	0	10
2026.08.24	10:23:00	4647.80	4647.92	4643.25	4643.93	322	0	10
2026.08.24	10:24:00	4643.93	4643.98	4642.32	4643.46	291	0	10
2026.08.24	10:25:00	4643.46	4646.67	4643.44	4646.55	339	0	10
2026.08.24	10:26:00	4646.56	4647.54	4643.99	4644.48	391	0	10
2026.08.24	10:27:00	4644.48	4645.74	4644.18	4645.59	262	0	10
2026.08.24	10:28:00	4645.59	4646.48	4643.87	4644.66	230	0	10
2026.08.24	10:29:00	4644.66	4645.72	4642.31	4642.77	335	0	10
2026.08.24	10:30:00	4642.77	4643.46	4641.43	4641.56	319	0	10
2026.08.24	10:31:00	4641.66	4642.99	4641.37	4642.99	278	0	10
2026.08.24	10:32:00	4643.07	4644.42	4642.45	4643.64	206	0	10
2026.08.24	10:33:00	4643.64	4644.62	4641.52	4643.58	337	0	10
2026.08.24	10:34:00	4643.58	4646.72	4643.47	4646.64	255	0	10
2026.08.24	10:35:00	4646.64	4648.10	4645.83	4647.74	356	0	10
2026.08.24	10:36:00	4647.74	4648.01	4646.19	4646.77	286	0	10
2026.08.24	10:37:00	4646.77	4646.79	4645.02	4645.28	235	0	10
2026.08.24	10:38:00	4645.28	4645.90	4643.13	4644.83	331	0	10
2026.08.24	10:39:00	4644.48	4645.48	4643.67	4644.54	326	0	10
2026.08.24	10:40:00	4644.54	4644.87	4642.96	4643.77	308	0	10
2026.08.24	10:41:00	4643.79	4645.13	4640.43	4640.77	402	0	10
2026.08.24	10:42:00	4640.77	4642.06	4638.02	4638.02	530	0	10
2026.08.24	10:43:00	4638.87	4639.45	4635.70	4636.12	566	0	10
2026.08.24	10:44:00	4635.99	4636.82	4634.87	4634.89	460	0	10
2026.08.24	10:45:00	4634.89	4635.35	4631.62	4633.42	471	0	10
2026.08.24	10:46:00	4633.44	4634.26	4631.87	4632.68	441	0	10
2026.08.24	10:47:00	4632.64	4633.91	4630.58	4633.88	462	0	10
2026.08.24	10:48:00	4633.88	4635.53	4631.62	4634.85	428	0	10
2026.08.24	10:49:00	4634.85	4634.85	4630.39	4631.46	341	0	10
2026.08.24	10:50:00	4631.45	4634.63	4630.29	4633.59	400	0	10
2026.08.24	10:51:00	4633.59	4636.20	4632.47	4636.16	491	0	10
2026.08.24	10:52:00	4636.16	4637.11	4634.15	4634.15	357	0	10
2026.08.24	10:53:00	4634.15	4637.13	4634.14	4637.03	263	0	10
2026.08.24	10:54:00	4637.04	4637.05	4634.63	4636.03	245	0	10
2026.08.24	10:55:00	4636.06	4638.76	4635.83	4638.73	269	0	10
2026.08.24	10:56:00	4638.72	4641.05	4637.96	4640.61	308	0	10
2026.08.24	10:57:00	4640.64	4641.61	4639.71	4641.25	352	0	10
2026.08.24	10:58:00	4641.25	4643.57	4641.11	4643.42	289	0	10
2026.08.24	10:59:00	4643.41	4643.95	4641.55	4641.57	282	0	10
2026.08.24	11:00:00	4641.60	4643.75	4640.39	4640.62	553	0	10
2026.08.24	11:01:00	4640.62	4640.93	4636.86	4637.34	493	0	10
2026.08.24	11:02:00	4637.34	4639.19	4636.49	4637.70	516	0	10
2026.08.24	11:03:00	4637.71	4641.04	4637.69	4639.46	387	0	10
2026.08.24	11:04:00	4639.43	4641.55	4638.12	4640.81	431	0	10
2026.08.24	11:05:00	4640.81	4642.05	4638.55	4638.55	399	0	10
2026.08.24	11:06:00	4638.58	4639.65	4636.99	4638.58	430	0	10
2026.08.24	11:07:00	4638.59	4646.08	4638.43	4642.17	606	0	10
2026.08.24	11:08:00	4642.17	4642.54	4637.52	4637.71	378	0	10
2026.08.24	11:09:00	4637.75	4638.68	4636.56	4638.48	327	0	10
2026.08.24	11:10:00	4638.46	4640.59	4638.34	4640.34	344	0	10
2026.08.24	11:11:00	4640.34	4640.37	4636.22	4636.22	349	0	10
2026.08.24	11:12:00	4636.21	4637.89	4635.96	4636.42	263	0	10
2026.08.24	11:13:00	4636.43	4638.72	4636.34	4638.43	246	0	10
2026.08.24	11:14:00	4638.43	4639.28	4636.77	4637.64	416	0	10
2026.08.24	11:15:00	4637.62	4637.69	4635.19	4636.03	415	0	10
2026.08.24	11:16:00	4636.04	4636.10	4632.13	4632.27	352	0	10
2026.08.24	11:17:00	4632.26	4633.49	4631.82	4631.89	396	0	10
2026.08.24	11:18:00	4631.88	4635.83	4631.80	4635.47	386	0	10
2026.08.24	11:19:00	4635.46	4637.40	4635.46	4636.07	349	0	10
2026.08.24	11:20:00	4636.07	4637.49	4636.07	4636.95	246	0	10
2026.08.24	11:21:00	4636.95	4638.66	4636.56	4638.39	294	0	10
2026.08.24	11:22:00	4638.39	4638.82	4637.65	4638.00	280	0	10
2026.08.24	11:23:00	4638.09	4638.49	4635.75	4635.76	330	0	10
2026.08.24	11:24:00	4635.76	4637.10	4634.85	4635.94	418	0	10
2026.08.24	11:25:00	4635.98	4639.80	4635.09	4635.57	361	0	10
2026.08.24	11:26:00	4635.57	4636.25	4634.31	4634.42	336	0	10
2026.08.24	11:27:00	4634.42	4635.68	4632.83	4633.20	334	0	10
2026.08.24	11:28:00	4633.20	4633.42	4631.92	4632.86	243	0	10
2026.08.24	11:29:00	4632.86	4633.22	4629.50	4629.50	356	0	10
2026.08.24	11:30:00	4629.55	4633.35	4628.91	4632.20	460	0	10
2026.08.24	11:31:00	4632.21	4632.54	4630.70	4632.08	325	0	10
2026.08.24	11:32:00	4632.08	4634.69	4631.92	4633.68	217	0	10
2026.08.24	11:33:00	4633.68	4634.33	4630.69	4632.25	272	0	10
2026.08.24	11:34:00	4632.25	4634.33	4632.23	4634.33	240	0	10
2026.08.24	11:35:00	4634.54	4635.04	4633.97	4634.02	244	0	10
2026.08.24	11:36:00	4634.02	4636.54	4633.70	4636.54	236	0	10
2026.08.24	11:37:00	4636.55	4636.55	4634.16	4634.58	264	0	10
2026.08.24	11:38:00	4634.58	4636.11	4634.35	4636.03	165	0	10
2026.08.24	11:39:00	4636.05	4637.44	4635.48	4637.32	303	0	10
2026.08.24	11:40:00	4637.32	4637.58	4636.22	4636.71	187	0	10
2026.08.24	11:41:00	4636.74	4639.74	4636.64	4639.64	283	0	10
2026.08.24	11:42:00	4639.63	4642.18	4638.91	4642.14	313	0	10
2026.08.24	11:43:00	4642.15	4645.84	4642.13	4644.88	392	0	10
2026.08.24	11:44:00	4644.87	4646.16	4644.87	4645.31	294	0	10
2026.08.24	11:45:00	4645.30	4645.94	4644.53	4645.82	295	0	10
2026.08.24	11:46:00	4645.83	4646.02	4643.19	4643.64	303	0	10
2026.08.24	11:47:00	4643.62	4645.39	4643.30	4645.38	328	0	10
2026.08.24	11:48:00	4645.73	4646.04	4644.38	4644.79	290	0	10
2026.08.24	11:49:00	4644.79	4644.95	4642.16	4643.73	285	0	10
2026.08.24	11:50:00	4643.74	4644.67	4643.20	4644.14	320	0	10
2026.08.24	11:51:00	4644.14	4644.21	4642.51	4643.23	330	0	10
2026.08.24	11:52:00	4643.31	4643.72	4640.79	4641.18	224	0	10
2026.08.24	11:53:00	4641.18	4641.63	4640.20	4641.54	191	0	10
2026.08.24	11:54:00	4641.50	4642.24	4641.21	4641.53	224	0	10
2026.08.24	11:55:00	4641.49	4642.45	4641.07	4642.07	313	0	10
2026.08.24	11:56:00	4642.07	4642.11	4638.68	4638.80	293	0	10
2026.08.24	11:57:00	4638.81	4639.24	4635.98	4636.71	303	0	10
2026.08.24	11:58:00	4636.69	4637.90	4636.63	4637.58	254	0	10
2026.08.24	11:59:00	4637.58	4638.77	4637.57	4638.13	242	0	10
2026.08.24	12:00:00	4638.05	4640.37	4637.26	4640.32	414	0	10
2026.08.24	12:01:00	4640.31	4643.20	4640.24	4641.03	402	0	10
2026.08.24	12:02:00	4641.02	4641.34	4639.49	4639.92	360	0	10
2026.08.24	12:03:00	4639.89	4641.56	4639.79	4641.48	220	0	10
2026.08.24	12:04:00	4641.54	4642.53	4640.33	4642.47	228	0	10
2026.08.24	12:05:00	4642.47	4643.32	4642.00	4642.41	224	0	10
2026.08.24	12:06:00	4642.41	4644.80	4642.20	4643.85	224	0	10
2026.08.24	12:07:00	4643.84	4644.46	4641.08	4642.50	289	0	10
2026.08.24	12:08:00	4642.50	4642.50	4640.42	4640.98	240	0	10
2026.08.24	12:09:00	4640.98	4643.17	4640.98	4642.15	213	0	10
2026.08.24	12:10:00	4642.15	4642.88	4641.18	4641.79	253	0	10
2026.08.24	12:11:00	4641.79	4641.79	4639.63	4640.05	227	0	10
2026.08.24	12:12:00	4640.13	4643.66	4639.83	4642.96	254	0	10
2026.08.24	12:13:00	4642.93	4643.26	4640.54	4640.67	186	0	10
2026.08.24	12:14:00	4640.59	4642.33	4640.30	4641.90	195	0	10
2026.08.24	12:15:00	4641.90	4641.97	4640.03	4640.10	226	0	10
2026.08.24	12:16:00	4640.10	4640.30	4636.61	4637.23	263	0	10
2026.08.24	12:17:00	4637.23	4637.23	4635.58	4636.52	233	0	10
2026.08.24	12:18:00	4636.52	4637.14	4635.01	4636.56	302	0	10
2026.08.24	12:19:00	4636.56	4638.37	4636.54	4636.69	239	0	10
2026.08.24	12:20:00	4636.69	4639.00	4636.34	4638.52	194	0	10
2026.08.24	12:21:00	4638.52	4639.15	4638.25	4638.69	238	0	10
2026.08.24	12:22:00	4638.69	4639.30	4637.55	4638.26	197	0	10
2026.08.24	12:23:00	4638.26	4638.26	4636.36	4636.98	170	0	10
2026.08.24	12:24:00	4636.99	4637.67	4636.86	4636.96	192	0	10
2026.08.24	12:25:00	4636.96	4637.23	4635.53	4637.00	259	0	10
2026.08.24	12:26:00	4637.00	4638.21	4636.48	4636.95	231	0	10
2026.08.24	12:27:00	4636.95	4637.63	4636.65	4637.47	98	0	10
2026.08.24	12:28:00	4637.47	4638.58	4636.30	4636.43	178	0	10
2026.08.24	12:29:00	4636.45	4637.18	4635.55	4635.93	248	0	10
2026.08.24	12:30:00	4635.93	4639.06	4634.60	4634.89	374	0	10
2026.08.24	12:31:00	4634.92	4637.02	4634.86	4637.02	263	0	10
2026.08.24	12:32:00	4637.03	4640.88	4637.01	4638.07	373	0	10
2026.08.24	12:33:00	4638.08	4638.08	4634.81	4636.12	372	0	10
2026.08.24	12:34:00	4636.15	4636.76	4634.63	4635.36	287	0	10
2026.08.24	12:35:00	4635.33	4635.53	4633.48	4633.54	238	0	10
2026.08.24	12:36:00	4633.54	4635.47	4632.79	4634.60	310	0	10
2026.08.24	12:37:00	4634.60	4636.29	4633.67	4635.26	208	0	10
2026.08.24	12:38:00	4635.11	4636.62	4635.04	4635.65	144	0	10
2026.08.24	12:39:00	4635.65	4637.33	4634.80	4637.12	224	0	10
2026.08.24	12:40:00	4637.12	4637.77	4636.33	4636.54	237	0	10
2026.08.24	12:41:00	4636.54	4638.67	4636.48	4636.94	290	0	10
2026.08.24	12:42:00	4636.94	4638.83	4636.86	4638.69	175	0	10
2026.08.24	12:43:00	4638.69	4639.15	4637.62	4637.86	158	0	10
2026.08.24	12:44:00	4637.87	4639.83	4637.81	4639.14	259	0	10
2026.08.24	12:45:00	4639.15	4641.56	4638.90	4641.29	318	0	10
2026.08.24	12:46:00	4641.29	4642.58	4640.27	4642.46	283	0	10
2026.08.24	12:47:00	4642.45	4644.73	4642.42	4644.73	262	0	10
2026.08.24	12:48:00	4644.72	4645.02	4643.23	4643.40	295	0	10
2026.08.24	12:49:00	4643.41	4644.65	4643.41	4643.93	223	0	10
2026.08.24	12:50:00	4643.93	4645.31	4643.02	4643.02	264	0	10
2026.08.24	12:51:00	4643.02	4643.09	4641.97	4642.29	231	0	10
2026.08.24	12:52:00	4642.29	4642.50	4641.70	4642.43	121	0	10
2026.08.24	12:53:00	4642.72	4643.76	4642.64	4642.96	185	0	10
2026.08.24	12:54:00	4642.96	4644.34	4642.80	4644.20	133	0	10
2026.08.24	12:55:00	4644.20	4644.67	4644.06	4644.29	261	0	10
2026.08.24	12:56:00	4644.29	4645.18	4643.26	4645.18	216	0	10
2026.08.24	12:57:00	4645.18	4645.31	4644.56	4644.60	173	0	10
2026.08.24	12:58:00	4644.62	4645.15	4644.59	4644.95	168	0	10
2026.08.24	12:59:00	4644.95	4646.02	4644.88	4645.85	216	0	10
2026.08.24	13:00:00	4645.89	4648.25	4645.69	4647.35	370	0	10
2026.08.24	13:01:00	4647.35	4647.35	4645.87	4647.18	258	0	10
2026.08.24	13:02:00	4647.17	4647.78	4646.82	4646.90	229	0	10
2026.08.24	13:03:00	4646.92	4649.92	4646.63	4649.92	206	0	10
2026.08.24	13:04:00	4649.92	4649.92	4648.13	4648.79	177	0	10
2026.08.24	13:05:00	4648.79	4650.13	4647.97	4648.43	265	0	10
2026.08.24	13:06:00	4648.43	4648.43	4645.74	4647.33	239	0	10
2026.08.24	13:07:00	4647.01	4649.38	4647.01	4649.32	205	0	10
2026.08.24	13:08:00	4649.32	4649.80	4647.62	4647.78	257	0	10
2026.08.24	13:09:00	4647.79	4647.80	4646.43	4646.95	253	0	10
2026.08.24	13:10:00	4646.95	4647.96	4646.54	4647.28	250	0	10
2026.08.24	13:11:00	4647.34	4648.49	4645.43	4648.41	237	0	10
2026.08.24	13:12:00	4648.33	4650.16	4647.57	4649.49	321	0	10
2026.08.24	13:13:00	4649.47	4649.60	4648.54	4649.06	293	0	10
2026.08.24	13:14:00	4649.06	4649.79	4648.08	4648.19	192	0	10
2026.08.24	13:15:00	4648.19	4648.53	4646.40	4647.40	336	0	10
2026.08.24	13:16:00	4647.40	4647.93	4646.96	4647.27	217	0	10
2026.08.24	13:17:00	4647.30	4647.48	4646.50	4646.62	323	0	10
2026.08.24	13:18:00	4646.62	4647.65	4646.21	4647.17	201	0	10
2026.08.24	13:19:00	4647.17	4647.36	4646.46	4646.84	145	0	10
2026.08.24	13:20:00	4646.86	4647.55	4644.25	4644.66	254	0	10
2026.08.24	13:21:00	4644.66	4645.53	4644.55	4644.61	194	0	10
2026.08.24	13:22:00	4644.61	4644.61	4643.16	4643.75	224	0	10
2026.08.24	13:23:00	4643.74	4644.97	4642.94	4644.96	278	0	10
2026.08.24	13:24:00	4644.98	4645.15	4644.17	4644.93	236	0	10
2026.08.24	13:25:00	4644.90	4644.91	4642.36	4642.43	304	0	10
2026.08.24	13:26:00	4642.44	4644.06	4642.35	4643.67	195	0	10
2026.08.24	13:27:00	4643.67	4645.97	4642.76	4643.11	272	0	10
2026.08.24	13:28:00	4643.11	4644.01	4642.90	4643.21	253	0	10
2026.08.24	13:29:00	4643.22	4643.65	4642.71	4643.15	183	0	10
2026.08.24	13:30:00	4643.17	4643.58	4642.80	4643.13	227	0	10
2026.08.24	13:31:00	4643.17	4643.77	4642.75	4642.87	242	0	10
2026.08.24	13:32:00	4642.89	4644.25	4642.76	4644.25	231	0	10
2026.08.24	13:33:00	4644.25	4645.40	4644.07	4645.09	222	0	10
2026.08.24	13:34:00	4645.09	4645.47	4644.42	4645.24	233	0	10
2026.08.24	13:35:00	4645.25	4646.06	4644.60	4644.60	237	0	10
2026.08.24	13:36:00	4644.59	4645.91	4642.84	4645.74	240	0	10
2026.08.24	13:37:00	4645.74	4647.77	4645.70	4647.26	215	0	10
2026.08.24	13:38:00	4647.29	4648.99	4647.18	4647.95	259	0	10
2026.08.24	13:39:00	4647.92	4648.24	4647.38	4648.01	229	0	10
2026.08.24	13:40:00	4647.99	4648.15	4647.01	4648.03	270	0	10
2026.08.24	13:41:00	4648.03	4648.03	4646.22	4646.49	279	0	10
2026.08.24	13:42:00	4646.49	4646.55	4644.57	4644.85	249	0	10
2026.08.24	13:43:00	4644.86	4645.49	4644.28	4645.12	244	0	10
2026.08.24	13:44:00	4645.12	4645.12	4643.81	4644.28	203	0	10
2026.08.24	13:45:00	4644.28	4645.15	4643.87	4644.12	261	0	10
2026.08.24	13:46:00	4644.12	4644.87	4643.92	4643.98	173	0	10
2026.08.24	13:47:00	4643.98	4644.09	4641.85	4642.48	244	0	10
2026.08.24	13:48:00	4642.48	4643.63	4642.14	4643.33	272	0	10
2026.08.24	13:49:00	4643.34	4645.94	4643.14	4645.70	231	0	10
2026.08.24	13:50:00	4645.72	4646.87	4644.94	4646.27	320	0	10
2026.08.24	13:51:00	4646.29	4647.21	4645.33	4645.44	267	0	10
2026.08.24	13:52:00	4645.44	4645.62	4644.47	4644.78	237	0	10
2026.08.24	13:53:00	4644.78	4645.94	4644.64	4645.69	241	0	10
2026.08.24	13:54:00	4645.70	4646.11	4644.89	4645.83	265	0	10
2026.08.24	13:55:00	4645.87	4646.77	4645.41	4646.04	307	0	10
2026.08.24	13:56:00	4646.04	4646.52	4643.30	4643.33	202	0	10
2026.08.24	13:57:00	4643.33	4644.89	4642.53	4644.73	207	0	10
2026.08.24	13:58:00	4644.73	4644.83	4643.91	4644.46	234	0	10
2026.08.24	13:59:00	4644.46	4645.21	4642.98	4643.31	297	0	10
2026.08.24	14:00:00	4643.32	4643.46	4641.54	4641.75	501	0	10
2026.08.24	14:01:00	4641.74	4642.14	4640.14	4641.28	351	0	10
2026.08.24	14:02:00	4641.30	4642.72	4640.95	4642.57	372	0	10
2026.08.24	14:03:00	4642.57	4646.77	4642.57	4646.37	252	0	10
2026.08.24	14:04:00	4646.37	4646.96	4645.30	4645.85	292	0	10
2026.08.24	14:05:00	4646.06	4646.71	4644.08	4644.16	299	0	10
2026.08.24	14:06:00	4644.16	4644.29	4639.81	4640.00	347	0	10
2026.08.24	14:07:00	4640.00	4641.82	4639.90	4641.08	273	0	10
2026.08.24	14:08:00	4641.08	4642.07	4640.74	4640.76	267	0	10
2026.08.24	14:09:00	4640.77	4642.41	4640.31	4640.63	318	0	10
2026.08.24	14:10:00	4640.65	4641.13	4640.41	4640.42	261	0	10
2026.08.24	14:11:00	4640.44	4640.63	4639.19	4640.61	314	0	10
2026.08.24	14:12:00	4640.61	4644.59	4640.40	4644.57	289	0	10
2026.08.24	14:13:00	4644.57	4644.83	4642.99	4643.08	225	0	10
2026.08.24	14:14:00	4643.08	4643.08	4640.79	4642.28	268	0	10
2026.08.24	14:15:00	4642.28	4643.19	4641.67	4642.30	246	0	10
2026.08.24	14:16:00	4642.31	4643.80	4641.88	4643.28	171	0	10
2026.08.24	14:17:00	4643.12	4645.61	4642.97	4644.92	211	0	10
2026.08.24	14:18:00	4644.87	4645.42	4642.43	4643.56	323	0	10
2026.08.24	14:19:00	4643.57	4644.86	4643.30	4644.62	252	0	10
2026.08.24	14:20:00	4644.63	4646.01	4644.63	4644.92	262	0	10
2026.08.24	14:21:00	4644.93	4645.16	4644.38	4644.38	183	0	10
2026.08.24	14:22:00	4644.27	4644.66	4643.45	4643.80	267	0	10
2026.08.24	14:23:00	4643.80	4644.06	4642.44	4643.41	252	0	10
2026.08.24	14:24:00	4643.42	4643.81	4640.47	4641.57	328	0	10
2026.08.24	14:25:00	4641.46	4643.13	4640.86	4641.85	241	0	10
2026.08.24	14:26:00	4641.79	4643.22	4641.69	4642.18	200	0	10
2026.08.24	14:27:00	4642.18	4642.79	4642.11	4642.65	157	0	10
2026.08.24	14:28:00	4642.65	4646.14	4642.65	4645.06	212	0	10
2026.08.24	14:29:00	4645.06	4647.63	4644.61	4646.42	237	0	10
2026.08.24	14:30:00	4646.51	4647.74	4644.06	4644.57	375	0	10
2026.08.24	14:31:00	4644.57	4646.67	4643.59	4645.93	311	0	10
2026.08.24	14:32:00	4645.92	4650.06	4645.37	4648.37	522	0	10
2026.08.24	14:33:00	4648.37	4649.26	4647.61	4648.97	340	0	10
2026.08.24	14:34:00	4648.98	4652.31	4647.81	4652.07	497	0	10
2026.08.24	14:35:00	4651.92	4661.05	4650.70	4652.19	920	0	10
2026.08.24	14:36:00	4652.20	4664.11	4651.35	4662.10	772	0	10
2026.08.24	14:37:00	4662.11	4666.63	4659.36	4665.06	849	0	10
2026.08.24	14:38:00	4665.08	4670.12	4664.21	4665.97	813	0	10
2026.08.24	14:39:00	4665.98	4666.44	4660.24	4660.35	727	0	10
2026.08.24	14:40:00	4660.46	4665.76	4658.96	4664.11	686	0	10
2026.08.24	14:41:00	4664.13	4666.48	4658.74	4659.24	685	0	10
2026.08.24	14:42:00	4659.24	4663.91	4657.51	4661.05	586	0	10
2026.08.24	14:43:00	4661.04	4661.93	4656.80	4657.31	527	0	10
2026.08.24	14:44:00	4657.41	4659.33	4653.95	4658.82	480	0	10
2026.08.24	14:45:00	4658.85	4661.67	4658.37	4659.97	471	0	10
2026.08.24	14:46:00	4659.82	4660.06	4653.20	4653.38	560	0	10
2026.08.24	14:47:00	4653.38	4654.67	4651.49	4653.96	448	0	10
2026.08.24	14:48:00	4653.96	4653.96	4649.77	4650.80	477	0	10
2026.08.24	14:49:00	4650.84	4651.25	4648.34	4649.10	430	0	10
2026.08.24	14:50:00	4649.10	4651.98	4648.45	4650.73	404	0	10
2026.08.24	14:51:00	4650.86	4651.40	4649.13	4651.01	441	0	10
2026.08.24	14:52:00	4651.01	4654.88	4650.84	4654.72	520	0	10
2026.08.24	14:53:00	4654.69	4656.27	4653.72	4656.27	297	0	10
2026.08.24	14:54:00	4656.31	4659.70	4655.87	4659.70	401	0	10
2026.08.24	14:55:00	4659.70	4660.00	4657.43	4658.62	329	0	10
2026.08.24	14:56:00	4658.62	4658.89	4656.67	4657.05	388	0	10
2026.08.24	14:57:00	4657.04	4658.32	4655.55	4657.48	317	0	10
2026.08.24	14:58:00	4657.48	4657.78	4655.85	4656.48	325	0	10
2026.08.24	14:59:00	4656.48	4657.89	4656.17	4657.87	261	0	10
2026.08.24	15:00:00	4657.85	4658.61	4656.15	4656.22	418	0	10
2026.08.24	15:01:00	4656.24	4656.30	4653.15	4653.21	503	0	10
2026.08.24	15:02:00	4653.22	4653.57	4651.00	4653.19	448	0	10
2026.08.24	15:03:00	4653.01	4653.52	4651.63	4651.77	340	0	10
2026.08.24	15:04:00	4651.77	4654.04	4650.43	4652.32	407	0	10
2026.08.24	15:05:00	4652.39	4653.62	4650.33	4650.73	511	0	10
2026.08.24	15:06:00	4650.72	4654.01	4650.20	4652.46	402	0	10
2026.08.24	15:07:00	4652.48	4656.31	4652.11	4655.77	413	0	10
2026.08.24	15:08:00	4655.64	4656.62	4654.15	4654.46	280	0	10
2026.08.24	15:09:00	4654.45	4655.41	4653.71	4654.96	325	0	10
2026.08.24	15:10:00	4655.00	4657.18	4654.13	4657.13	403	0	10
2026.08.24	15:11:00	4657.14	4658.64	4656.70	4658.18	441	0	10
2026.08.24	15:12:00	4658.18	4660.13	4657.18	4658.07	392	0	10
2026.08.24	15:13:00	4657.99	4659.84	4657.23	4659.68	394	0	10
2026.08.24	15:14:00	4659.68	4659.91	4657.29	4657.30	413	0	10
2026.08.24	15:15:00	4657.26	4657.34	4655.25	4655.74	396	0	10
2026.08.24	15:16:00	4655.74	4656.69	4654.68	4656.31	343	0	10
2026.08.24	15:17:00	4656.33	4656.69	4655.63	4656.28	325	0	10
2026.08.24	15:18:00	4656.11	4656.84	4653.33	4653.56	325	0	10
2026.08.24	15:19:00	4653.59	4653.97	4651.91	4653.12	384	0	10
2026.08.24	15:20:00	4653.03	4657.78	4651.62	4654.44	711	0	10
2026.08.24	15:21:00	4654.44	4656.36	4653.40	4656.15	497	0	10
2026.08.24	15:22:00	4656.15	4658.88	4655.46	4657.04	426	0	10
2026.08.24	15:23:00	4657.03	4659.32	4657.03	4659.11	371	0	10
2026.08.24	15:24:00	4659.10	4659.49	4657.19	4657.52	340	0	10
2026.08.24	15:25:00	4657.49	4658.39	4654.91	4657.72	420	0	10
2026.08.24	15:26:00	4657.66	4659.71	4656.14	4658.54	371	0	10
2026.08.24	15:27:00	4658.47	4661.23	4658.31	4660.46	444	0	10
2026.08.24	15:28:00	4660.46	4661.27	4660.21	4661.20	360	0	10
2026.08.24	15:29:00	4661.21	4662.74	4661.21	4661.81	383	0	10
2026.08.24	15:30:00	4661.81	4661.81	4658.39	4660.48	416	0	10
2026.08.24	15:31:00	4660.47	4661.74	4658.57	4660.87	373	0	10
2026.08.24	15:32:00	4660.79	4660.79	4645.55	4648.16	479	0	10
2026.08.24	15:33:00	4648.15	4655.10	4648.00	4654.34	729	0	10
2026.08.24	15:34:00	4654.34	4655.97	4653.45	4654.87	430	0	10
2026.08.24	15:35:00	4654.87	4659.12	4654.57	4659.04	375	0	10
2026.08.24	15:36:00	4659.03	4661.16	4658.86	4659.55	324	0	10
2026.08.24	15:37:00	4659.56	4660.80	4658.05	4660.11	392	0	10
2026.08.24	15:38:00	4660.11	4663.36	4659.75	4662.87	408	0	10
2026.08.24	15:39:00	4662.87	4663.99	4661.90	4662.89	404	0	10
2026.08.24	15:40:00	4662.88	4664.78	4662.87	4663.43	444	0	10
2026.08.24	15:41:00	4663.42	4668.83	4661.43	4664.94	414	0	10
2026.08.24	15:42:00	4665.28	4665.28	4659.55	4659.65	600	0	10
2026.08.24	15:43:00	4659.25	4659.41	4655.87	4656.39	381	0	10
2026.08.24	15:44:00	4656.41	4657.53	4655.30	4657.47	346	0	10
2026.08.24	15:45:00	4657.47	4657.72	4654.61	4655.53	404	0	10
2026.08.24	15:46:00	4655.53	4657.70	4654.92	4656.02	314	0	10
2026.08.24	15:47:00	4656.02	4658.70	4655.47	4658.61	321	0	10
2026.08.24	15:48:00	4658.60	4661.70	4658.59	4660.96	329	0	10
2026.08.24	15:49:00	4660.96	4662.07	4660.39	4661.86	244	0	10
2026.08.24	15:50:00	4661.89	4663.16	4661.63	4663.08	293	0	10
2026.08.24	15:51:00	4663.08	4666.09	4661.53	4664.82	379	0	10
2026.08.24	15:52:00	4664.79	4665.52	4663.90	4665.01	270	0	10
2026.08.24	15:53:00	4665.01	4665.52	4663.98	4664.92	344	0	10
2026.08.24	15:54:00	4665.15	4666.97	4664.67	4666.92	378	0	10
2026.08.24	15:55:00	4666.91	4667.38	4665.36	4666.30	448	0	10
2026.08.24	15:56:00	4666.32	4666.35	4663.81	4664.61	318	0	10
2026.08.24	15:57:00	4664.61	4664.72	4661.53	4663.34	385	0	10
2026.08.24	15:58:00	4663.31	4663.79	4662.16	4662.87	302	0	10
2026.08.24	15:59:00	4662.87	4663.16	4661.78	4662.82	351	0	10
2026.08.24	16:00:00	4662.82	4664.70	4661.67	4662.07	729	0	10
2026.08.24	16:01:00	4662.07	4665.88	4661.65	4665.49	660	0	10
2026.08.24	16:02:00	4665.44	4669.78	4665.44	4669.77	535	0	10
2026.08.24	16:03:00	4669.77	4671.19	4666.78	4668.36	519	0	10
2026.08.24	16:04:00	4668.29	4668.41	4666.39	4667.27	443	0	10
2026.08.24	16:05:00	4667.25	4672.74	4667.18	4671.77	581	0	10
2026.08.24	16:06:00	4671.76	4674.00	4671.71	4673.78	489	0	10
2026.08.24	16:07:00	4673.91	4674.21	4670.84	4671.93	567	0	10
2026.08.24	16:08:00	4671.89	4673.29	4671.24	4672.06	494	0	10
2026.08.24	16:09:00	4672.05	4673.74	4671.46	4673.71	396	0	10
2026.08.24	16:10:00	4673.55	4675.07	4673.48	4674.58	472	0	10
2026.08.24	16:11:00	4674.68	4677.81	4674.35	4677.57	545	0	10
2026.08.24	16:12:00	4677.57	4677.87	4673.52	4673.71	542	0	10
2026.08.24	16:13:00	4673.70	4675.36	4673.29	4674.46	420	0	10
2026.08.24	16:14:00	4674.46	4677.65	4674.41	4677.18	391	0	10
2026.08.24	16:15:00	4677.18	4677.96	4674.89	4677.23	472	0	10
2026.08.24	16:16:00	4677.27	4677.65	4676.43	4676.78	436	0	10
2026.08.24	16:17:00	4676.78	4676.93	4671.56	4672.68	510	0	10
2026.08.24	16:18:00	4672.68	4675.82	4672.57	4675.20	526	0	10
2026.08.24	16:19:00	4675.24	4675.80	4672.29	4672.34	344	0	10
2026.08.24	16:20:00	4672.34	4672.63	4670.82	4671.52	523	0	10
2026.08.24	16:21:00	4671.69	4671.95	4669.41	4669.41	469	0	10
2026.08.24	16:22:00	4669.41	4672.19	4668.89	4670.96	373	0	10
2026.08.24	16:23:00	4670.96	4671.10	4668.06	4668.57	509	0	10
2026.08.24	16:24:00	4668.57	4671.05	4667.86	4670.79	557	0	10
2026.08.24	16:25:00	4670.80	4671.21	4668.36	4670.21	535	0	10
2026.08.24	16:26:00	4670.21	4672.35	4668.90	4672.00	488	0	10
2026.08.24	16:27:00	4671.94	4674.83	4671.66	4674.25	491	0	10
2026.08.24	16:28:00	4674.27	4674.57	4672.63	4673.22	565	0	10
2026.08.24	16:29:00	4673.27	4673.87	4671.37	4672.31	528	0	10
2026.08.24	16:30:00	4672.32	4678.34	4670.79	4676.40	859	0	10
2026.08.24	16:31:00	4676.37	4677.10	4671.18	4673.69	945	0	10
2026.08.24	16:32:00	4673.70	4674.89	4670.01	4670.69	889	0	10
2026.08.24	16:33:00	4670.71	4676.46	4669.95	4674.95	880	0	10
2026.08.24	16:34:00	4674.96	4680.10	4674.71	4679.93	991	0	10
2026.08.24	16:35:00	4679.92	4681.01	4678.67	4679.67	966	0	10
2026.08.24	16:36:00	4679.44	4680.53	4676.27	4679.23	886	0	10
2026.08.24	16:37:00	4679.17	4679.19	4671.63	4672.62	885	0	10
2026.08.24	16:38:00	4672.57	4672.87	4668.72	4670.37	946	0	10
2026.08.24	16:39:00	4670.31	4670.68	4667.22	4667.32	908	0	10
2026.08.24	16:40:00	4667.28	4672.49	4665.36	4672.16	962	0	10
2026.08.24	16:41:00	4672.15	4674.45	4669.61	4673.32	875	0	10
2026.08.24	16:42:00	4673.36	4673.88	4669.41	4669.84	783	0	10
2026.08.24	16:43:00	4669.92	4669.92	4664.63	4665.45	860	0	10
2026.08.24	16:44:00	4665.64	4665.87	4658.53	4658.78	870	0	10
2026.08.24	16:45:00	4658.76	4665.06	4656.17	4664.89	888	0	10
2026.08.24	16:46:00	4664.75	4671.36	4664.57	4671.24	846	0	10
2026.08.24	16:47:00	4671.36	4676.41	4671.06	4675.22	883	0	10
2026.08.24	16:48:00	4675.20	4677.06	4673.25	4676.51	826	0	10
2026.08.24	16:49:00	4676.56	4678.10	4672.69	4674.03	823	0	10
2026.08.24	16:50:00	4673.75	4675.91	4671.19	4672.34	764	0	10
2026.08.24	16:51:00	4672.28	4674.33	4668.10	4668.10	740	0	10
2026.08.24	16:52:00	4668.14	4668.96	4662.23	4662.40	790	0	10
2026.08.24	16:53:00	4662.43	4664.83	4658.21	4664.49	854	0	10
2026.08.24	16:54:00	4664.49	4666.49	4663.23	4666.47	811	0	10
2026.08.24	16:55:00	4666.48	4668.99	4665.64	4667.87	743	0	10
2026.08.24	16:56:00	4667.74	4668.79	4665.33	4667.01	764	0	10
2026.08.24	16:57:00	4667.00	4667.69	4663.04	4663.28	761	0	10
2026.08.24	16:58:00	4663.16	4663.55	4659.32	4662.75	821	0	10
2026.08.24	16:59:00	4662.60	4665.21	4662.53	4664.79	843	0	10
2026.08.24	17:00:00	4664.79	4667.09	4659.92	4660.88	883	0	10
2026.08.24	17:01:00	4660.97	4666.76	4660.97	4665.36	852	0	10
2026.08.24	17:02:00	4665.37	4667.86	4664.70	4664.77	713	0	10
2026.08.24	17:03:00	4664.78	4666.97	4660.74	4661.41	770	0	10
2026.08.24	17:04:00	4661.42	4664.08	4660.35	4662.93	829	0	10
2026.08.24	17:05:00	4662.90	4665.76	4662.39	4665.46	762	0	10
2026.08.24	17:06:00	4665.43	4666.30	4663.14	4665.36	884	0	10
2026.08.24	17:07:00	4665.25	4667.53	4664.67	4666.10	753	0	10
2026.08.24	17:08:00	4666.06	4666.52	4664.16	4666.48	712	0	10
2026.08.24	17:09:00	4666.48	4670.74	4666.26	4670.73	804	0	10
2026.08.24	17:10:00	4670.72	4672.19	4670.51	4671.45	753	0	10
2026.08.24	17:11:00	4671.43	4671.97	4663.50	4663.86	832	0	10
2026.08.24	17:12:00	4663.92	4666.18	4663.92	4664.82	744	0	10
2026.08.24	17:13:00	4664.78	4667.18	4662.20	4666.60	548	0	10
2026.08.24	17:14:00	4666.60	4668.19	4665.51	4665.73	848	0	10
2026.08.24	17:15:00	4665.76	4666.39	4661.71	4662.31	872	0	10
2026.08.24	17:16:00	4662.35	4662.39	4655.49	4657.43	892	0	10
2026.08.24	17:17:00	4657.43	4659.01	4656.11	4656.44	849	0	10
2026.08.24	17:18:00	4656.44	4659.81	4655.58	4659.10	766	0	10
2026.08.24	17:19:00	4659.05	4665.86	4658.70	4665.30	745	0	10
2026.08.24	17:20:00	4665.34	4669.00	4664.80	4669.00	649	0	10
2026.08.24	17:21:00	4668.95	4670.06	4666.41	4668.41	787	0	10
2026.08.24	17:22:00	4668.41	4668.88	4666.30	4667.31	713	0	10
2026.08.24	17:23:00	4667.32	4668.96	4666.56	4667.11	746	0	10
2026.08.24	17:24:00	4667.11	4669.21	4665.04	4666.26	649	0	10
2026.08.24	17:25:00	4666.23	4668.35	4665.69	4666.39	661	0	10
2026.08.24	17:26:00	4666.41	4669.83	4666.20	4669.15	748	0	10
2026.08.24	17:27:00	4669.15	4672.64	4669.15	4672.23	749	0	10
2026.08.24	17:28:00	4672.23	4675.01	4672.08	4673.95	726	0	10
2026.08.24	17:29:00	4673.95	4674.44	4671.49	4671.74	650	0	10
2026.08.24	17:30:00	4671.78	4673.42	4670.67	4673.19	725	0	10
2026.08.24	17:31:00	4673.19	4673.32	4671.50	4671.96	705	0	10
2026.08.24	17:32:00	4671.98	4673.46	4671.90	4672.17	666	0	10
2026.08.24	17:33:00	4672.17	4673.18	4671.26	4671.69	623	0	10
2026.08.24	17:34:00	4671.69	4677.37	4671.69	4676.73	748	0	10
2026.08.24	17:35:00	4676.73	4677.82	4675.58	4676.87	673	0	10
2026.08.24	17:36:00	4676.88	4678.72	4676.65	4678.11	654	0	10
2026.08.24	17:37:00	4678.08	4678.08	4675.99	4676.28	530	0	10
2026.08.24	17:38:00	4676.28	4676.88	4674.59	4675.77	635	0	10
2026.08.24	17:39:00	4675.77	4676.23	4674.98	4675.61	520	0	10
2026.08.24	17:40:00	4675.61	4676.77	4675.51	4676.31	564	0	10
2026.08.24	17:41:00	4676.32	4677.84	4675.85	4676.55	630	0	10
2026.08.24	17:42:00	4676.54	4676.78	4669.89	4670.60	661	0	10
2026.08.24	17:43:00	4670.60	4671.60	4670.59	4670.96	560	0	10
2026.08.24	17:44:00	4670.94	4672.24	4670.25	4672.05	564	0	10
2026.08.24	17:45:00	4672.05	4673.36	4671.85	4672.09	512	0	10
2026.08.24	17:46:00	4672.08	4672.33	4669.91	4670.47	609	0	10
2026.08.24	17:47:00	4670.47	4671.30	4670.15	4670.46	596	0	10
2026.08.24	17:48:00	4670.47	4670.73	4668.58	4669.76	552	0	10
2026.08.24	17:49:00	4669.76	4669.76	4665.00	4665.89	579	0	10
2026.08.24	17:50:00	4665.89	4666.09	4661.09	4662.03	684	0	10
2026.08.24	17:51:00	4662.04	4662.22	4657.28	4659.87	773	0	10
2026.08.24	17:52:00	4659.81	4660.65	4656.95	4660.43	579	0	10
2026.08.24	17:53:00	4660.44	4666.34	4660.42	4665.23	603	0	10
2026.08.24	17:54:00	4665.16	4668.55	4664.64	4668.53	509	0	10
2026.08.24	17:55:00	4668.63	4668.83	4667.13	4668.33	626	0	10
2026.08.24	17:56:00	4668.34	4672.18	4668.32	4671.99	627	0	10
2026.08.24	17:57:00	4671.99	4675.83	4670.92	4673.64	670	0	10
2026.08.24	17:58:00	4673.53	4673.64	4672.45	4672.66	437	0	10
2026.08.24	17:59:00	4672.66	4672.66	4669.94	4670.38	540	0	10
2026.08.24	18:00:00	4670.39	4670.64	4666.03	4667.74	762	0	10
2026.08.24	18:01:00	4667.76	4668.44	4666.25	4666.45	559	0	10
2026.08.24	18:02:00	4666.43	4669.38	4665.34	4668.68	665	0	10
2026.08.24	18:03:00	4668.71	4673.35	4668.61	4673.15	698	0	10
2026.08.24	18:04:00	4673.12	4676.66	4673.12	4675.76	729	0	10
2026.08.24	18:05:00	4675.78	4676.47	4672.90	4674.50	707	0	10
2026.08.24	18:06:00	4674.50	4674.90	4673.40	4674.71	658	0	10
2026.08.24	18:07:00	4674.65	4675.34	4674.34	4674.96	547	0	10
2026.08.24	18:08:00	4674.96	4675.16	4673.21	4675.16	578	0	10
2026.08.24	18:09:00	4675.15	4676.53	4673.44	4673.44	669	0	10
2026.08.24	18:10:00	4673.45	4673.81	4671.44	4672.26	579	0	10
2026.08.24	18:11:00	4672.26	4673.71	4671.04	4673.32	526	0	10
2026.08.24	18:12:00	4673.32	4674.43	4673.03	4674.26	506	0	10
2026.08.24	18:13:00	4674.26	4675.02	4672.64	4673.03	568	0	10
2026.08.24	18:14:00	4673.04	4674.01	4672.64	4673.01	520	0	10
2026.08.24	18:15:00	4672.98	4673.69	4669.69	4670.15	617	0	10
2026.08.24	18:16:00	4670.15	4672.42	4670.06	4671.08	636	0	10
2026.08.24	18:17:00	4671.10	4671.75	4670.40	4670.98	492	0	10
2026.08.24	18:18:00	4670.99	4673.58	4670.36	4672.17	485	0	10
2026.08.24	18:19:00	4672.17	4673.41	4671.89	4673.24	537	0	10
2026.08.24	18:20:00	4673.25	4673.47	4671.61	4672.65	620	0	10
2026.08.24	18:21:00	4672.65	4672.69	4670.05	4670.66	441	0	10
2026.08.24	18:22:00	4670.69	4671.37	4669.89	4669.96	465	0	10
2026.08.24	18:23:00	4669.96	4670.20	4669.17	4669.42	419	0	10
2026.08.24	18:24:00	4669.42	4670.27	4668.26	4670.27	426	0	10
2026.08.24	18:25:00	4670.27	4672.54	4670.27	4671.53	484	0	10
2026.08.24	18:26:00	4671.58	4673.84	4669.29	4673.81	565	0	10
2026.08.24	18:27:00	4673.81	4675.26	4673.25	4673.29	518	0	10
2026.08.24	18:28:00	4673.29	4675.31	4673.01	4675.01	538	0	10
2026.08.24	18:29:00	4675.02	4679.63	4674.10	4675.95	947	0	10
2026.08.24	18:30:00	4675.95	4677.24	4672.84	4675.39	813	0	10
2026.08.24	18:31:00	4675.39	4676.15	4672.54	4674.27	724	0	10
2026.08.24	18:32:00	4674.24	4674.92	4669.94	4671.99	722	0	10
2026.08.24	18:33:00	4671.98	4674.04	4671.46	4673.99	589	0	10
2026.08.24	18:34:00	4674.00	4674.11	4671.81	4672.62	598	0	10
2026.08.24	18:35:00	4672.61	4673.67	4671.37	4672.96	544	0	10
2026.08.24	18:36:00	4673.01	4674.77	4672.86	4673.97	560	0	10
2026.08.24	18:37:00	4673.95	4674.50	4671.42	4671.42	538	0	10
2026.08.24	18:38:00	4671.28	4671.28	4667.96	4668.11	511	0	10
2026.08.24	18:39:00	4668.11	4669.27	4667.54	4668.59	438	0	10
2026.08.24	18:40:00	4668.59	4668.64	4664.75	4666.35	638	0	10
2026.08.24	18:41:00	4666.35	4666.98	4664.38	4665.35	671	0	10
2026.08.24	18:42:00	4665.46	4665.48	4661.99	4662.63	573	0	10
2026.08.24	18:43:00	4662.63	4664.25	4659.97	4661.87	610	0	10
2026.08.24	18:44:00	4661.87	4661.98	4659.72	4660.87	504	0	10
2026.08.24	18:45:00	4660.87	4661.10	4654.85	4655.12	645	0	10
2026.08.24	18:46:00	4655.25	4662.79	4655.25	4662.41	635	0	10
2026.08.24	18:47:00	4662.41	4663.25	4660.69	4660.92	490	0	10
2026.08.24	18:48:00	4660.88	4660.88	4650.75	4652.31	743	0	10
2026.08.24	18:49:00	4652.31	4652.31	4645.55	4646.83	759	0	10
2026.08.24	18:50:00	4646.82	4653.85	4646.76	4650.94	712	0	10
2026.08.24	18:51:00	4650.94	4652.91	4648.38	4652.70	546	0	10
2026.08.24	18:52:00	4652.70	4653.63	4650.73	4653.29	509	0	10
2026.08.24	18:53:00	4653.29	4654.81	4651.14	4654.53	540	0	10
2026.08.24	18:54:00	4654.48	4655.75	4653.03	4653.42	468	0	10
2026.08.24	18:55:00	4653.42	4653.42	4647.36	4648.04	586	0	10
2026.08.24	18:56:00	4647.97	4647.97	4644.74	4645.33	549	0	10
2026.08.24	18:57:00	4645.34	4646.50	4642.50	4642.98	649	0	10
2026.08.24	18:58:00	4642.98	4646.62	4639.98	4645.75	787	0	10
2026.08.24	18:59:00	4645.75	4649.60	4645.52	4649.26	584	0	10
2026.08.24	19:00:00	4649.26	4651.68	4646.63	4648.47	711	0	10
2026.08.24	19:01:00	4648.47	4657.50	4646.56	4653.53	693	0	10
2026.08.24	19:02:00	4653.54	4658.32	4652.51	4657.65	874	0	10
2026.08.24	19:03:00	4657.65	4660.09	4655.84	4659.95	690	0	10
2026.08.24	19:04:00	4659.97	4661.57	4658.48	4658.87	713	0	10
2026.08.24	19:05:00	4658.87	4661.86	4658.77	4659.81	602	0	10
2026.08.24	19:06:00	4659.83	4659.94	4657.18	4657.92	612	0	10
2026.08.24	19:07:00	4657.92	4660.39	4657.66	4659.06	439	0	10
2026.08.24	19:08:00	4659.06	4659.14	4654.71	4655.55	489	0	10
2026.08.24	19:09:00	4655.54	4655.81	4654.06	4654.33	522	0	10
2026.08.24	19:10:00	4654.39	4656.79	4653.65	4655.58	480	0	10
2026.08.24	19:11:00	4655.58	4657.25	4654.80	4656.45	359	0	10
2026.08.24	19:12:00	4656.45	4657.66	4656.08	4657.00	406	0	10
2026.08.24	19:13:00	4657.00	4657.83	4656.23	4656.92	437	0	10
2026.08.24	19:14:00	4656.92	4657.96	4656.79	4657.50	411	0	10
2026.08.24	19:15:00	4657.50	4658.30	4656.68	4657.77	528	0	10
2026.08.24	19:16:00	4657.77	4657.79	4656.00	4657.19	665	0	10
2026.08.24	19:17:00	4657.21	4659.36	4656.88	4659.16	502	0	10
2026.08.24	19:18:00	4659.19	4659.75	4658.39	4659.62	376	0	10
2026.08.24	19:19:00	4659.59	4660.51	4658.23	4658.77	318	0	10
2026.08.24	19:20:00	4658.77	4659.03	4657.69	4658.11	409	0	10
2026.08.24	19:21:00	4658.13	4659.46	4656.93	4656.94	513	0	10
2026.08.24	19:22:00	4656.94	4658.02	4656.83	4657.58	343	0	10
2026.08.24	19:23:00	4657.58	4657.91	4656.78	4657.51	367	0	10
2026.08.24	19:24:00	4657.51	4657.54	4656.23	4656.52	440	0	10
2026.08.24	19:25:00	4656.52	4657.87	4656.08	4657.13	519	0	10
2026.08.24	19:26:00	4657.13	4658.93	4657.13	4658.69	270	0	10
2026.08.24	19:27:00	4658.69	4658.80	4657.92	4658.57	375	0	10
2026.08.24	19:28:00	4658.57	4659.15	4657.83	4659.15	365	0	10
2026.08.24	19:29:00	4659.13	4659.38	4658.15	4658.88	355	0	10
2026.08.24	19:30:00	4658.87	4661.19	4658.83	4661.10	471	0	10
2026.08.24	19:31:00	4661.10	4661.44	4659.85	4660.07	401	0	10
2026.08.24	19:32:00	4660.05	4661.33	4659.78	4660.65	474	0	10
2026.08.24	19:33:00	4660.63	4661.25	4660.28	4660.49	301	0	10
2026.08.24	19:34:00	4660.49	4661.09	4660.15	4660.54	311	0	10
2026.08.24	19:35:00	4660.56	4660.56	4659.22	4660.51	329	0	10
2026.08.24	19:36:00	4660.51	4662.11	4659.96	4661.73	310	0	10
2026.08.24	19:37:00	4661.73	4662.19	4660.83	4661.25	340	0	10
2026.08.24	19:38:00	4661.25	4662.19	4660.65	4660.69	347	0	10
2026.08.24	19:39:00	4660.69	4660.90	4659.56	4659.59	304	0	10
2026.08.24	19:40:00	4659.56	4660.16	4658.85	4660.08	319	0	10
2026.08.24	19:41:00	4660.08	4661.30	4659.59	4660.63	277	0	10
2026.08.24	19:42:00	4660.63	4661.33	4659.88	4659.89	272	0	10
2026.08.24	19:43:00	4659.89	4661.11	4659.89	4660.63	286	0	10
2026.08.24	19:44:00	4660.63	4660.87	4658.39	4659.66	378	0	10
2026.08.24	19:45:00	4659.66	4660.06	4657.66	4658.25	344	0	10
2026.08.24	19:46:00	4658.25	4658.42	4657.24	4657.24	318	0	10
2026.08.24	19:47:00	4657.24	4657.28	4655.69	4655.99	351	0	10
2026.08.24	19:48:00	4655.95	4656.68	4655.20	4656.41	304	0	10
2026.08.24	19:49:00	4656.41	4658.09	4656.38	4657.49	341	0	10
2026.08.24	19:50:00	4657.49	4657.79	4655.91	4656.44	384	0	10
2026.08.24	19:51:00	4656.44	4656.63	4653.69	4653.98	467	0	10
2026.08.24	19:52:00	4654.02	4654.27	4651.09	4653.60	482	0	10
2026.08.24	19:53:00	4653.60	4654.32	4652.88	4654.09	314	0	10
2026.08.24	19:54:00	4654.09	4654.20	4651.95	4652.51	441	0	10
2026.08.24	19:55:00	4652.51	4652.54	4649.83	4649.84	470	0	10
2026.08.24	19:56:00	4649.84	4650.08	4642.30	4644.21	691	0	10
2026.08.24	19:57:00	4644.22	4646.40	4643.39	4646.11	561	0	10
2026.08.24	19:58:00	4646.11	4646.34	4642.19	4642.64	507	0	10
2026.08.24	19:59:00	4642.62	4645.76	4642.28	4644.98	467	0	10
2026.08.24	20:00:00	4644.94	4645.48	4642.51	4643.56	626	0	10
2026.08.24	20:01:00	4643.59	4646.92	4643.21	4646.06	623	0	10
2026.08.24	20:02:00	4646.11	4646.36	4641.75	4642.27	655	0	10
2026.08.24	20:03:00	4642.25	4645.13	4642.12	4645.05	580	0	10
2026.08.24	20:04:00	4645.05	4647.73	4644.82	4646.04	485	0	10
2026.08.24	20:05:00	4646.04	4647.38	4644.24	4645.54	605	0	10
2026.08.24	20:06:00	4645.54	4645.99	4644.18	4645.93	524	0	10
2026.08.24	20:07:00	4645.92	4651.54	4645.18	4650.56	664	0	10
2026.08.24	20:08:00	4650.58	4655.05	4650.42	4654.38	692	0	10
2026.08.24	20:09:00	4654.38	4655.20	4652.38	4652.38	535	0	10
2026.08.24	20:10:00	4652.39	4652.77	4649.51	4650.03	489	0	10
2026.08.24	20:11:00	4650.04	4654.38	4649.65	4654.00	661	0	10
2026.08.24	20:12:00	4654.00	4654.67	4652.05	4653.06	581	0	10
2026.08.24	20:13:00	4653.06	4654.29	4650.94	4651.81	591	0	10
2026.08.24	20:14:00	4651.79	4653.03	4650.10	4651.82	577	0	10
2026.08.24	20:15:00	4651.82	4653.93	4651.01	4652.53	527	0	10
2026.08.24	20:16:00	4652.53	4653.03	4647.67	4651.15	787	0	10
2026.08.24	20:17:00	4651.19	4653.97	4651.19	4653.30	719	0	10
2026.08.24	20:18:00	4653.30	4654.20	4651.55	4651.65	538	0	10
2026.08.24	20:19:00	4651.65	4652.12	4648.26	4648.32	494	0	10
2026.08.24	20:20:00	4648.32	4648.38	4637.72	4637.72	818	0	10
2026.08.24	20:21:00	4637.47	4639.09	4631.42	4631.51	903	0	10
2026.08.24	20:22:00	4631.51	4634.23	4630.51	4631.38	849	0	10
2026.08.24	20:23:00	4631.37	4637.23	4630.32	4637.08	734	0	10
2026.08.24	20:24:00	4637.27	4638.92	4634.99	4636.81	686	0	10
2026.08.24	20:25:00	4636.86	4636.86	4632.97	4635.39	662	0	10
2026.08.24	20:26:00	4635.39	4638.65	4635.39	4638.51	452	0	10
2026.08.24	20:27:00	4638.51	4641.18	4636.50	4639.86	595	0	10
2026.08.24	20:28:00	4639.92	4643.12	4639.35	4643.05	561	0	10
2026.08.24	20:29:00	4643.10	4645.20	4637.81	4638.64	801	0	10
2026.08.24	20:30:00	4638.64	4640.79	4636.79	4639.29	612	0	10
2026.08.24	20:31:00	4639.29	4641.09	4638.26	4640.91	547	0	10
2026.08.24	20:32:00	4640.90	4641.12	4635.69	4635.79	572	0	10
2026.08.24	20:33:00	4635.79	4638.59	4635.79	4636.81	614	0	10
2026.08.24	20:34:00	4636.81	4638.07	4636.25	4637.65	383	0	10
2026.08.24	20:35:00	4637.64	4638.30	4636.84	4637.47	388	0	10
2026.08.24	20:36:00	4637.47	4642.35	4637.26	4641.90	561	0	10
2026.08.24	20:37:00	4641.85	4643.12	4641.66	4642.20	529	0	10
2026.08.24	20:38:00	4642.20	4642.92	4641.55	4641.98	446	0	10
2026.08.24	20:39:00	4641.98	4642.32	4640.48	4641.28	447	0	10
2026.08.24	20:40:00	4641.28	4642.30	4641.19	4641.83	423	0	10
2026.08.24	20:41:00	4641.83	4641.87	4640.35	4641.47	411	0	10
2026.08.24	20:42:00	4641.47	4641.97	4640.84	4640.86	323	0	10
2026.08.24	20:43:00	4640.86	4642.05	4639.71	4640.13	416	0	10
2026.08.24	20:44:00	4640.13	4640.62	4638.44	4638.67	408	0	10
2026.08.24	20:45:00	4638.71	4639.08	4637.03	4638.04	364	0	10
2026.08.24	20:46:00	4638.03	4638.67	4637.27	4637.79	348	0	10
2026.08.24	20:47:00	4637.80	4638.46	4636.45	4637.04	363	0	10
2026.08.24	20:48:00	4637.05	4637.13	4636.24	4636.82	380	0	10
2026.08.24	20:49:00	4636.82	4636.97	4633.93	4633.93	415	0	10
2026.08.24	20:50:00	4633.92	4638.82	4632.93	4638.39	529	0	10
2026.08.24	20:51:00	4638.38	4638.67	4635.83	4636.89	397	0	10
2026.08.24	20:52:00	4636.89	4637.59	4633.84	4634.09	390	0	10
2026.08.24	20:53:00	4634.09	4635.59	4633.81	4635.22	416	0	10
2026.08.24	20:54:00	4635.22	4635.32	4634.26	4634.35	324	0	10
2026.08.24	20:55:00	4634.35	4634.66	4633.22	4633.54	383	0	10
2026.08.24	20:56:00	4633.54	4635.89	4633.47	4635.53	404	0	10
2026.08.24	20:57:00	4635.29	4637.15	4634.83	4636.22	416	0	10
2026.08.24	20:58:00	4636.09	4637.65	4636.09	4636.23	330	0	10
2026.08.24	20:59:00	4636.25	4637.70	4636.00	4636.72	288	0	10
2026.08.24	21:00:00	4636.72	4637.88	4636.01	4636.01	523	0	10
2026.08.24	21:01:00	4636.01	4637.32	4635.34	4636.86	471	0	10
2026.08.24	21:02:00	4636.87	4640.87	4636.64	4638.79	501	0	10
2026.08.24	21:03:00	4638.78	4639.69	4638.03	4639.51	432	0	10
2026.08.24	21:04:00	4639.51	4640.51	4639.31	4640.24	316	0	10
2026.08.24	21:05:00	4640.24	4640.25	4638.34	4639.71	318	0	10
2026.08.24	21:06:00	4639.72	4639.75	4633.69	4633.79	505	0	10
2026.08.24	21:07:00	4633.79	4636.19	4633.57	4634.77	419	0	10
2026.08.24	21:08:00	4634.82	4635.21	4626.11	4627.20	573	0	10
2026.08.24	21:09:00	4627.21	4632.76	4625.24	4632.24	713	0	10
2026.08.24	21:10:00	4632.24	4634.13	4630.55	4633.00	581	0	10
2026.08.24	21:11:00	4633.00	4634.94	4632.31	4634.66	408	0	10
2026.08.24	21:12:00	4634.60	4634.65	4631.47	4631.90	472	0	10
2026.08.24	21:13:00	4631.90	4632.02	4630.00	4631.06	437	0	10
2026.08.24	21:14:00	4631.06	4633.42	4631.05	4632.07	526	0	10
2026.08.24	21:15:00	4632.07	4634.11	4630.83	4633.47	449	0	10
2026.08.24	21:16:00	4633.47	4634.38	4630.19	4630.60	543	0	10
2026.08.24	21:17:00	4630.60	4631.88	4630.60	4631.03	494	0	10
2026.08.24	21:18:00	4631.03	4631.60	4629.46	4630.07	410	0	10
2026.08.24	21:19:00	4630.07	4630.29	4627.52	4628.40	370	0	10
2026.08.24	21:20:00	4628.40	4631.14	4627.27	4630.98	389	0	10
2026.08.24	21:21:00	4630.95	4634.16	4630.95	4634.15	411	0	10
2026.08.24	21:22:00	4634.15	4636.39	4633.55	4635.43	538	0	10
2026.08.24	21:23:00	4635.43	4636.85	4634.93	4635.96	306	0	10
2026.08.24	21:24:00	4635.96	4636.66	4635.53	4636.27	362	0	10
2026.08.24	21:25:00	4636.27	4640.75	4636.27	4639.70	570	0	10
2026.08.24	21:26:00	4639.71	4640.74	4639.38	4640.45	400	0	10
2026.08.24	21:27:00	4640.45	4642.27	4639.97	4641.52	445	0	10
2026.08.24	21:28:00	4641.52	4642.16	4638.28	4639.41	523	0	10
2026.08.24	21:29:00	4639.41	4641.15	4638.95	4640.40	397	0	10
2026.08.24	21:30:00	4640.49	4641.87	4639.73	4640.09	503	0	10
2026.08.24	21:31:00	4640.09	4640.50	4637.23	4637.69	448	0	10
2026.08.24	21:32:00	4637.69	4638.68	4636.84	4638.31	369	0	10
2026.08.24	21:33:00	4638.32	4638.37	4635.16	4635.48	377	0	10
2026.08.24	21:34:00	4635.48	4635.54	4631.75	4632.26	347	0	10
2026.08.24	21:35:00	4632.25	4633.27	4631.86	4632.35	428	0	10
2026.08.24	21:36:00	4632.35	4632.96	4630.30	4630.73	427	0	10
2026.08.24	21:37:00	4630.73	4630.93	4627.45	4628.55	478	0	10
2026.08.24	21:38:00	4628.55	4628.55	4625.41	4625.43	503	0	10
2026.08.24	21:39:00	4625.43	4630.48	4625.31	4630.20	580	0	10
2026.08.24	21:40:00	4630.22	4632.86	4630.18	4632.76	421	0	10
2026.08.24	21:41:00	4632.75	4634.67	4632.66	4633.62	450	0	10
2026.08.24	21:42:00	4633.62	4635.29	4633.11	4634.82	412	0	10
2026.08.24	21:43:00	4634.82	4635.49	4634.12	4635.00	301	0	10
2026.08.24	21:44:00	4635.00	4635.81	4634.42	4634.98	296	0	10
2026.08.24	21:45:00	4634.98	4635.58	4634.48	4634.64	320	0	10
2026.08.24	21:46:00	4634.64	4634.86	4633.30	4634.68	398	0	10
2026.08.24	21:47:00	4634.67	4634.67	4632.33	4632.88	378	0	10
2026.08.24	21:48:00	4632.88	4632.90	4631.54	4632.78	413	0	10
2026.08.24	21:49:00	4632.82	4634.38	4632.50	4633.34	375	0	10
2026.08.24	21:50:00	4633.28	4634.11	4633.13	4633.86	393	0	10
2026.08.24	21:51:00	4633.86	4634.10	4633.38	4633.62	279	0	10
2026.08.24	21:52:00	4633.62	4634.73	4633.26	4633.97	427	0	10
2026.08.24	21:53:00	4633.97	4635.48	4633.97	4634.64	437	0	10
2026.08.24	21:54:00	4634.64	4634.65	4633.81	4633.83	267	0	10
2026.08.24	21:55:00	4633.83	4635.18	4633.83	4634.65	383	0	10
2026.08.24	21:56:00	4634.65	4635.31	4634.39	4634.65	364	0	10
2026.08.24	21:57:00	4634.66	4637.03	4634.34	4636.64	386	0	10
2026.08.24	21:58:00	4636.64	4637.73	4636.42	4636.79	346	0	10
2026.08.24	21:59:00	4636.76	4637.56	4636.42	4636.55	438	0	10
2026.08.24	22:00:00	4636.55	4639.61	4636.29	4639.07	547	0	10
2026.08.24	22:01:00	4639.06	4640.83	4638.89	4640.69	443	0	10
2026.08.24	22:02:00	4640.69	4640.76	4639.58	4639.96	335	0	10
2026.08.24	22:03:00	4639.95	4640.42	4638.20	4638.71	380	0	10
2026.08.24	22:04:00	4638.73	4639.75	4638.54	4639.11	341	0	10
2026.08.24	22:05:00	4639.11	4639.78	4638.66	4639.71	333	0	10
2026.08.24	22:06:00	4639.71	4640.12	4638.81	4639.53	283	0	10
2026.08.24	22:07:00	4639.53	4639.62	4636.41	4637.27	386	0	10
2026.08.24	22:08:00	4637.27	4640.48	4636.51	4639.84	385	0	10
2026.08.24	22:09:00	4639.69	4640.48	4638.28	4638.66	408	0	10
2026.08.24	22:10:00	4638.66	4638.88	4637.62	4638.42	336	0	10
2026.08.24	22:11:00	4638.42	4638.75	4637.45	4638.40	294	0	10
2026.08.24	22:12:00	4638.42	4638.67	4636.25	4636.34	361	0	10
2026.08.24	22:13:00	4636.34	4636.76	4636.28	4636.60	263	0	10
2026.08.24	22:14:00	4636.60	4636.66	4636.04	4636.39	342	0	10
2026.08.24	22:15:00	4636.39	4637.04	4635.99	4636.07	361	0	10
2026.08.24	22:16:00	4636.06	4636.94	4636.00	4636.83	277	0	10
2026.08.24	22:17:00	4636.82	4640.31	4636.68	4640.31	383	0	10
2026.08.24	22:18:00	4640.31	4641.71	4638.96	4641.63	357	0	10
2026.08.24	22:19:00	4641.68	4643.03	4641.61	4642.99	390	0	10
2026.08.24	22:20:00	4642.98	4644.18	4641.73	4643.85	348	0	10
2026.08.24	22:21:00	4643.85	4644.64	4643.40	4643.69	378	0	10
2026.08.24	22:22:00	4643.71	4644.53	4643.54	4644.09	413	0	10
2026.08.24	22:23:00	4644.09	4644.98	4643.23	4643.37	312	0	10
2026.08.24	22:24:00	4643.37	4643.60	4642.36	4642.51	308	0	10
2026.08.24	22:25:00	4642.51	4643.08	4641.17	4642.02	335	0	10
2026.08.24	22:26:00	4642.02	4642.02	4640.67	4640.77	312	0	10
2026.08.24	22:27:00	4640.77	4641.29	4640.09	4641.25	375	0	10
2026.08.24	22:28:00	4641.23	4642.11	4640.83	4642.09	348	0	10
2026.08.24	22:29:00	4642.06	4642.37	4641.25	4641.45	310	0	10
2026.08.24	22:30:00	4641.45	4641.69	4640.72	4641.11	394	0	10
2026.08.24	22:31:00	4641.05	4642.14	4640.95	4641.83	446	0	10
2026.08.24	22:32:00	4641.77	4641.94	4640.33	4641.05	512	0	10
2026.08.24	22:33:00	4641.05	4642.07	4640.27	4642.03	440	0	10
2026.08.24	22:34:00	4642.03	4642.63	4640.95	4640.95	309	0	10
2026.08.24	22:35:00	4640.95	4642.00	4640.76	4641.99	375	0	10
2026.08.24	22:36:00	4641.92	4645.01	4641.88	4644.97	438	0	10
2026.08.24	22:37:00	4644.97	4645.85	4644.25	4644.82	389	0	10
2026.08.24	22:38:00	4644.82	4645.94	4644.69	4645.70	358	0	10
2026.08.24	22:39:00	4645.70	4646.30	4644.78	4644.90	411	0	10
2026.08.24	22:40:00	4644.87	4645.71	4644.75	4645.58	449	0	10
2026.08.24	22:41:00	4645.58	4647.36	4645.46	4646.96	411	0	10
2026.08.24	22:42:00	4646.96	4649.90	4646.72	4647.35	504	0	10
2026.08.24	22:43:00	4647.37	4650.87	4647.37	4650.38	450	0	10
2026.08.24	22:44:00	4650.38	4650.82	4649.88	4650.05	350	0	10
2026.08.24	22:45:00	4650.05	4651.41	4650.05	4650.79	485	0	10
2026.08.24	22:46:00	4650.79	4651.00	4650.16	4650.25	407	0	10
2026.08.24	22:47:00	4650.25	4652.63	4650.06	4652.51	436	0	10
2026.08.24	22:48:00	4652.50	4653.84	4652.05	4653.79	345	0	10
2026.08.24	22:49:00	4653.79	4655.12	4653.64	4655.05	453	0	10
2026.08.24	22:50:00	4655.13	4656.08	4651.80	4653.09	612	0	10
2026.08.24	22:51:00	4653.11	4653.27	4652.22	4653.15	466	0	10
2026.08.24	22:52:00	4653.15	4653.84	4652.13	4653.03	491	0	10
2026.08.24	22:53:00	4653.03	4653.19	4651.25	4652.17	448	0	10
2026.08.24	22:54:00	4652.17	4653.38	4652.08	4653.15	460	0	10
2026.08.24	22:55:00	4653.17	4654.09	4651.92	4652.07	532	0	10
2026.08.24	22:56:00	4652.07	4653.03	4651.57	4652.45	581	0	10
2026.08.24	22:57:00	4652.45	4652.49	4650.13	4650.88	462	0	10
2026.08.24	22:58:00	4650.91	4651.87	4650.89	4651.46	498	0	10
2026.08.24	22:59:00	4651.49	4652.34	4651.30	4651.75	692	0	10
2026.08.24	23:00:00	4651.94	4653.14	4650.69	4652.26	344	0	10
2026.08.24	23:01:00	4652.26	4653.97	4652.25	4653.24	186	0	10
2026.08.24	23:02:00	4653.24	4653.43	4652.10	4652.42	190	0	10
2026.08.24	23:03:00	4652.42	4652.59	4652.08	4652.22	102	0	10
2026.08.24	23:04:00	4652.22	4655.07	4652.09	4654.31	207	0	10
2026.08.24	23:05:00	4654.31	4654.75	4653.61	4653.63	134	0	10
2026.08.24	23:06:00	4653.66	4654.55	4653.64	4654.33	149	0	10
2026.08.24	23:07:00	4654.33	4654.33	4653.48	4654.02	169	0	10
2026.08.24	23:08:00	4654.02	4654.11	4653.60	4653.91	96	0	10
2026.08.24	23:09:00	4653.91	4653.99	4653.55	4653.99	99	0	10
2026.08.24	23:10:00	4653.92	4654.63	4653.84	4654.41	180	0	10
2026.08.24	23:11:00	4654.41	4655.29	4651.14	4651.30	158	0	10
2026.08.24	23:12:00	4651.17	4651.61	4650.32	4650.47	207	0	10
2026.08.24	23:13:00	4650.48	4651.36	4650.48	4651.34	123	0	10
2026.08.24	23:14:00	4651.39	4651.48	4650.46	4650.46	141	0	10
2026.08.24	23:15:00	4650.48	4653.60	4650.43	4653.42	154	0	10
2026.08.24	23:16:00	4653.42	4653.73	4653.30	4653.51	98	0	10
2026.08.24	23:17:00	4653.51	4653.60	4653.18	4653.26	119	0	10
2026.08.24	23:18:00	4653.26	4653.26	4652.60	4652.81	79	0	10
2026.08.24	23:19:00	4652.80	4652.80	4651.19	4651.69	121	0	10
2026.08.24	23:20:00	4651.69	4651.79	4651.12	4651.76	139	0	10
2026.08.24	23:21:00	4651.73	4652.34	4650.66	4650.68	124	0	10
2026.08.24	23:22:00	4650.68	4651.78	4650.64	4651.71	121	0	10
2026.08.24	23:23:00	4651.71	4652.53	4651.71	4651.95	116	0	10
2026.08.24	23:24:00	4651.95	4652.05	4650.58	4650.59	97	0	10
2026.08.24	23:25:00	4650.59	4650.69	4650.28	4650.37	78	0	10
2026.08.24	23:26:00	4650.37	4650.61	4649.52	4649.61	88	0	10
2026.08.24	23:27:00	4649.61	4649.84	4649.06	4649.11	80	0	10
2026.08.24	23:28:00	4649.11	4649.48	4649.09	4649.25	85	0	10
2026.08.24	23:29:00	4649.25	4649.51	4648.89	4649.28	90	0	10
2026.08.24	23:30:00	4649.29	4650.02	4649.29	4649.93	118	0	10
2026.08.24	23:31:00	4649.93	4650.06	4648.49	4648.62	98	0	10
2026.08.24	23:32:00	4648.62	4649.07	4648.55	4649.03	108	0	10
2026.08.24	23:33:00	4649.03	4649.08	4648.60	4648.80	99	0	10
2026.08.24	23:34:00	4648.80	4648.91	4648.64	4648.76	68	0	10
2026.08.24	23:35:00	4648.75	4648.86	4648.16	4648.43	83	0	10
2026.08.24	23:36:00	4648.43	4649.00	4648.43	4648.48	113	0	10
2026.08.24	23:37:00	4648.48	4649.42	4648.48	4648.62	104	0	10
2026.08.24	23:38:00	4648.62	4648.95	4648.26	4648.95	97	0	10
2026.08.24	23:39:00	4648.95	4648.95	4648.56	4648.67	74	0	10
2026.08.24	23:40:00	4648.67	4648.75	4648.45	4648.66	66	0	10
2026.08.24	23:41:00	4648.66	4648.71	4647.72	4647.72	92	0	10
2026.08.24	23:42:00	4647.72	4647.84	4647.47	4647.49	120	0	10
2026.08.24	23:43:00	4647.50	4647.89	4647.36	4647.79	113	0	10
2026.08.24	23:44:00	4647.85	4647.88	4647.75	4647.78	78	0	10
2026.08.24	23:45:00	4647.78	4649.48	4647.25	4647.95	190	0	10
2026.08.24	23:46:00	4648.02	4649.41	4647.44	4649.38	184	0	10
2026.08.24	23:47:00	4649.38	4650.33	4649.38	4650.16	123	0	10
2026.08.24	23:48:00	4650.16	4650.82	4649.60	4650.40	100	0	10
2026.08.24	23:49:00	4650.40	4650.46	4650.16	4650.30	195	0	10
2026.08.24	23:50:00	4650.27	4650.30	4649.22	4650.06	191	0	10
2026.08.24	23:51:00	4650.06	4650.06	4648.97	4649.32	137	0	10
2026.08.24	23:52:00	4649.34	4649.60	4648.99	4649.51	184	0	10
2026.08.24	23:53:00	4649.51	4649.92	4649.51	4649.90	129	0	10
2026.08.24	23:54:00	4649.90	4651.55	4649.90	4651.08	115	0	10
2026.08.24	23:55:00	4651.19	4651.48	4649.79	4650.49	202	0	10
2026.08.24	23:56:00	4650.50	4650.96	4650.47	4650.88	96	0	10
2026.08.24	23:57:00	4650.87	4652.62	4650.41	4652.45	163	0	10
2026.08.24	23:58:00	4652.45	4652.60	4651.29	4651.74	219	0	10
2026.08.25	01:00:00	4652.49	4656.12	4647.77	4655.24	324	0	10
2026.08.25	01:01:00	4655.24	4656.63	4654.87	4656.56	267	0	10
2026.08.25	01:02:00	4656.56	4656.68	4652.51	4652.51	203	0	10
2026.08.25	01:03:00	4652.51	4655.86	4652.43	4655.54	216	0	10
2026.08.25	01:04:00	4655.54	4655.97	4654.98	4655.67	148	0	10
2026.08.25	01:05:00	4655.67	4657.37	4655.16	4656.80	167	0	10
2026.08.25	01:06:00	4656.80	4657.80	4656.80	4657.76	152	0	10
2026.08.25	01:07:00	4657.75	4658.95	4657.50	4658.87	144	0	10
2026.08.25	01:08:00	4658.72	4660.65	4658.69	4660.30	160	0	10
2026.08.25	01:09:00	4660.30	4660.77	4658.86	4658.88	158	0	10
2026.08.25	01:10:00	4658.88	4660.02	4658.60	4658.61	136	0	10
2026.08.25	01:11:00	4658.61	4659.44	4658.49	4659.44	124	0	10
2026.08.25	01:12:00	4659.44	4659.44	4658.63	4659.05	108	0	10
2026.08.25	01:13:00	4659.05	4659.35	4658.02	4658.07	83	0	10
2026.08.25	01:14:00	4658.07	4658.99	4657.99	4658.81	88	0	10
2026.08.25	01:15:00	4658.81	4659.69	4658.73	4659.42	110	0	10
2026.08.25	01:16:00	4659.42	4659.64	4659.02	4659.06	95	0	10
2026.08.25	01:17:00	4659.08	4659.61	4658.87	4659.13	80	0	10
2026.08.25	01:18:00	4659.13	4659.33	4658.79	4658.99	74	0	10
2026.08.25	01:19:00	4658.99	4659.07	4658.05	4658.13	92	0	10
2026.08.25	01:20:00	4658.13	4658.75	4657.64	4658.68	139	0	10
2026.08.25	01:21:00	4658.68	4658.90	4658.45	4658.57	92	0	10
2026.08.25	01:22:00	4658.57	4658.87	4658.22	4658.66	73	0	10
2026.08.25	01:23:00	4658.66	4658.70	4657.91	4658.02	93	0	10
2026.08.25	01:24:00	4658.02	4658.50	4657.99	4658.50	74	0	10
2026.08.25	01:25:00	4658.50	4658.50	4658.09	4658.19	76	0	10
2026.08.25	01:26:00	4658.19	4658.42	4657.76	4657.96	78	0	10
2026.08.25	01:27:00	4657.96	4657.98	4657.40	4657.45	98	0	10
2026.08.25	01:28:00	4657.45	4657.52	4656.80	4657.36	86	0	10
2026.08.25	01:29:00	4657.36	4657.75	4657.21	4657.75	77	0	10
2026.08.25	01:30:00	4657.75	4659.13	4657.74	4657.95	112	0	10
2026.08.25	01:31:00	4657.95	4658.03	4657.33	4657.86	96	0	10
2026.08.25	01:32:00	4657.86	4658.49	4657.67	4658.48	82	0	10
2026.08.25	01:33:00	4658.48	4659.24	4658.22	4658.96	76	0	10
2026.08.25	01:34:00	4658.96	4659.18	4658.64	4659.17	73	0	10
2026.08.25	01:35:00	4659.17	4660.79	4658.93	4660.64	118	0	10
2026.08.25	01:36:00	4660.64	4661.16	4660.36	4660.87	81	0	10
2026.08.25	01:37:00	4660.87	4661.18	4660.36	4660.46	67	0	10
2026.08.25	01:38:00	4660.46	4660.78	4660.40	4660.58	61	0	10
2026.08.25	01:39:00	4660.67	4660.93	4660.58	4660.61	75	0	10
2026.08.25	01:40:00	4660.61	4660.97	4660.57	4660.61	75	0	10
2026.08.25	01:41:00	4660.61	4660.99	4660.36	4660.92	65	0	10
2026.08.25	01:42:00	4660.92	4661.20	4660.80	4661.15	74	0	10
2026.08.25	01:43:00	4661.15	4661.42	4660.99	4661.28	79	0	10
2026.08.25	01:44:00	4661.27	4661.65	4661.17	4661.59	78	0	10
2026.08.25	01:45:00	4661.59	4661.59	4661.04	4661.34	61	0	10
2026.08.25	01:46:00	4661.34	4661.88	4661.28	4661.66	59	0	10
2026.08.25	01:47:00	4661.66	4662.03	4660.97	4661.63	100	0	10
2026.08.25	01:48:00	4661.63	4662.09	4661.53	4661.94	78	0	10
2026.08.25	01:49:00	4661.94	4662.53	4661.83	4662.53	81	0	10
2026.08.25	01:50:00	4662.57	4663.12	4662.41	4662.68	74	0	10
2026.08.25	01:51:00	4662.68	4665.01	4662.43	4665.01	119	0	10
2026.08.25	01:52:00	4665.01	4665.06	4663.76	4664.43	107	0	10
2026.08.25	01:53:00	4664.43	4665.08	4664.12	4664.79	94	0	10
2026.08.25	01:54:00	4664.75	4664.89	4664.51	4664.68	65	0	10
2026.08.25	01:55:00	4664.71	4664.71	4664.07	4664.26	67	0	10
2026.08.25	01:56:00	4664.26	4666.78	4664.26	4666.59	124	0	10
2026.08.25	01:57:00	4666.59	4666.76	4666.24	4666.76	76	0	10
2026.08.25	01:58:00	4666.76	4667.22	4666.73	4666.96	90	0	10
2026.08.25	01:59:00	4666.96	4668.49	4666.79	4667.77	135	0	10
2026.08.25	02:00:00	4667.93	4669.68	4667.93	4669.62	154	0	10
2026.08.25	02:01:00	4669.62	4669.67	4668.38	4668.38	126	0	10
2026.08.25	02:02:00	4668.38	4668.64	4668.08	4668.46	81	0	10
2026.08.25	02:03:00	4668.46	4669.08	4668.40	4668.96	72	0	10
2026.08.25	02:04:00	4668.96	4669.09	4668.49	4668.52	62	0	10
2026.08.25	02:05:00	4668.52	4668.81	4668.12	4668.70	87	0	10
2026.08.25	02:06:00	4668.70	4668.70	4667.63	4667.92	93	0	10
2026.08.25	02:07:00	4667.92	4668.05	4666.93	4667.03	118	0	10
2026.08.25	02:08:00	4667.03	4668.84	4667.03	4668.73	101	0	10
2026.08.25	02:09:00	4668.73	4669.48	4668.68	4669.45	115	0	10
2026.08.25	02:10:00	4669.45	4671.78	4669.03	4671.45	158	0	10
2026.08.25	02:11:00	4671.45	4672.42	4670.93	4671.83	187	0	10
2026.08.25	02:12:00	4671.83	4672.33	4670.29	4670.71	137	0	10
2026.08.25	02:13:00	4670.71	4671.05	4670.45	4671.05	67	0	10
2026.08.25	02:14:00	4671.05	4672.22	4671.01	4672.16	129	0	10
2026.08.25	02:15:00	4672.16	4675.86	4672.16	4675.60	243	0	10
2026.08.25	02:16:00	4675.60	4677.06	4675.32	4675.84	246	0	10
2026.08.25	02:17:00	4675.84	4676.16	4675.35	4675.57	180	0	10
2026.08.25	02:18:00	4675.57	4676.50	4675.14	4675.14	158	0	10
2026.08.25	02:19:00	4675.14	4675.48	4674.73	4674.90	163	0	10
2026.08.25	02:20:00	4674.90	4675.39	4674.54	4674.79	137	0	10
2026.08.25	02:21:00	4674.79	4675.23	4674.62	4674.62	133	0	10
2026.08.25	02:22:00	4674.62	4675.26	4674.02	4674.91	195	0	10
2026.08.25	02:23:00	4674.91	4675.22	4673.50	4674.92	181	0	10
2026.08.25	02:24:00	4674.90	4675.35	4674.42	4674.63	156	0	10
2026.08.25	02:25:00	4674.63	4674.73	4673.64	4673.75	142	0	10
2026.08.25	02:26:00	4673.75	4673.75	4672.90	4673.25	162	0	10
2026.08.25	02:27:00	4673.24	4673.24	4669.89	4670.11	223	0	10
2026.08.25	02:28:00	4670.12	4670.13	4669.27	4669.30	205	0	10
2026.08.25	02:29:00	4669.30	4670.06	4669.19	4669.25	113	0	10
2026.08.25	02:30:00	4669.25	4670.21	4667.64	4669.90	239	0	10
2026.08.25	02:31:00	4669.90	4669.91	4668.39	4669.46	128	0	10
2026.08.25	02:32:00	4669.46	4669.94	4668.90	4669.77	135	0	10
2026.08.25	02:33:00	4669.77	4670.87	4669.64	4670.73	166	0	10
2026.08.25	02:34:00	4670.73	4673.01	4670.68	4672.46	170	0	10
2026.08.25	02:35:00	4672.46	4672.49	4671.61	4671.80	117	0	10
2026.08.25	02:36:00	4671.78	4672.83	4671.77	4672.42	99	0	10
2026.08.25	02:37:00	4672.39	4673.87	4672.32	4673.74	109	0	10
2026.08.25	02:38:00	4673.70	4675.77	4673.33	4675.28	191	0	10
2026.08.25	02:39:00	4675.28	4676.91	4674.78	4675.22	187	0	10
2026.08.25	02:40:00	4675.17	4676.18	4675.05	4676.05	95	0	10
2026.08.25	02:41:00	4676.08	4676.63	4675.46	4676.08	142	0	10
2026.08.25	02:42:00	4676.08	4676.77	4675.88	4676.53	178	0	10
2026.08.25	02:43:00	4676.59	4676.77	4675.91	4676.42	174	0	10
2026.08.25	02:44:00	4676.42	4676.96	4675.90	4676.47	237	0	10
2026.08.25	02:45:00	4676.47	4677.06	4675.56	4676.32	322	0	10
2026.08.25	02:46:00	4676.32	4676.32	4674.98	4675.65	216	0	10
2026.08.25	02:47:00	4675.65	4676.47	4675.49	4676.00	266	0	10
2026.08.25	02:48:00	4676.00	4676.39	4675.39	4676.02	153	0	10
2026.08.25	02:49:00	4676.02	4677.53	4675.71	4677.23	217	0	10
2026.08.25	02:50:00	4677.23	4683.11	4677.23	4681.66	447	0	10
2026.08.25	02:51:00	4681.69	4682.66	4678.25	4678.35	384	0	10
2026.08.25	02:52:00	4678.34	4679.77	4677.93	4679.12	258	0	10
2026.08.25	02:53:00	4679.12	4679.20	4677.02	4679.07	264	0	10
2026.08.25	02:54:00	4679.24	4680.57	4679.24	4679.37	247	0	10
2026.08.25	02:55:00	4679.39	4679.39	4678.01	4678.25	237	0	10
2026.08.25	02:56:00	4678.19	4678.65	4677.92	4678.65	170	0	10
2026.08.25	02:57:00	4678.65	4679.61	4678.31	4678.99	199	0	10
2026.08.25	02:58:00	4678.78	4680.65	4678.04	4678.10	247	0	10
2026.08.25	02:59:00	4678.10	4680.00	4677.95	4679.93	214	0	10
2026.08.25	03:00:00	4679.93	4689.34	4678.89	4688.65	814	0	10
2026.08.25	03:01:00	4688.55	4689.05	4685.05	4685.11	565	0	10
2026.08.25	03:02:00	4685.11	4686.00	4683.31	4683.73	473	0	10
2026.08.25	03:03:00	4683.68	4683.83	4680.05	4680.35	519	0	10
2026.08.25	03:04:00	4680.39	4680.89	4677.00	4677.32	473	0	10
2026.08.25	03:05:00	4677.21	4680.01	4675.50	4679.09	546	0	10
2026.08.25	03:06:00	4679.09	4683.24	4678.74	4683.23	439	0	10
2026.08.25	03:07:00	4683.23	4687.64	4682.95	4686.16	607	0	10
2026.08.25	03:08:00	4686.16	4686.38	4682.81	4684.44	521	0	10
2026.08.25	03:09:00	4684.44	4684.52	4681.07	4681.79	395	0	10
2026.08.25	03:10:00	4681.79	4683.06	4681.44	4682.92	361	0	10
2026.08.25	03:11:00	4682.91	4683.91	4681.17	4681.27	492	0	10
2026.08.25	03:12:00	4681.26	4684.32	4679.97	4684.14	407	0	10
2026.08.25	03:13:00	4684.14	4686.71	4682.46	4686.57	396	0	10
2026.08.25	03:14:00	4686.46	4691.66	4686.16	4690.50	432	0	10
2026.08.25	03:15:00	4690.50	4691.27	4684.84	4685.17	539	0	10
2026.08.25	03:16:00	4685.26	4686.36	4682.82	4683.46	541	0	10
2026.08.25	03:17:00	4683.46	4684.85	4682.06	4683.31	514	0	10
2026.08.25	03:18:00	4683.31	4684.69	4681.93	4683.41	416	0	10
2026.08.25	03:19:00	4683.41	4684.04	4681.15	4681.32	424	0	10
2026.08.25	03:20:00	4681.32	4682.38	4679.28	4682.13	458	0	10
2026.08.25	03:21:00	4682.13	4682.99	4681.17	4681.79	443	0	10
2026.08.25	03:22:00	4681.79	4681.88	4680.73	4681.11	312	0	10
2026.08.25	03:23:00	4681.11	4682.13	4679.36	4682.09	424	0	10
2026.08.25	03:24:00	4682.06	4682.48	4679.78	4679.88	307	0	10
2026.08.25	03:25:00	4679.82	4679.82	4677.06	4677.49	398	0	10
2026.08.25	03:26:00	4677.49	4678.72	4676.68	4678.66	299	0	10
2026.08.25	03:27:00	4678.66	4679.32	4677.06	4678.34	425	0	10
2026.08.25	03:28:00	4678.22	4683.55	4677.35	4683.30	473	0	10
2026.08.25	03:29:00	4683.34	4683.76	4681.60	4682.38	348	0	10
2026.08.25	03:30:00	4682.38	4686.14	4681.74	4685.80	502	0	10
2026.08.25	03:31:00	4685.79	4690.53	4684.45	4690.53	545	0	10
2026.08.25	03:32:00	4690.53	4693.26	4688.90	4689.50	656	0	10
2026.08.25	03:33:00	4689.48	4689.76	4687.14	4687.61	552	0	10
2026.08.25	03:34:00	4687.64	4688.99	4686.28	4688.79	440	0	10
2026.08.25	03:35:00	4688.79	4689.62	4688.01	4689.59	383	0	10
2026.08.25	03:36:00	4689.59	4692.87	4689.22	4692.24	455	0	10
2026.08.25	03:37:00	4692.24	4694.10	4692.24	4693.05	474	0	10
2026.08.25	03:38:00	4693.10	4696.04	4692.94	4695.42	487	0	10
2026.08.25	03:39:00	4695.38	4695.87	4694.01	4695.28	341	0	10
2026.08.25	03:40:00	4695.23	4695.39	4692.30	4694.44	416	0	10
2026.08.25	03:41:00	4694.44	4696.19	4694.00	4695.30	330	0	10
2026.08.25	03:42:00	4695.30	4696.75	4694.70	4695.39	535	0	10
2026.08.25	03:43:00	4695.39	4696.14	4693.18	4694.23	472	0	10
2026.08.25	03:44:00	4694.23	4694.51	4692.84	4693.67	393	0	10
2026.08.25	03:45:00	4693.68	4694.82	4693.33	4694.57	450	0	10
2026.08.25	03:46:00	4694.57	4694.62	4689.83	4690.67	573	0	10
2026.08.25	03:47:00	4690.66	4691.75	4687.82	4688.40	517	0	10
2026.08.25	03:48:00	4688.30	4694.52	4687.79	4692.86	563	0	10
2026.08.25	03:49:00	4693.05	4693.15	4691.92	4692.57	354	0	10
2026.08.25	03:50:00	4692.57	4693.92	4692.34	4693.52	317	0	10
2026.08.25	03:51:00	4693.51	4693.81	4690.33	4690.33	456	0	10
2026.08.25	03:52:00	4690.35	4690.55	4687.88	4688.61	463	0	10
2026.08.25	03:53:00	4688.64	4690.09	4688.10	4689.01	408	0	10
2026.08.25	03:54:00	4689.00	4689.51	4687.90	4688.38	393	0	10
2026.08.25	03:55:00	4688.38	4688.91	4686.58	4687.05	323	0	10
2026.08.25	03:56:00	4687.05	4688.01	4686.06	4687.67	332	0	10
2026.08.25	03:57:00	4687.84	4688.88	4687.56	4688.59	288	0	10
2026.08.25	03:58:00	4688.59	4689.73	4688.07	4688.57	272	0	10
2026.08.25	03:59:00	4688.57	4688.57	4684.13	4684.58	548	0	10
2026.08.25	04:00:00	4684.42	4686.87	4675.11	4675.34	958	0	10
2026.08.25	04:01:00	4675.25	4677.41	4673.29	4675.56	844	0	10
2026.08.25	04:02:00	4675.56	4676.98	4671.56	4672.54	611	0	10
2026.08.25	04:03:00	4672.76	4675.32	4670.89	4674.32	534	0	10
2026.08.25	04:04:00	4674.30	4678.70	4674.24	4677.25	511	0	10
2026.08.25	04:05:00	4677.25	4677.34	4671.14	4672.66	615	0	10
2026.08.25	04:06:00	4672.64	4677.60	4671.77	4677.56	530	0	10
2026.08.25	04:07:00	4677.56	4680.72	4677.41	4677.70	566	0	10
2026.08.25	04:08:00	4677.71	4680.06	4674.79	4679.73	559	0	10
2026.08.25	04:09:00	4679.72	4679.86	4678.08	4678.72	510	0	10
2026.08.25	04:10:00	4678.72	4680.19	4675.43	4676.86	564	0	10
2026.08.25	04:11:00	4676.84	4678.18	4674.91	4677.41	506	0	10
2026.08.25	04:12:00	4677.40	4678.19	4675.96	4677.89	462	0	10
2026.08.25	04:13:00	4677.92	4679.60	4676.91	4679.59	506	0	10
2026.08.25	04:14:00	4679.57	4679.57	4676.13	4678.39	547	0	10
2026.08.25	04:15:00	4678.40	4678.47	4673.42	4673.57	621	0	10
2026.08.25	04:16:00	4673.56	4676.76	4673.28	4676.26	462	0	10
2026.08.25	04:17:00	4676.26	4680.26	4675.76	4675.85	608	0	10
2026.08.25	04:18:00	4675.87	4678.62	4674.33	4678.42	457	0	10
2026.08.25	04:19:00	4678.42	4679.78	4677.98	4678.04	447	0	10
2026.08.25	04:20:00	4678.05	4678.26	4674.73	4674.84	522	0	10
2026.08.25	04:21:00	4674.84	4676.72	4674.18	4676.27	489	0	10
2026.08.25	04:22:00	4676.27	4676.90	4672.19	4673.90	537	0	10
2026.08.25	04:23:00	4673.90	4674.00	4667.87	4667.87	554	0	10
2026.08.25	04:24:00	4667.69	4669.13	4666.34	4667.05	608	0	10
2026.08.25	04:25:00	4667.05	4668.36	4665.85	4667.00	558	0	10
2026.08.25	04:26:00	4666.98	4668.68	4665.57	4666.16	485	0	10
2026.08.25	04:27:00	4666.16	4670.66	4664.30	4670.20	494	0	10
2026.08.25	04:28:00	4670.24	4672.80	4670.24	4671.97	417	0	10
2026.08.25	04:29:00	4671.90	4672.15	4668.85	4669.60	449	0	10
2026.08.25	04:30:00	4669.62	4671.65	4669.42	4670.47	507	0	10
2026.08.25	04:31:00	4670.63	4672.06	4669.19	4671.46	588	0	10
2026.08.25	04:32:00	4671.44	4674.81	4670.73	4673.36	575	0	10
2026.08.25	04:33:00	4673.36	4673.45	4671.35	4671.78	522	0	10
2026.08.25	04:34:00	4671.77	4671.82	4666.93	4668.27	507	0	10
2026.08.25	04:35:00	4668.27	4669.56	4666.80	4669.49	557	0	10
2026.08.25	04:36:00	4669.47	4674.55	4669.23	4673.13	521	0	10
2026.08.25	04:37:00	4673.13	4674.06	4670.97	4671.40	432	0	10
2026.08.25	04:38:00	4671.40	4671.69	4668.13	4669.43	423	0	10
2026.08.25	04:39:00	4669.41	4669.83	4668.28	4668.28	410	0	10
2026.08.25	04:40:00	4668.28	4670.38	4667.62	4669.19	490	0	10
2026.08.25	04:41:00	4669.19	4671.84	4669.19	4670.68	511	0	10
2026.08.25	04:42:00	4670.70	4673.38	4670.61	4672.43	516	0	10
2026.08.25	04:43:00	4672.43	4673.43	4669.43	4671.92	583	0	10
2026.08.25	04:44:00	4671.93	4673.38	4670.43	4670.69	418	0	10
2026.08.25	04:45:00	4670.70	4672.16	4670.24	4671.11	444	0	10
2026.08.25	04:46:00	4671.11	4671.53	4668.03	4670.23	535	0	10
2026.08.25	04:47:00	4670.23	4670.88	4665.16	4670.64	579	0	10
2026.08.25	04:48:00	4670.64	4675.23	4670.63	4673.69	447	0	10
2026.08.25	04:49:00	4673.71	4675.67	4673.71	4674.57	399	0	10
2026.08.25	04:50:00	4674.46	4674.86	4667.96	4668.21	521	0	10
2026.08.25	04:51:00	4668.09	4671.21	4666.20	4669.46	603	0	10
2026.08.25	04:52:00	4669.52	4670.64	4668.98	4669.20	340	0	10
2026.08.25	04:53:00	4669.20	4670.96	4668.31	4668.31	420	0	10
2026.08.25	04:54:00	4668.31	4668.34	4663.65	4665.02	510	0	10
2026.08.25	04:55:00	4665.03	4665.53	4661.19	4662.90	525	0	10
2026.08.25	04:56:00	4662.91	4664.14	4662.37	4662.94	438	0	10
2026.08.25	04:57:00	4662.94	4663.45	4661.60	4662.74	446	0	10
2026.08.25	04:58:00	4662.74	4662.74	4657.92	4658.29	531	0	10
2026.08.25	04:59:00	4658.29	4658.30	4656.64	4658.13	478	0	10
2026.08.25	05:00:00	4658.13	4659.26	4656.44	4658.84	578	0	10
2026.08.25	05:01:00	4658.84	4661.57	4658.20	4660.14	530	0	10
2026.08.25	05:02:00	4660.13	4660.37	4655.48	4655.83	574	0	10
2026.08.25	05:03:00	4655.83	4655.83	4650.60	4651.33	559	0	10
2026.08.25	05:04:00	4651.33	4652.54	4650.49	4651.32	585	0	10
2026.08.25	05:05:00	4651.32	4651.34	4641.10	4641.74	665	0	10
2026.08.25	05:06:00	4641.74	4643.39	4639.70	4640.05	754	0	10
2026.08.25	05:07:00	4640.04	4645.42	4639.92	4641.53	705	0	10
2026.08.25	05:08:00	4641.49	4644.74	4639.66	4644.19	664	0	10
2026.08.25	05:09:00	4644.13	4645.14	4639.66	4644.77	614	0	10
2026.08.25	05:10:00	4644.79	4645.92	4642.89	4644.94	475	0	10
2026.08.25	05:11:00	4644.94	4645.88	4643.35	4644.43	491	0	10
2026.08.25	05:12:00	4644.43	4644.90	4640.08	4640.30	630	0	10
2026.08.25	05:13:00	4640.30	4641.35	4638.78	4638.98	579	0	10
2026.08.25	05:14:00	4638.98	4642.36	4638.39	4641.99	587	0	10
2026.08.25	05:15:00	4641.99	4642.80	4641.13	4642.29	474	0	10
2026.08.25	05:16:00	4642.29	4646.84	4641.43	4646.84	473	0	10
2026.08.25	05:17:00	4646.84	4647.62	4644.60	4646.40	415	0	10
2026.08.25	05:18:00	4646.40	4649.37	4645.47	4648.40	351	0	10
2026.08.25	05:19:00	4648.40	4650.16	4648.40	4649.74	321	0	10
2026.08.25	05:20:00	4649.74	4652.52	4649.64	4652.31	443	0	10
2026.08.25	05:21:00	4652.31	4654.24	4652.21	4653.55	434	0	10
2026.08.25	05:22:00	4653.56	4655.17	4652.85	4653.21	437	0	10
2026.08.25	05:23:00	4653.22	4654.59	4652.93	4654.14	267	0	10
2026.08.25	05:24:00	4654.14	4655.86	4653.97	4654.29	318	0	10
2026.08.25	05:25:00	4654.37	4655.08	4652.90	4654.96	400	0	10
2026.08.25	05:26:00	4654.96	4655.83	4654.29	4655.11	358	0	10
2026.08.25	05:27:00	4655.11	4656.72	4654.83	4656.49	289	0	10
2026.08.25	05:28:00	4656.49	4656.89	4655.30	4656.63	286	0	10
2026.08.25	05:29:00	4656.62	4656.97	4656.21	4656.48	258	0	10
2026.08.25	05:30:00	4656.48	4656.78	4650.23	4651.70	704	0	10
2026.08.25	05:31:00	4651.63	4654.65	4651.36	4653.06	663	0	10
2026.08.25	05:32:00	4653.04	4655.23	4646.92	4648.10	651	0	10
2026.08.25	05:33:00	4648.10	4648.12	4642.59	4644.01	713	0	10
2026.08.25	05:34:00	4644.01	4647.73	4643.80	4646.26	466	0	10
2026.08.25	05:35:00	4646.26	4647.34	4643.09	4644.30	438	0	10
2026.08.25	05:36:00	4644.30	4645.66	4643.23	4644.38	303	0	10
2026.08.25	05:37:00	4644.38	4645.13	4642.27	4643.24	378	0	10
2026.08.25	05:38:00	4643.24	4643.99	4639.65	4641.15	452	0	10
2026.08.25	05:39:00	4640.99	4643.85	4639.93	4643.23	467	0	10
2026.08.25	05:40:00	4643.24	4644.94	4641.18	4641.85	588	0	10
2026.08.25	05:41:00	4641.85	4646.21	4641.78	4645.09	427	0	10
2026.08.25	05:42:00	4645.08	4647.44	4644.67	4647.03	329	0	10
2026.08.25	05:43:00	4647.04	4647.04	4640.41	4643.33	468	0	10
2026.08.25	05:44:00	4643.33	4643.53	4631.02	4631.60	718	0	10
2026.08.25	05:45:00	4630.94	4633.90	4630.25	4633.03	616	0	10
2026.08.25	05:46:00	4633.06	4635.22	4631.84	4632.73	537	0	10
2026.08.25	05:47:00	4632.74	4637.28	4631.00	4635.67	599	0	10
2026.08.25	05:48:00	4635.61	4637.45	4632.72	4635.10	542	0	10
2026.08.25	05:49:00	4635.09	4635.69	4631.02	4632.93	551	0	10
2026.08.25	05:50:00	4632.93	4636.70	4631.92	4631.92	565	0	10
2026.08.25	05:51:00	4631.51	4631.88	4618.18	4622.40	790	0	10
2026.08.25	05:52:00	4622.40	4627.32	4621.46	4625.27	628	0	10
2026.08.25	05:53:00	4625.27	4628.75	4621.58	4628.10	615	0	10
2026.08.25	05:54:00	4628.01	4629.27	4625.58	4626.93	482	0	10
2026.08.25	05:55:00	4626.93	4628.33	4625.89	4627.32	449	0	10
2026.08.25	05:56:00	4627.35	4628.60	4625.07	4626.31	570	0	10
2026.08.25	05:57:00	4626.31	4628.08	4624.14	4624.72	509	0	10
2026.08.25	05:58:00	4624.72	4624.73	4620.97	4623.92	533	0	10
2026.08.25	05:59:00	4624.08	4629.66	4622.92	4629.56	550	0	10
2026.08.25	06:00:00	4629.57	4631.37	4628.47	4629.64	535	0	10
2026.08.25	06:01:00	4629.64	4631.39	4627.80	4627.88	433	0	10
2026.08.25	06:02:00	4627.88	4628.52	4626.52	4627.37	473	0	10
2026.08.25	06:03:00	4627.32	4627.57	4624.52	4624.67	504	0	10
2026.08.25	06:04:00	4624.67	4624.98	4622.32	4623.99	518	0	10
2026.08.25	06:05:00	4623.99	4630.09	4622.76	4629.11	468	0	10
2026.08.25	06:06:00	4629.14	4633.83	4627.80	4633.82	509	0	10
2026.08.25	06:07:00	4633.82	4636.43	4633.17	4635.95	387	0	10
2026.08.25	06:08:00	4635.93	4635.93	4633.83	4635.11	428	0	10
2026.08.25	06:09:00	4635.11	4638.11	4634.80	4635.36	578	0	10
2026.08.25	06:10:00	4635.36	4637.22	4634.77	4637.12	437	0	10
2026.08.25	06:11:00	4637.14	4638.20	4635.81	4635.83	467	0	10
2026.08.25	06:12:00	4635.83	4636.33	4633.80	4635.36	503	0	10
2026.08.25	06:13:00	4635.36	4636.88	4635.21	4635.83	423	0	10
2026.08.25	06:14:00	4635.88	4635.88	4631.85	4633.78	397	0	10
2026.08.25	06:15:00	4633.78	4634.41	4632.12	4634.21	435	0	10
2026.08.25	06:16:00	4634.21	4637.10	4633.73	4635.07	446	0	10
2026.08.25	06:17:00	4635.07	4636.14	4634.43	4634.83	349	0	10
2026.08.25	06:18:00	4634.82	4635.08	4633.08	4634.41	326	0	10
2026.08.25	06:19:00	4634.41	4636.30	4633.54	4635.49	362	0	10
2026.08.25	06:20:00	4635.49	4637.14	4634.68	4634.88	385	0	10
2026.08.25	06:21:00	4634.88	4636.04	4633.76	4634.06	374	0	10
2026.08.25	06:22:00	4634.06	4634.41	4632.97	4634.17	362	0	10
2026.08.25	06:23:00	4634.37	4635.96	4633.34	4633.50	381	0	10
2026.08.25	06:24:00	4633.50	4635.02	4632.67	4634.92	316	0	10
2026.08.25	06:25:00	4634.92	4637.82	4634.92	4637.46	400	0	10
2026.08.25	06:26:00	4637.46	4638.32	4636.49	4638.15	384	0	10
2026.08.25	06:27:00	4638.15	4638.46	4636.31	4636.54	384	0	10
2026.08.25	06:28:00	4636.56	4638.24	4635.90	4637.90	384	0	10
2026.08.25	06:29:00	4637.90	4638.40	4637.27	4637.90	365	0	10
2026.08.25	06:30:00	4637.90	4638.25	4636.24	4638.22	306	0	10
2026.08.25	06:31:00	4638.22	4638.43	4636.92	4637.65	291	0	10
2026.08.25	06:32:00	4637.65	4639.20	4637.34	4639.18	285	0	10
2026.08.25	06:33:00	4639.18	4641.24	4639.04	4640.35	320	0	10
2026.08.25	06:34:00	4640.35	4640.83	4640.03	4640.54	208	0	10
2026.08.25	06:35:00	4640.55	4641.27	4639.96	4640.12	237	0	10
2026.08.25	06:36:00	4640.12	4641.12	4640.12	4641.06	159	0	10
2026.08.25	06:37:00	4641.06	4641.42	4640.57	4640.62	149	0	10
2026.08.25	06:38:00	4640.62	4640.73	4639.10	4639.31	258	0	10
2026.08.25	06:39:00	4639.11	4639.22	4634.69	4635.59	341	0	10
2026.08.25	06:40:00	4635.59	4636.02	4634.00	4634.55	324	0	10
2026.08.25	06:41:00	4634.56	4636.45	4634.32	4636.45	253	0	10
2026.08.25	06:42:00	4636.45	4637.33	4635.75	4637.07	167	0	10
2026.08.25	06:43:00	4637.06	4637.07	4636.21	4636.42	190	0	10
2026.08.25	06:44:00	4636.42	4636.88	4634.36	4634.36	221	0	10
2026.08.25	06:45:00	4634.36	4634.41	4633.24	4633.74	305	0	10
2026.08.25	06:46:00	4633.74	4634.92	4633.45	4633.46	246	0	10
2026.08.25	06:47:00	4633.46	4634.81	4631.61	4634.03	327	0	10
2026.08.25	06:48:00	4634.02	4635.41	4632.63	4632.63	225	0	10
2026.08.25	06:49:00	4632.76	4634.41	4632.76	4633.83	179	0	10
2026.08.25	06:50:00	4633.83	4633.83	4632.63	4633.09	207	0	10
2026.08.25	06:51:00	4633.09	4633.73	4632.50	4633.71	182	0	10
2026.08.25	06:52:00	4633.71	4634.71	4633.40	4633.46	208	0	10
2026.08.25	06:53:00	4633.51	4634.30	4633.27	4634.20	166	0	10
2026.08.25	06:54:00	4634.22	4634.79	4631.80	4633.36	318	0	10
2026.08.25	06:55:00	4633.36	4633.89	4632.29	4633.09	204	0	10
2026.08.25	06:56:00	4633.09	4635.92	4633.09	4635.83	230	0	10
2026.08.25	06:57:00	4635.83	4636.03	4634.65	4634.71	213	0	10
2026.08.25	06:58:00	4634.71	4634.71	4632.60	4632.70	217	0	10
2026.08.25	06:59:00	4632.68	4633.80	4632.65	4633.76	224	0	10
2026.08.25	07:00:00	4633.76	4634.31	4630.94	4631.39	399	0	10
2026.08.25	07:01:00	4631.39	4633.57	4630.97	4631.61	310	0	10
2026.08.25	07:02:00	4631.61	4633.58	4631.37	4632.92	201	0	10
2026.08.25	07:03:00	4632.90	4635.15	4632.81	4635.10	331	0	10
2026.08.25	07:04:00	4635.10	4635.74	4634.45	4635.02	266	0	10
2026.08.25	07:05:00	4635.02	4635.19	4634.21	4634.89	202	0	10
2026.08.25	07:06:00	4634.89	4636.55	4634.87	4635.06	178	0	10
2026.08.25	07:07:00	4635.06	4636.37	4635.01	4636.09	195	0	10
2026.08.25	07:08:00	4636.09	4636.38	4635.08	4635.90	188	0	10
2026.08.25	07:09:00	4635.90	4636.35	4635.11	4636.17	166	0	10
2026.08.25	07:10:00	4636.17	4636.67	4635.21	4635.76	281	0	10
2026.08.25	07:11:00	4635.76	4636.61	4635.37	4635.45	182	0	10
2026.08.25	07:12:00	4635.45	4637.52	4635.29	4637.41	229	0	10
2026.08.25	07:13:00	4637.41	4637.76	4636.49	4636.69	202	0	10
2026.08.25	07:14:00	4636.69	4637.63	4636.69	4637.18	179	0	10
2026.08.25	07:15:00	4637.18	4637.18	4635.06	4635.67	213	0	10
2026.08.25	07:16:00	4635.67	4637.22	4635.51	4636.88	188	0	10
2026.08.25	07:17:00	4636.88	4636.89	4634.72	4635.02	256	0	10
2026.08.25	07:18:00	4635.02	4635.63	4633.49	4634.27	214	0	10
2026.08.25	07:19:00	4634.27	4635.34	4634.05	4634.68	237	0	10
2026.08.25	07:20:00	4634.68	4635.71	4634.61	4635.23	152	0	10
2026.08.25	07:21:00	4635.23	4635.26	4633.52	4633.52	274	0	10
2026.08.25	07:22:00	4633.52	4633.52	4631.17	4631.56	294	0	10
2026.08.25	07:23:00	4631.56	4632.87	4631.16	4632.24	224	0	10
2026.08.25	07:24:00	4632.22	4633.37	4631.57	4632.90	187	0	10
2026.08.25	07:25:00	4632.90	4632.94	4630.82	4630.85	168	0	10
2026.08.25	07:26:00	4630.85	4630.89	4629.46	4630.64	210	0	10
2026.08.25	07:27:00	4630.64	4631.13	4629.70	4630.02	221	0	10
2026.08.25	07:28:00	4630.02	4630.42	4629.28	4629.84	167	0	10
2026.08.25	07:29:00	4629.84	4630.94	4628.91	4630.88	214	0	10
2026.08.25	07:30:00	4630.88	4631.28	4630.03	4630.58	232	0	10
2026.08.25	07:31:00	4630.58	4631.02	4630.04	4630.26	231	0	10
2026.08.25	07:32:00	4630.27	4632.83	4629.08	4630.82	344	0	10
2026.08.25	07:33:00	4630.77	4631.51	4628.38	4629.11	323	0	10
2026.08.25	07:34:00	4629.11	4630.33	4626.23	4629.73	358	0	10
2026.08.25	07:35:00	4629.75	4631.32	4629.14	4630.70	305	0	10
2026.08.25	07:36:00	4630.70	4630.96	4629.64	4629.88	238	0	10
2026.08.25	07:37:00	4629.84	4629.84	4628.64	4629.18	174	0	10
2026.08.25	07:38:00	4629.18	4629.45	4626.41	4627.49	310	0	10
2026.08.25	07:39:00	4627.49	4627.84	4626.95	4627.27	233	0	10
2026.08.25	07:40:00	4627.27	4627.55	4626.36	4626.55	293	0	10
2026.08.25	07:41:00	4626.55	4626.56	4624.13	4624.62	391	0	10
2026.08.25	07:42:00	4624.62	4626.62	4623.86	4626.61	406	0	10
2026.08.25	07:43:00	4626.61	4627.19	4626.05	4626.56	226	0	10
2026.08.25	07:44:00	4626.56	4626.70	4625.93	4625.95	277	0	10
2026.08.25	07:45:00	4625.95	4626.90	4624.64	4625.77	344	0	10
2026.08.25	07:46:00	4625.77	4626.02	4625.05	4625.47	283	0	10
2026.08.25	07:47:00	4625.47	4626.64	4624.66	4626.29	334	0	10
2026.08.25	07:48:00	4626.29	4626.67	4625.00	4626.29	326	0	10
2026.08.25	07:49:00	4626.29	4626.93	4624.79	4626.42	339	0	10
2026.08.25	07:50:00	4626.39	4626.46	4624.26	4624.60	406	0	10
2026.08.25	07:51:00	4624.66	4626.65	4624.65	4625.88	338	0	10
2026.08.25	07:52:00	4625.87	4628.38	4625.67	4627.97	328	0	10
2026.08.25	07:53:00	4627.97	4628.98	4627.40	4627.76	292	0	10
2026.08.25	07:54:00	4627.76	4628.12	4627.01	4627.17	274	0	10
2026.08.25	07:55:00	4627.16	4627.75	4626.29	4626.99	310	0	10
2026.08.25	07:56:00	4626.99	4627.48	4626.12	4626.49	303	0	10
2026.08.25	07:57:00	4626.48	4627.15	4626.20	4626.59	306	0	10
2026.08.25	07:58:00	4626.59	4626.59	4625.72	4626.05	189	0	10
2026.08.25	07:59:00	4626.05	4626.98	4625.79	4626.02	322	0	10
2026.08.25	08:00:00	4626.01	4626.66	4624.93	4625.32	431	0	10
2026.08.25	08:01:00	4625.33	4628.28	4624.07	4627.92	487	0	10
2026.08.25	08:02:00	4627.92	4628.04	4625.63	4627.55	270	0	10
2026.08.25	08:03:00	4627.55	4628.87	4627.24	4627.72	258	0	10
2026.08.25	08:04:00	4627.72	4629.31	4627.51	4629.31	287	0	10
2026.08.25	08:05:00	4629.31	4634.27	4629.19	4633.28	376	0	10
2026.08.25	08:06:00	4633.29	4635.95	4633.24	4635.90	293	0	10
2026.08.25	08:07:00	4635.90	4639.15	4635.82	4637.05	345	0	10
2026.08.25	08:08:00	4637.05	4638.20	4635.41	4635.65	322	0	10
2026.08.25	08:09:00	4635.64	4636.43	4634.76	4635.79	237	0	10
2026.08.25	08:10:00	4635.79	4636.79	4635.74	4636.79	249	0	10
2026.08.25	08:11:00	4636.70	4638.36	4636.38	4637.90	283	0	10
2026.08.25	08:12:00	4637.90	4638.98	4637.46	4638.64	257	0	10
2026.08.25	08:13:00	4638.64	4638.74	4637.88	4638.07	273	0	10
2026.08.25	08:14:00	4638.07	4639.13	4637.90	4637.99	279	0	10
2026.08.25	08:15:00	4637.99	4640.42	4637.85	4640.42	253	0	10
2026.08.25	08:16:00	4640.41	4641.55	4639.61	4641.03	250	0	10
2026.08.25	08:17:00	4641.00	4641.90	4639.39	4640.90	303	0	10
2026.08.25	08:18:00	4640.90	4642.47	4640.80	4642.47	227	0	10
2026.08.25	08:19:00	4642.47	4644.22	4642.02	4644.22	321	0	10
2026.08.25	08:20:00	4644.19	4646.28	4644.07	4646.19	312	0	10
2026.08.25	08:21:00	4646.19	4646.23	4644.57	4644.61	291	0	10
2026.08.25	08:22:00	4644.61	4645.16	4643.98	4644.89	251	0	10
2026.08.25	08:23:00	4644.89	4645.07	4643.33	4643.37	206	0	10
2026.08.25	08:24:00	4643.37	4644.34	4643.00	4644.34	264	0	10
2026.08.25	08:25:00	4644.34	4644.80	4642.86	4644.52	304	0	10
2026.08.25	08:26:00	4644.52	4645.72	4644.41	4645.11	234	0	10
2026.08.25	08:27:00	4645.11	4646.24	4645.00	4645.50	245	0	10
2026.08.25	08:28:00	4645.50	4647.77	4645.40	4647.43	219	0	10
2026.08.25	08:29:00	4647.43	4647.94	4645.78	4646.53	259	0	10
2026.08.25	08:30:00	4646.57	4647.00	4641.42	4641.56	724	0	10
2026.08.25	08:31:00	4641.56	4642.46	4640.57	4640.80	417	0	10
2026.08.25	08:32:00	4640.80	4641.30	4639.38	4641.20	442	0	10
2026.08.25	08:33:00	4641.19	4643.39	4640.79	4643.35	446	0	10
2026.08.25	08:34:00	4643.46	4644.73	4641.82	4642.94	340	0	10
2026.08.25	08:35:00	4642.96	4646.29	4642.11	4646.29	425	0	10
2026.08.25	08:36:00	4646.29	4646.55	4643.02	4644.36	443	0	10
2026.08.25	08:37:00	4644.37	4645.32	4644.29	4644.31	251	0	10
2026.08.25	08:38:00	4644.31	4645.02	4643.00	4644.61	286	0	10
2026.08.25	08:39:00	4644.61	4644.84	4642.83	4643.00	278	0	10
2026.08.25	08:40:00	4643.00	4643.27	4641.60	4642.18	387	0	10
2026.08.25	08:41:00	4642.18	4643.34	4641.33	4641.35	436	0	10
2026.08.25	08:42:00	4641.34	4641.39	4638.08	4638.47	462	0	10
2026.08.25	08:43:00	4638.47	4640.91	4638.41	4638.74	484	0	10
2026.08.25	08:44:00	4638.56	4640.04	4638.34	4639.16	348	0	10
2026.08.25	08:45:00	4639.16	4641.08	4638.52	4640.59	384	0	10
2026.08.25	08:46:00	4640.56	4642.52	4639.95	4641.90	278	0	10
2026.08.25	08:47:00	4641.88	4642.38	4640.31	4642.16	323	0	10
2026.08.25	08:48:00	4642.16	4642.16	4638.34	4638.53	427	0	10
2026.08.25	08:49:00	4638.53	4640.29	4635.97	4639.75	445	0	10
2026.08.25	08:50:00	4639.75	4640.36	4637.49	4637.61	354	0	10
2026.08.25	08:51:00	4637.61	4639.06	4637.59	4638.33	379	0	10
2026.08.25	08:52:00	4638.33	4639.72	4637.06	4638.80	427	0	10
2026.08.25	08:53:00	4638.80	4642.11	4638.69	4641.52	348	0	10
2026.08.25	08:54:00	4641.50	4644.01	4641.31	4643.91	406	0	10
2026.08.25	08:55:00	4643.91	4645.61	4642.86	4643.28	407	0	10
2026.08.25	08:56:00	4643.28	4645.22	4643.18	4644.76	380	0	10
2026.08.25	08:57:00	4644.66	4646.03	4644.00	4644.56	263	0	10
2026.08.25	08:58:00	4644.56	4644.65	4641.54	4642.12	312	0	10
2026.08.25	08:59:00	4642.12	4643.86	4642.05	4643.07	271	0	10
2026.08.25	09:00:00	4643.07	4644.45	4641.34	4643.83	545	0	10
2026.08.25	09:01:00	4643.80	4644.85	4643.21	4644.27	475	0	10
2026.08.25	09:02:00	4644.27	4646.34	4642.55	4645.97	403	0	10
2026.08.25	09:03:00	4645.97	4646.31	4644.46	4645.78	302	0	10
2026.08.25	09:04:00	4645.66	4645.73	4643.78	4644.40	254	0	10
2026.08.25	09:05:00	4644.40	4646.26	4644.24	4644.68	276	0	10
2026.08.25	09:06:00	4644.68	4647.57	4644.65	4647.10	404	0	10
2026.08.25	09:07:00	4647.10	4648.44	4646.65	4648.01	408	0	10
2026.08.25	09:08:00	4648.01	4648.44	4646.26	4646.47	364	0	10
2026.08.25	09:09:00	4646.47	4648.16	4645.89	4648.03	347	0	10
2026.08.25	09:10:00	4648.03	4650.11	4647.81	4649.64	434	0	10
2026.08.25	09:11:00	4649.64	4650.19	4649.22	4650.09	334	0	10
2026.08.25	09:12:00	4650.09	4650.42	4649.36	4650.27	347	0	10
2026.08.25	09:13:00	4650.27	4650.39	4649.05	4649.61	309	0	10
2026.08.25	09:14:00	4649.61	4649.79	4648.06	4649.61	329	0	10
2026.08.25	09:15:00	4649.61	4649.62	4646.89	4647.69	331	0	10
2026.08.25	09:16:00	4647.70	4647.88	4646.61	4647.35	350	0	10
2026.08.25	09:17:00	4647.35	4648.47	4646.86	4648.05	313	0	10
2026.08.25	09:18:00	4648.05	4648.22	4647.54	4647.70	195	0	10
2026.08.25	09:19:00	4647.70	4648.02	4647.13	4647.52	274	0	10
2026.08.25	09:20:00	4647.52	4648.00	4646.49	4646.72	286	0	10
2026.08.25	09:21:00	4646.72	4646.78	4645.46	4646.03	326	0	10
2026.08.25	09:22:00	4646.03	4648.47	4645.94	4648.31	309	0	10
2026.08.25	09:23:00	4648.31	4651.41	4647.77	4650.05	440	0	10
2026.08.25	09:24:00	4650.05	4652.09	4649.76	4651.49	286	0	10
2026.08.25	09:25:00	4651.49	4652.90	4651.14	4652.82	268	0	10
2026.08.25	09:26:00	4652.82	4653.47	4652.02	4652.09	324	0	10
2026.08.25	09:27:00	4652.09	4652.57	4651.52	4652.47	227	0	10
2026.08.25	09:28:00	4652.47	4653.22	4650.38	4650.39	295	0	10
2026.08.25	09:29:00	4650.39	4650.98	4649.82	4650.12	267	0	10
2026.08.25	09:30:00	4650.12	4650.39	4648.87	4649.42	388	0	10
2026.08.25	09:31:00	4649.42	4650.51	4648.99	4650.26	328	0	10
2026.08.25	09:32:00	4650.31	4652.97	4649.91	4652.38	335	0	10
2026.08.25	09:33:00	4652.39	4653.43	4651.93	4651.93	282	0	10
2026.08.25	09:34:00	4651.96	4652.38	4651.39	4651.42	282	0	10
2026.08.25	09:35:00	4651.40	4652.68	4651.19	4651.89	251	0	10
2026.08.25	09:36:00	4651.88	4652.41	4650.42	4650.86	292	0	10
2026.08.25	09:37:00	4650.86	4651.50	4650.11	4650.63	353	0	10
2026.08.25	09:38:00	4650.63	4650.83	4648.31	4648.44	288	0	10
2026.08.25	09:39:00	4648.45	4650.00	4648.41	4649.79	267	0	10
2026.08.25	09:40:00	4649.79	4650.78	4649.31	4649.81	315	0	10
2026.08.25	09:41:00	4649.80	4652.65	4649.80	4652.62	309	0	10
2026.08.25	09:42:00	4652.63	4652.71	4649.26	4649.79	281	0	10
2026.08.25	09:43:00	4649.79	4650.26	4647.82	4647.98	289	0	10
2026.08.25	09:44:00	4648.00	4648.73	4647.90	4647.90	271	0	10
2026.08.25	09:45:00	4647.88	4648.05	4646.54	4647.52	291	0	10
2026.08.25	09:46:00	4647.55	4649.14	4647.40	4649.11	238	0	10
2026.08.25	09:47:00	4649.11	4649.36	4647.74	4648.22	252	0	10
2026.08.25	09:48:00	4648.22	4648.33	4647.42	4647.75	258	0	10
2026.08.25	09:49:00	4647.75	4648.17	4647.09	4647.82	247	0	10
2026.08.25	09:50:00	4647.81	4648.18	4647.09	4647.37	246	0	10
2026.08.25	09:51:00	4647.37	4647.43	4644.66	4644.69	282	0	10
2026.08.25	09:52:00	4644.72	4645.41	4644.27	4645.00	270	0	10
2026.08.25	09:53:00	4645.00	4645.15	4643.05	4644.02	332	0	10
2026.08.25	09:54:00	4644.02	4644.22	4641.12	4641.28	368	0	10
2026.08.25	09:55:00	4641.27	4641.85	4640.84	4640.93	339	0	10
2026.08.25	09:56:00	4640.93	4641.39	4639.07	4640.48	389	0	10
2026.08.25	09:57:00	4640.47	4640.70	4639.42	4639.62	339	0	10
2026.08.25	09:58:00	4639.62	4640.31	4638.33	4638.37	280	0	10
2026.08.25	09:59:00	4638.37	4638.76	4637.05	4638.30	421	0	10
2026.08.25	10:00:00	4638.30	4639.13	4636.91	4637.56	529	0	10
2026.08.25	10:01:00	4637.56	4639.87	4637.41	4639.69	321	0	10
2026.08.25	10:02:00	4639.69	4640.83	4638.74	4639.16	401	0	10
2026.08.25	10:03:00	4639.15	4639.58	4638.21	4638.89	340	0	10
2026.08.25	10:04:00	4638.89	4640.49	4637.82	4639.96	293	0	10
2026.08.25	10:05:00	4639.96	4641.77	4639.23	4641.33	380	0	10
2026.08.25	10:06:00	4641.33	4642.10	4640.17	4641.45	361	0	10
2026.08.25	10:07:00	4641.45	4641.45	4636.62	4637.12	428	0	10
2026.08.25	10:08:00	4637.12	4640.18	4636.55	4639.74	324	0	10
2026.08.25	10:09:00	4639.74	4641.71	4639.73	4641.17	287	0	10
2026.08.25	10:10:00	4641.17	4641.17	4638.13	4638.22	331	0	10
2026.08.25	10:11:00	4638.22	4640.61	4637.69	4639.94	311	0	10
2026.08.25	10:12:00	4639.94	4641.78	4639.74	4641.21	283	0	10
2026.08.25	10:13:00	4641.21	4641.25	4640.31	4640.97	265	0	10
2026.08.25	10:14:00	4640.98	4641.11	4639.59	4639.74	174	0	10
2026.08.25	10:15:00	4639.76	4640.00	4637.98	4639.82	332	0	10
2026.08.25	10:16:00	4639.82	4641.64	4639.20	4639.80	313	0	10
2026.08.25	10:17:00	4639.89	4640.44	4639.13	4639.55	279	0	10
2026.08.25	10:18:00	4639.55	4641.36	4639.41	4640.87	312	0	10
2026.08.25	10:19:00	4640.87	4642.79	4640.87	4641.20	274	0	10
2026.08.25	10:20:00	4641.20	4641.20	4639.46	4641.02	273	0	10
2026.08.25	10:21:00	4641.02	4641.14	4640.14	4640.78	190	0	10
2026.08.25	10:22:00	4640.78	4643.12	4640.78	4642.84	181	0	10
2026.08.25	10:23:00	4642.83	4643.76	4641.59	4642.03	292	0	10
2026.08.25	10:24:00	4642.03	4642.03	4640.69	4640.72	240	0	10
2026.08.25	10:25:00	4640.72	4641.07	4639.66	4639.69	226	0	10
2026.08.25	10:26:00	4639.69	4640.14	4639.07	4639.10	262	0	10
2026.08.25	10:27:00	4639.10	4639.64	4638.05	4639.30	217	0	10
2026.08.25	10:28:00	4639.30	4639.30	4637.11	4637.13	237	0	10
2026.08.25	10:29:00	4637.14	4637.99	4634.29	4634.57	342	0	10
2026.08.25	10:30:00	4634.59	4638.13	4634.57	4637.96	292	0	10
2026.08.25	10:31:00	4637.96	4639.07	4637.10	4638.08	293	0	10
2026.08.25	10:32:00	4638.11	4638.65	4635.90	4636.04	243	0	10
2026.08.25	10:33:00	4636.04	4636.72	4634.18	4634.28	343	0	10
2026.08.25	10:34:00	4634.27	4636.15	4634.27	4635.18	227	0	10
2026.08.25	10:35:00	4635.18	4635.95	4635.13	4635.30	306	0	10
2026.08.25	10:36:00	4635.30	4635.67	4634.10	4634.40	303	0	10
2026.08.25	10:37:00	4634.40	4636.50	4634.28	4635.53	282	0	10
2026.08.25	10:38:00	4635.56	4635.61	4634.71	4635.47	304	0	10
2026.08.25	10:39:00	4635.46	4636.72	4634.03	4636.59	312	0	10
2026.08.25	10:40:00	4636.59	4637.27	4636.08	4636.71	334	0	10
2026.08.25	10:41:00	4636.71	4637.01	4635.18	4636.56	173	0	10
2026.08.25	10:42:00	4636.56	4636.99	4636.04	4636.28	179	0	10
2026.08.25	10:43:00	4636.28	4636.82	4635.74	4636.78	163	0	10
2026.08.25	10:44:00	4636.78	4640.25	4636.78	4639.49	301	0	10
2026.08.25	10:45:00	4639.56	4640.57	4639.23	4639.24	231	0	10
2026.08.25	10:46:00	4639.16	4640.33	4638.64	4638.69	237	0	10
2026.08.25	10:47:00	4638.69	4639.03	4636.83	4637.22	260	0	10
2026.08.25	10:48:00	4637.22	4638.36	4636.29	4636.32	244	0	10
2026.08.25	10:49:00	4636.29	4636.65	4634.46	4635.75	242	0	10
2026.08.25	10:50:00	4635.75	4635.85	4634.63	4635.80	248	0	10
2026.08.25	10:51:00	4635.80	4637.01	4633.23	4633.50	443	0	10
2026.08.25	10:52:00	4633.50	4634.97	4632.65	4634.48	268	0	10
2026.08.25	10:53:00	4634.42	4634.72	4631.56	4632.34	354	0	10
2026.08.25	10:54:00	4632.34	4632.87	4631.21	4631.64	300	0	10
2026.08.25	10:55:00	4631.65	4631.68	4630.51	4630.62	312	0	10
2026.08.25	10:56:00	4630.60	4631.15	4629.97	4630.52	366	0	10
2026.08.25	10:57:00	4630.52	4631.13	4629.87	4631.13	318	0	10
2026.08.25	10:58:00	4631.14	4631.67	4630.13	4630.67	205	0	10
2026.08.25	10:59:00	4630.66	4630.97	4629.89	4630.20	239	0	10
2026.08.25	11:00:00	4630.20	4631.33	4628.27	4629.03	566	0	10
2026.08.25	11:01:00	4629.06	4631.09	4627.99	4628.88	492	0	10
2026.08.25	11:02:00	4628.87	4628.87	4626.24	4627.31	388	0	10
2026.08.25	11:03:00	4627.31	4628.67	4627.19	4627.84	319	0	10
2026.08.25	11:04:00	4627.82	4628.41	4625.46	4626.00	436	0	10
2026.08.25	11:05:00	4626.00	4628.22	4625.62	4627.90	423	0	10
2026.08.25	11:06:00	4627.90	4629.13	4627.36	4627.56	409	0	10
2026.08.25	11:07:00	4627.56	4627.82	4625.60	4625.60	308	0	10
2026.08.25	11:08:00	4625.54	4626.00	4621.09	4621.53	444	0	10
2026.08.25	11:09:00	4621.52	4623.97	4620.16	4623.41	501	0	10
2026.08.25	11:10:00	4623.41	4624.43	4622.99	4623.57	395	0	10
2026.08.25	11:11:00	4623.57	4625.81	4623.57	4623.78	353	0	10
2026.08.25	11:12:00	4623.78	4625.31	4623.71	4624.94	285	0	10
2026.08.25	11:13:00	4624.97	4625.91	4624.76	4624.87	229	0	10
2026.08.25	11:14:00	4624.87	4626.82	4623.32	4626.65	327	0	10
2026.08.25	11:15:00	4626.65	4628.51	4625.82	4627.13	390	0	10
2026.08.25	11:16:00	4627.13	4628.09	4626.47	4628.00	245	0	10
2026.08.25	11:17:00	4628.00	4630.35	4628.00	4629.42	271	0	10
2026.08.25	11:18:00	4629.42	4629.84	4628.09	4629.82	273	0	10
2026.08.25	11:19:00	4629.82	4630.26	4627.64	4628.18	264	0	10
2026.08.25	11:20:00	4628.18	4629.01	4626.81	4628.97	239	0	10
2026.08.25	11:21:00	4628.97	4631.05	4628.71	4630.49	237	0	10
2026.08.25	11:22:00	4630.49	4633.85	4630.10	4633.73	371	0	10
2026.08.25	11:23:00	4633.73	4639.96	4632.13	4637.96	590	0	10
2026.08.25	11:24:00	4637.96	4645.47	4636.31	4644.53	985	0	10
2026.08.25	11:25:00	4644.58	4644.58	4638.35	4638.86	748	0	10
2026.08.25	11:26:00	4638.82	4639.90	4636.51	4636.91	496	0	10
2026.08.25	11:27:00	4636.94	4637.62	4635.13	4635.72	401	0	10
2026.08.25	11:28:00	4635.72	4635.81	4631.88	4632.72	387	0	10
2026.08.25	11:29:00	4632.72	4633.92	4632.54	4633.00	386	0	10
2026.08.25	11:30:00	4633.04	4634.82	4632.88	4633.71	469	0	10
2026.08.25	11:31:00	4633.71	4635.46	4633.53	4634.35	501	0	10
2026.08.25	11:32:00	4634.35	4634.77	4632.28	4633.60	431	0	10
2026.08.25	11:33:00	4633.53	4634.36	4631.97	4632.01	371	0	10
2026.08.25	11:34:00	4631.99	4635.29	4631.85	4635.13	560	0	10
2026.08.25	11:35:00	4635.06	4635.06	4632.30	4633.38	369	0	10
2026.08.25	11:36:00	4633.33	4634.22	4632.09	4632.83	400	0	10
2026.08.25	11:37:00	4632.83	4634.15	4632.09	4633.52	262	0	10
2026.08.25	11:38:00	4633.52	4633.90	4630.42	4630.91	364	0	10
2026.08.25	11:39:00	4630.74	4631.62	4629.29	4630.02	293	0	10
2026.08.25	11:40:00	4630.04	4630.14	4627.72	4627.90	313	0	10
2026.08.25	11:41:00	4627.89	4628.34	4625.94	4627.95	429	0	10
2026.08.25	11:42:00	4627.97	4629.16	4627.91	4628.75	288	0	10
2026.08.25	11:43:00	4628.75	4630.12	4628.35	4630.09	225	0	10
2026.08.25	11:44:00	4630.08	4632.20	4629.92	4632.12	301	0	10
2026.08.25	11:45:00	4632.09	4633.94	4631.86	4633.26	314	0	10
2026.08.25	11:46:00	4633.26	4633.67	4632.43	4632.91	334	0	10
2026.08.25	11:47:00	4632.91	4633.16	4632.06	4632.50	242	0	10
2026.08.25	11:48:00	4632.50	4632.50	4628.41	4628.54	292	0	10
2026.08.25	11:49:00	4628.54	4628.79	4627.45	4628.00	208	0	10
2026.08.25	11:50:00	4628.00	4628.40	4626.91	4627.67	367	0	10
2026.08.25	11:51:00	4627.71	4628.19	4625.25	4625.43	297	0	10
2026.08.25	11:52:00	4625.42	4628.12	4625.31	4627.44	319	0	10
2026.08.25	11:53:00	4627.53	4627.95	4626.32	4626.87	266	0	10
2026.08.25	11:54:00	4626.87	4627.62	4626.41	4626.65	233	0	10
2026.08.25	11:55:00	4626.65	4628.26	4626.51	4626.94	315	0	10
2026.08.25	11:56:00	4626.94	4628.21	4626.85	4627.68	247	0	10
2026.08.25	11:57:00	4627.68	4627.90	4626.43	4627.72	266	0	10
2026.08.25	11:58:00	4627.72	4630.17	4627.72	4629.88	311	0	10
2026.08.25	11:59:00	4629.92	4630.73	4629.50	4630.40	428	0	10
2026.08.25	12:00:00	4630.40	4630.40	4626.03	4626.75	486	0	10
2026.08.25	12:01:00	4626.75	4628.19	4626.42	4628.07	364	0	10
2026.08.25	12:02:00	4628.07	4628.81	4626.86	4627.66	385	0	10
2026.08.25	12:03:00	4627.65	4627.87	4624.95	4626.50	447	0	10
2026.08.25	12:04:00	4626.50	4627.94	4625.51	4626.63	370	0	10
2026.08.25	12:05:00	4626.63	4626.85	4625.13	4626.63	356	0	10
2026.08.25	12:06:00	4626.63	4627.93	4626.33	4627.92	358	0	10
2026.08.25	12:07:00	4627.92	4631.86	4627.33	4631.49	376	0	10
2026.08.25	12:08:00	4631.49	4631.49	4630.24	4630.61	352	0	10
2026.08.25	12:09:00	4630.61	4633.49	4630.27	4633.02	319	0	10
2026.08.25	12:10:00	4633.02	4633.13	4630.29	4630.79	268	0	10
2026.08.25	12:11:00	4630.78	4632.18	4630.65	4631.18	285	0	10
2026.08.25	12:12:00	4631.18	4631.55	4629.41	4630.98	242	0	10
2026.08.25	12:13:00	4630.98	4631.39	4630.36	4631.20	206	0	10
2026.08.25	12:14:00	4631.20	4631.20	4629.87	4630.57	261	0	10
2026.08.25	12:15:00	4630.57	4631.77	4630.14	4630.92	272	0	10
2026.08.25	12:16:00	4630.92	4632.16	4630.22	4631.51	344	0	10
2026.08.25	12:17:00	4631.51	4633.62	4631.51	4632.25	306	0	10
2026.08.25	12:18:00	4632.25	4633.54	4632.25	4633.41	302	0	10
2026.08.25	12:19:00	4633.41	4633.43	4631.65	4631.69	284	0	10
2026.08.25	12:20:00	4631.67	4631.67	4630.00	4631.14	329	0	10
2026.08.25	12:21:00	4631.14	4632.36	4630.49	4631.31	247	0	10
2026.08.25	12:22:00	4631.31	4632.46	4630.99	4631.48	227	0	10
2026.08.25	12:23:00	4631.48	4632.24	4630.29	4631.02	204	0	10
2026.08.25	12:24:00	4631.02	4631.51	4629.66	4630.04	310	0	10
2026.08.25	12:25:00	4630.04	4630.08	4628.38	4628.52	308	0	10
2026.08.25	12:26:00	4628.52	4629.07	4627.61	4628.51	270	0	10
2026.08.25	12:27:00	4628.50	4629.02	4628.13	4628.37	262	0	10
2026.08.25	12:28:00	4628.37	4628.60	4627.25	4627.25	236	0	10
2026.08.25	12:29:00	4627.23	4628.07	4625.71	4626.56	251	0	10
2026.08.25	12:30:00	4626.56	4627.31	4624.18	4624.53	315	0	10
2026.08.25	12:31:00	4624.53	4627.56	4624.33	4626.90	389	0	10
2026.08.25	12:32:00	4626.90	4628.40	4626.49	4627.92	261	0	10
2026.08.25	12:33:00	4627.92	4631.10	4626.02	4630.01	411	0	10
2026.08.25	12:34:00	4630.01	4639.51	4629.38	4636.97	803	0	10
2026.08.25	12:35:00	4636.97	4636.99	4633.84	4634.82	684	0	10
2026.08.25	12:36:00	4634.82	4635.76	4633.81	4634.91	513	0	10
2026.08.25	12:37:00	4634.91	4635.44	4633.55	4634.50	390	0	10
2026.08.25	12:38:00	4634.50	4634.56	4631.49	4631.79	373	0	10
2026.08.25	12:39:00	4631.79	4631.79	4629.72	4630.54	338	0	10
2026.08.25	12:40:00	4630.49	4634.23	4629.54	4633.61	454	0	10
2026.08.25	12:41:00	4633.61	4636.52	4633.59	4634.17	442	0	10
2026.08.25	12:42:00	4634.17	4637.16	4633.92	4635.48	437	0	10
2026.08.25	12:43:00	4635.48	4639.17	4635.19	4636.89	462	0	10
2026.08.25	12:44:00	4636.89	4638.79	4636.22	4637.12	329	0	10
2026.08.25	12:45:00	4637.13	4639.28	4636.94	4639.05	392	0	10
2026.08.25	12:46:00	4639.05	4640.32	4638.83	4639.02	364	0	10
2026.08.25	12:47:00	4639.02	4639.59	4636.54	4636.94	420	0	10
2026.08.25	12:48:00	4637.04	4638.65	4636.93	4637.65	321	0	10
2026.08.25	12:49:00	4637.66	4640.64	4637.39	4640.61	362	0	10
2026.08.25	12:50:00	4640.61	4642.60	4640.53	4640.61	407	0	10
2026.08.25	12:51:00	4640.61	4641.55	4640.16	4640.92	347	0	10
2026.08.25	12:52:00	4640.92	4641.89	4640.28	4640.43	368	0	10
2026.08.25	12:53:00	4640.43	4641.71	4638.93	4639.05	408	0	10
2026.08.25	12:54:00	4639.05	4639.63	4638.02	4638.13	261	0	10
2026.08.25	12:55:00	4638.11	4638.31	4636.73	4637.10	313	0	10
2026.08.25	12:56:00	4637.10	4637.86	4635.90	4637.13	278	0	10
2026.08.25	12:57:00	4637.19	4640.63	4636.24	4638.25	480	0	10
2026.08.25	12:58:00	4638.26	4638.42	4637.04	4637.39	493	0	10
2026.08.25	12:59:00	4637.41	4638.01	4636.35	4636.37	298	0	10
2026.08.25	13:00:00	4636.37	4636.96	4635.03	4636.12	376	0	10
2026.08.25	13:01:00	4636.12	4636.53	4635.06	4636.53	315	0	10
2026.08.25	13:02:00	4636.89	4637.23	4633.80	4634.81	361	0	10
2026.08.25	13:03:00	4634.81	4635.07	4633.49	4633.63	318	0	10
2026.08.25	13:04:00	4633.64	4634.55	4633.29	4634.44	267	0	10
2026.08.25	13:05:00	4634.44	4635.21	4633.65	4635.20	309	0	10
2026.08.25	13:06:00	4635.22	4635.31	4634.23	4634.83	289	0	10
2026.08.25	13:07:00	4634.84	4635.27	4633.61	4635.06	256	0	10
2026.08.25	13:08:00	4635.06	4636.80	4635.02	4636.58	246	0	10
2026.08.25	13:09:00	4636.57	4636.79	4635.05	4635.46	279	0	10
2026.08.25	13:10:00	4635.46	4635.49	4633.57	4634.89	260	0	10
2026.08.25	13:11:00	4634.89	4638.12	4634.36	4636.76	261	0	10
2026.08.25	13:12:00	4636.76	4638.57	4636.52	4636.66	241	0	10
2026.08.25	13:13:00	4636.68	4636.78	4634.90	4635.85	248	0	10
2026.08.25	13:14:00	4635.85	4636.60	4635.09	4635.35	217	0	10
2026.08.25	13:15:00	4635.35	4636.65	4634.94	4636.37	214	0	10
2026.08.25	13:16:00	4636.37	4637.08	4636.07	4637.06	130	0	10
2026.08.25	13:17:00	4637.06	4637.86	4636.99	4637.78	197	0	10
2026.08.25	13:18:00	4637.78	4639.03	4637.78	4638.00	221	0	10
2026.08.25	13:19:00	4638.00	4638.00	4636.83	4637.02	208	0	10
2026.08.25	13:20:00	4637.02	4637.82	4636.53	4636.61	246	0	10
2026.08.25	13:21:00	4636.61	4637.64	4635.92	4637.47	212	0	10
2026.08.25	13:22:00	4637.47	4638.20	4636.77	4636.89	228	0	10
2026.08.25	13:23:00	4636.89	4638.16	4636.29	4638.01	205	0	10
2026.08.25	13:24:00	4638.01	4638.45	4635.38	4635.47	257	0	10
2026.08.25	13:25:00	4635.47	4636.14	4635.27	4635.44	191	0	10
2026.08.25	13:26:00	4635.44	4637.16	4635.44	4635.92	275	0	10
2026.08.25	13:27:00	4635.92	4637.60	4635.90	4637.10	268	0	10
2026.08.25	13:28:00	4637.13	4637.32	4636.04	4636.25	159	0	10
2026.08.25	13:29:00	4636.25	4636.26	4633.14	4633.76	370	0	10
2026.08.25	13:30:00	4633.77	4634.68	4632.88	4634.68	330	0	10
2026.08.25	13:31:00	4634.68	4636.97	4634.68	4636.58	266	0	10
2026.08.25	13:32:00	4636.59	4636.93	4635.51	4635.69	231	0	10
2026.08.25	13:33:00	4635.67	4636.17	4634.83	4636.03	291	0	10
2026.08.25	13:34:00	4636.02	4636.10	4635.12	4635.43	240	0	10
2026.08.25	13:35:00	4635.45	4635.58	4633.82	4634.76	282	0	10
2026.08.25	13:36:00	4634.76	4635.41	4634.09	4634.69	232	0	10
2026.08.25	13:37:00	4634.69	4637.46	4634.51	4637.27	225	0	10
2026.08.25	13:38:00	4637.27	4638.31	4637.24	4637.44	171	0	10
2026.08.25	13:39:00	4637.44	4637.97	4637.15	4637.59	130	0	10
2026.08.25	13:40:00	4637.58	4639.03	4637.58	4638.24	218	0	10
2026.08.25	13:41:00	4638.03	4639.57	4637.52	4639.03	199	0	10
2026.08.25	13:42:00	4639.03	4640.91	4638.99	4639.38	224	0	10
2026.08.25	13:43:00	4639.39	4639.49	4637.48	4637.61	231	0	10
2026.08.25	13:44:00	4637.46	4638.41	4637.02	4637.63	242	0	10
2026.08.25	13:45:00	4637.68	4637.93	4637.29	4637.61	195	0	10
2026.08.25	13:46:00	4637.59	4641.01	4637.45	4640.51	282	0	10
2026.08.25	13:47:00	4640.51	4640.95	4640.08	4640.73	184	0	10
2026.08.25	13:48:00	4640.69	4640.72	4637.81	4637.95	209	0	10
2026.08.25	13:49:00	4637.95	4639.15	4637.89	4638.17	282	0	10
2026.08.25	13:50:00	4638.17	4639.46	4637.87	4638.53	225	0	10
2026.08.25	13:51:00	4638.53	4638.56	4637.08	4638.38	220	0	10
2026.08.25	13:52:00	4638.38	4640.04	4638.14	4640.00	238	0	10
2026.08.25	13:53:00	4640.00	4641.18	4639.94	4640.88	205	0	10
2026.08.25	13:54:00	4640.88	4641.88	4640.88	4641.18	254	0	10
2026.08.25	13:55:00	4641.18	4641.39	4639.63	4640.81	240	0	10
2026.08.25	13:56:00	4640.81	4642.39	4640.61	4641.05	189	0	10
2026.08.25	13:57:00	4641.04	4641.67	4640.32	4640.90	241	0	10
2026.08.25	13:58:00	4640.90	4641.23	4639.89	4639.89	233	0	10
2026.08.25	13:59:00	4639.86	4640.13	4639.26	4639.26	179	0	10
2026.08.25	14:00:00	4639.25	4639.67	4637.76	4638.23	381	0	10
2026.08.25	14:01:00	4638.23	4640.11	4637.97	4639.29	341	0	10
2026.08.25	14:02:00	4639.39	4639.53	4638.79	4639.37	241	0	10
2026.08.25	14:03:00	4639.37	4639.80	4639.01	4639.43	237	0	10
2026.08.25	14:04:00	4639.43	4640.78	4639.39	4640.36	224	0	10
2026.08.25	14:05:00	4640.39	4640.53	4638.50	4638.95	319	0	10
2026.08.25	14:06:00	4638.95	4640.40	4638.89	4638.92	248	0	10
2026.08.25	14:07:00	4638.92	4640.13	4638.51	4640.12	286	0	10
2026.08.25	14:08:00	4640.12	4642.18	4639.43	4642.16	273	0	10
2026.08.25	14:09:00	4642.16	4643.33	4636.57	4640.49	423	0	10
2026.08.25	14:10:00	4640.49	4641.60	4639.35	4641.56	326	0	10
2026.08.25	14:11:00	4641.53	4641.55	4640.73	4641.01	207	0	10
2026.08.25	14:12:00	4641.01	4641.73	4640.12	4641.19	263	0	10
2026.08.25	14:13:00	4641.19	4642.18	4640.39	4640.84	292	0	10
2026.08.25	14:14:00	4640.84	4642.95	4640.70	4642.90	199	0	10
2026.08.25	14:15:00	4642.90	4643.44	4642.68	4642.84	284	0	10
2026.08.25	14:16:00	4642.84	4643.37	4642.07	4642.42	239	0	10
2026.08.25	14:17:00	4642.43	4643.03	4641.54	4642.37	223	0	10
2026.08.25	14:18:00	4642.37	4644.61	4642.33	4644.22	278	0	10
2026.08.25	14:19:00	4644.21	4645.14	4643.79	4643.98	222	0	10
2026.08.25	14:20:00	4643.98	4644.63	4643.09	4644.03	233	0	10
2026.08.25	14:21:00	4644.02	4644.10	4643.32	4643.69	208	0	10
2026.08.25	14:22:00	4643.69	4643.71	4640.69	4640.73	226	0	10
2026.08.25	14:23:00	4640.85	4642.31	4640.85	4641.95	271	0	10
2026.08.25	14:24:00	4641.97	4643.14	4641.85	4642.41	182	0	10
2026.08.25	14:25:00	4642.41	4642.74	4640.61	4640.68	221	0	10
2026.08.25	14:26:00	4640.68	4641.69	4639.98	4641.16	237	0	10
2026.08.25	14:27:00	4641.16	4641.16	4639.03	4639.74	215	0	10
2026.08.25	14:28:00	4639.70	4641.68	4639.67	4641.13	234	0	10
2026.08.25	14:29:00	4641.13	4641.68	4640.19	4641.68	185	0	10
2026.08.25	14:30:00	4641.69	4642.95	4640.59	4641.78	265	0	10
2026.08.25	14:31:00	4641.78	4644.63	4641.71	4643.54	336	0	10
2026.08.25	14:32:00	4643.54	4643.88	4642.30	4642.50	239	0	10
2026.08.25	14:33:00	4642.51	4644.50	4642.15	4643.96	282	0	10
2026.08.25	14:34:00	4643.96	4644.43	4642.94	4643.10	252	0	10
2026.08.25	14:35:00	4643.08	4643.42	4642.55	4642.85	201	0	10
2026.08.25	14:36:00	4642.85	4643.88	4642.12	4643.38	239	0	10
2026.08.25	14:37:00	4643.38	4643.77	4642.59	4643.45	250	0	10
2026.08.25	14:38:00	4643.45	4644.49	4643.43	4643.84	221	0	10
2026.08.25	14:39:00	4643.82	4644.77	4643.19	4644.64	264	0	10
2026.08.25	14:40:00	4644.62	4645.23	4644.14	4644.14	260	0	10
2026.08.25	14:41:00	4644.13	4644.19	4641.70	4642.47	322	0	10
2026.08.25	14:42:00	4642.47	4643.36	4642.23	4642.24	197	0	10
2026.08.25	14:43:00	4642.23	4642.50	4641.58	4641.90	191	0	10
2026.08.25	14:44:00	4641.90	4642.01	4640.30	4640.61	276	0	10
2026.08.25	14:45:00	4640.62	4643.04	4640.58	4642.77	276	0	10
2026.08.25	14:46:00	4642.75	4642.95	4642.04	4642.75	218	0	10
2026.08.25	14:47:00	4642.75	4645.31	4642.63	4644.88	285	0	10
2026.08.25	14:48:00	4644.88	4646.23	4644.88	4645.54	325	0	10
2026.08.25	14:49:00	4645.55	4645.65	4644.29	4644.62	238	0	10
2026.08.25	14:50:00	4644.62	4647.33	4644.62	4646.40	349	0	10
2026.08.25	14:51:00	4646.33	4646.51	4645.02	4645.53	286	0	10
2026.08.25	14:52:00	4645.53	4645.53	4643.07	4643.18	315	0	10
2026.08.25	14:53:00	4643.18	4643.36	4641.65	4642.42	297	0	10
2026.08.25	14:54:00	4642.43	4644.85	4642.43	4643.92	358	0	10
2026.08.25	14:55:00	4643.92	4644.74	4643.66	4644.57	284	0	10
2026.08.25	14:56:00	4644.53	4645.12	4644.19	4644.21	247	0	10
2026.08.25	14:57:00	4644.21	4644.24	4643.18	4643.81	217	0	10
2026.08.25	14:58:00	4643.81	4643.86	4642.27	4642.27	208	0	10
2026.08.25	14:59:00	4642.28	4642.80	4641.94	4642.40	203	0	10
2026.08.25	15:00:00	4642.40	4642.61	4640.25	4640.25	388	0	10
2026.08.25	15:01:00	4640.24	4641.09	4639.72	4640.30	358	0	10
2026.08.25	15:02:00	4640.30	4640.66	4637.25	4637.29	326	0	10
2026.08.25	15:03:00	4637.29	4637.44	4634.98	4636.02	367	0	10
2026.08.25	15:04:00	4636.02	4637.24	4635.23	4636.84	299	0	10
2026.08.25	15:05:00	4636.84	4637.27	4636.30	4636.96	302	0	10
2026.08.25	15:06:00	4636.96	4638.56	4636.31	4637.14	315	0	10
2026.08.25	15:07:00	4637.14	4637.42	4635.65	4635.88	319	0	10
2026.08.25	15:08:00	4635.88	4638.32	4635.86	4637.98	371	0	10
2026.08.25	15:09:00	4637.98	4638.21	4637.01	4637.11	275	0	10
2026.08.25	15:10:00	4637.11	4637.61	4636.27	4636.48	302	0	10
2026.08.25	15:11:00	4636.48	4641.05	4636.20	4640.98	351	0	10
2026.08.25	15:12:00	4640.98	4642.26	4637.97	4640.35	497	0	10
2026.08.25	15:13:00	4640.35	4641.23	4638.58	4638.96	305	0	10
2026.08.25	15:14:00	4638.96	4639.47	4638.61	4639.22	289	0	10
2026.08.25	15:15:00	4639.14	4639.34	4637.36	4637.80	320	0	10
2026.08.25	15:16:00	4637.83	4638.80	4637.61	4637.93	298	0	10
2026.08.25	15:17:00	4637.92	4638.45	4637.52	4637.69	235	0	10
2026.08.25	15:18:00	4637.69	4638.31	4633.66	4634.02	394	0	10
2026.08.25	15:19:00	4634.07	4635.96	4633.18	4635.67	351	0	10
2026.08.25	15:20:00	4635.59	4639.41	4634.89	4635.65	492	0	10
2026.08.25	15:21:00	4635.65	4637.73	4635.44	4635.86	294	0	10
2026.08.25	15:22:00	4635.86	4635.86	4633.29	4634.38	334	0	10
2026.08.25	15:23:00	4634.38	4635.61	4633.29	4633.32	268	0	10
2026.08.25	15:24:00	4633.32	4634.33	4632.09	4633.79	313	0	10
2026.08.25	15:25:00	4633.79	4636.10	4633.15	4635.77	360	0	10
2026.08.25	15:26:00	4635.77	4636.76	4634.60	4634.80	356	0	10
2026.08.25	15:27:00	4634.81	4635.91	4633.73	4635.89	297	0	10
2026.08.25	15:28:00	4635.89	4637.62	4635.04	4636.90	340	0	10
2026.08.25	15:29:00	4636.90	4637.62	4635.42	4637.41	263	0	10
2026.08.25	15:30:00	4637.41	4637.68	4635.28	4635.99	377	0	10
2026.08.25	15:31:00	4635.99	4637.73	4635.21	4635.34	447	0	10
2026.08.25	15:32:00	4635.38	4635.38	4632.78	4633.71	390	0	10
2026.08.25	15:33:00	4633.71	4635.42	4632.96	4635.08	361	0	10
2026.08.25	15:34:00	4635.08	4635.38	4633.15	4633.20	255	0	10
2026.08.25	15:35:00	4633.19	4634.33	4633.09	4633.91	325	0	10
2026.08.25	15:36:00	4633.91	4634.93	4633.38	4633.46	357	0	10
2026.08.25	15:37:00	4633.46	4634.27	4633.09	4633.49	285	0	10
2026.08.25	15:38:00	4633.50	4634.55	4633.33	4633.41	262	0	10
2026.08.25	15:39:00	4633.41	4633.80	4630.59	4630.71	363	0	10
2026.08.25	15:40:00	4630.71	4634.72	4630.16	4634.10	382	0	10
2026.08.25	15:41:00	4634.11	4635.16	4633.56	4635.15	353	0	10
2026.08.25	15:42:00	4635.14	4638.80	4634.87	4638.61	331	0	10
2026.08.25	15:43:00	4638.61	4640.73	4638.40	4639.17	425	0	10
2026.08.25	15:44:00	4639.17	4639.51	4638.09	4638.42	352	0	10
2026.08.25	15:45:00	4638.42	4639.24	4637.36	4637.44	329	0	10
2026.08.25	15:46:00	4637.44	4639.56	4637.31	4639.12	341	0	10
2026.08.25	15:47:00	4639.12	4639.42	4637.77	4638.84	249	0	10
2026.08.25	15:48:00	4638.84	4642.76	4638.84	4642.21	377	0	10
2026.08.25	15:49:00	4642.21	4642.24	4639.93	4640.33	297	0	10
2026.08.25	15:50:00	4640.34	4640.75	4639.71	4640.53	280	0	10
2026.08.25	15:51:00	4640.53	4644.30	4640.53	4641.96	441	0	10
2026.08.25	15:52:00	4641.96	4643.71	4641.56	4643.31	304	0	10
2026.08.25	15:53:00	4643.30	4643.42	4640.62	4640.82	302	0	10
2026.08.25	15:54:00	4640.82	4641.58	4640.18	4641.03	263	0	10
2026.08.25	15:55:00	4641.03	4641.03	4639.50	4639.85	307	0	10
2026.08.25	15:56:00	4639.85	4641.40	4639.69	4640.97	311	0	10
2026.08.25	15:57:00	4640.95	4641.07	4639.44	4639.48	263	0	10
2026.08.25	15:58:00	4639.46	4639.53	4638.53	4639.08	271	0	10
2026.08.25	15:59:00	4639.08	4640.86	4639.08	4640.85	277	0	10
2026.08.25	16:00:00	4640.85	4641.22	4631.18	4633.16	767	0	10
2026.08.25	16:01:00	4633.15	4635.82	4632.75	4633.34	590	0	10
2026.08.25	16:02:00	4633.34	4633.68	4630.20	4632.57	633	0	10
2026.08.25	16:03:00	4632.57	4633.30	4631.93	4632.43	547	0	10
2026.08.25	16:04:00	4632.44	4635.30	4631.88	4634.60	534	0	10
2026.08.25	16:05:00	4634.60	4636.35	4632.61	4632.76	512	0	10
2026.08.25	16:06:00	4632.76	4632.76	4630.10	4630.44	595	0	10
2026.08.25	16:07:00	4630.44	4630.46	4628.19	4629.01	433	0	10
2026.08.25	16:08:00	4629.01	4629.94	4628.28	4629.64	540	0	10
2026.08.25	16:09:00	4629.64	4632.72	4629.62	4631.08	398	0	10
2026.08.25	16:10:00	4631.08	4632.45	4629.39	4632.33	496	0	10
2026.08.25	16:11:00	4632.33	4633.02	4629.41	4632.94	685	0	10
2026.08.25	16:12:00	4633.08	4633.99	4630.88	4631.21	577	0	10
2026.08.25	16:13:00	4631.21	4632.77	4628.57	4629.43	635	0	10
2026.08.25	16:14:00	4629.42	4629.53	4622.91	4623.28	666	0	10
2026.08.25	16:15:00	4623.23	4624.73	4621.31	4621.97	660	0	10
2026.08.25	16:16:00	4621.97	4624.66	4620.61	4623.87	603	0	10
2026.08.25	16:17:00	4623.87	4628.20	4623.87	4626.85	579	0	10
2026.08.25	16:18:00	4626.85	4627.82	4626.13	4627.52	491	0	10
2026.08.25	16:19:00	4627.51	4628.15	4625.84	4626.04	486	0	10
2026.08.25	16:20:00	4626.02	4626.36	4623.36	4623.89	623	0	10
2026.08.25	16:21:00	4623.89	4625.43	4623.20	4623.53	570	0	10
2026.08.25	16:22:00	4623.50	4623.50	4618.99	4619.15	477	0	10
2026.08.25	16:23:00	4619.25	4619.30	4612.83	4615.13	668	0	10
2026.08.25	16:24:00	4615.11	4617.03	4613.89	4614.58	569	0	10
2026.08.25	16:25:00	4614.58	4615.92	4609.01	4609.99	598	0	10
2026.08.25	16:26:00	4609.88	4614.04	4609.38	4612.28	530	0	10
2026.08.25	16:27:00	4612.31	4615.56	4612.10	4615.56	551	0	10
2026.08.25	16:28:00	4615.56	4618.20	4614.53	4616.73	538	0	10
2026.08.25	16:29:00	4616.65	4616.91	4609.57	4609.71	547	0	10
2026.08.25	16:30:00	4609.60	4617.25	4609.19	4614.88	821	0	10
2026.08.25	16:31:00	4615.07	4620.77	4614.85	4620.22	717	0	10
2026.08.25	16:32:00	4620.23	4622.70	4619.44	4622.39	768	0	10
2026.08.25	16:33:00	4622.39	4623.43	4621.15	4621.30	656	0	10
2026.08.25	16:34:00	4621.29	4623.59	4619.67	4621.60	745	0	10
2026.08.25	16:35:00	4621.69	4621.79	4617.84	4618.99	810	0	10
2026.08.25	16:36:00	4618.99	4619.09	4609.67	4610.42	830	0	10
2026.08.25	16:37:00	4610.11	4616.50	4609.87	4616.25	719	0	10
2026.08.25	16:38:00	4616.19	4620.28	4615.24	4619.06	711	0	10
2026.08.25	16:39:00	4619.00	4619.84	4613.47	4615.60	787	0	10
2026.08.25	16:40:00	4615.55	4621.39	4615.49	4619.60	835	0	10
2026.08.25	16:41:00	4619.61	4619.85	4614.74	4616.82	800	0	10
2026.08.25	16:42:00	4616.83	4618.03	4610.96	4613.17	803	0	10
2026.08.25	16:43:00	4613.20	4615.11	4612.05	4614.13	675	0	10
2026.08.25	16:44:00	4614.08	4614.11	4611.75	4612.83	653	0	10
2026.08.25	16:45:00	4612.83	4615.36	4611.82	4611.94	731	0	10
2026.08.25	16:46:00	4611.93	4614.82	4611.28	4611.37	715	0	10
2026.08.25	16:47:00	4611.38	4611.38	4605.34	4606.08	814	0	10
2026.08.25	16:48:00	4606.02	4610.52	4605.26	4609.58	720	0	10
2026.08.25	16:49:00	4609.53	4610.83	4606.85	4607.04	634	0	10
2026.08.25	16:50:00	4607.04	4610.56	4606.52	4608.27	782	0	10
2026.08.25	16:51:00	4608.28	4609.99	4606.41	4607.67	865	0	10
2026.08.25	16:52:00	4607.67	4609.92	4606.42	4609.06	791	0	10
2026.08.25	16:53:00	4609.06	4609.77	4605.75	4609.66	710	0	10
2026.08.25	16:54:00	4609.62	4612.30	4607.42	4607.51	711	0	10
2026.08.25	16:55:00	4607.49	4611.17	4605.84	4610.44	821	0	10
2026.08.25	16:56:00	4610.42	4613.78	4609.67	4613.43	689	0	10
2026.08.25	16:57:00	4613.42	4613.64	4608.19	4608.21	575	0	10
2026.08.25	16:58:00	4608.21	4613.74	4608.21	4613.47	502	0	10
2026.08.25	16:59:00	4613.60	4617.80	4613.60	4616.73	477	0	10
2026.08.25	17:00:00	4616.66	4620.75	4615.77	4617.27	733	0	10
2026.08.25	17:01:00	4617.23	4620.76	4616.11	4618.05	663	0	10
2026.08.25	17:02:00	4618.05	4621.37	4613.53	4615.73	796	0	10
2026.08.25	17:03:00	4615.73	4618.75	4615.45	4617.20	812	0	10
2026.08.25	17:04:00	4617.20	4619.66	4615.99	4618.81	715	0	10
2026.08.25	17:05:00	4618.81	4621.98	4617.95	4620.82	722	0	10
2026.08.25	17:06:00	4620.82	4624.93	4619.90	4622.28	667	0	10
2026.08.25	17:07:00	4622.23	4624.48	4621.01	4623.89	662	0	10
2026.08.25	17:08:00	4623.80	4624.42	4619.27	4620.99	637	0	10
2026.08.25	17:09:00	4620.99	4624.19	4620.95	4623.04	587	0	10
2026.08.25	17:10:00	4623.19	4626.21	4622.62	4624.66	610	0	10
2026.08.25	17:11:00	4624.70	4626.43	4623.34	4623.42	536	0	10
2026.08.25	17:12:00	4623.45	4625.75	4623.43	4625.60	628	0	10
2026.08.25	17:13:00	4625.60	4626.51	4623.17	4624.19	545	0	10
2026.08.25	17:14:00	4624.19	4624.27	4621.92	4623.06	566	0	10
2026.08.25	17:15:00	4623.02	4623.83	4619.61	4622.70	686	0	10
2026.08.25	17:16:00	4622.70	4624.55	4621.88	4621.91	560	0	10
2026.08.25	17:17:00	4621.91	4624.05	4621.67	4623.73	564	0	10
2026.08.25	17:18:00	4623.73	4624.96	4622.28	4622.35	494	0	10
2026.08.25	17:19:00	4622.32	4622.94	4619.36	4619.46	637	0	10
2026.08.25	17:20:00	4619.23	4623.87	4619.15	4623.86	524	0	10
2026.08.25	17:21:00	4623.86	4624.47	4621.59	4622.41	534	0	10
2026.08.25	17:22:00	4622.41	4622.60	4618.59	4621.50	681	0	10
2026.08.25	17:23:00	4621.50	4623.28	4620.91	4622.30	548	0	10
2026.08.25	17:24:00	4622.30	4626.06	4622.28	4625.64	496	0	10
2026.08.25	17:25:00	4625.64	4628.22	4625.42	4626.56	605	0	10
2026.08.25	17:26:00	4626.56	4628.39	4626.24	4627.91	587	0	10
2026.08.25	17:27:00	4627.91	4627.96	4625.90	4625.96	483	0	10
2026.08.25	17:28:00	4625.98	4626.67	4625.07	4626.02	525	0	10
2026.08.25	17:29:00	4626.02	4626.29	4623.40	4623.84	592	0	10
2026.08.25	17:30:00	4623.83	4624.54	4613.02	4620.96	778	0	10
2026.08.25	17:31:00	4620.79	4625.47	4620.71	4625.39	724	0	10
2026.08.25	17:32:00	4625.39	4629.69	4625.39	4628.35	588	0	10
2026.08.25	17:33:00	4628.35	4630.42	4627.15	4630.17	607	0	10
2026.08.25	17:34:00	4630.18	4631.50	4629.20	4629.69	706	0	10
2026.08.25	17:35:00	4629.68	4632.65	4629.59	4632.21	618	0	10
2026.08.25	17:36:00	4632.22	4632.22	4629.55	4630.81	584	0	10
2026.08.25	17:37:00	4630.81	4634.05	4630.76	4634.03	515	0	10
2026.08.25	17:38:00	4634.03	4634.97	4633.38	4634.94	489	0	10
2026.08.25	17:39:00	4634.94	4637.44	4634.71	4636.75	599	0	10
2026.08.25	17:40:00	4636.75	4638.18	4635.52	4636.18	578	0	10
2026.08.25	17:41:00	4636.18	4636.65	4635.15	4635.92	430	0	10
2026.08.25	17:42:00	4636.03	4636.25	4631.24	4631.48	669	0	10
2026.08.25	17:43:00	4631.50	4636.13	4631.25	4635.90	583	0	10
2026.08.25	17:44:00	4635.91	4637.68	4634.66	4637.31	548	0	10
2026.08.25	17:45:00	4637.14	4640.08	4636.38	4636.40	618	0	10
2026.08.25	17:46:00	4636.40	4637.92	4636.22	4637.59	592	0	10
2026.08.25	17:47:00	4637.57	4637.62	4636.19	4636.54	534	0	10
2026.08.25	17:48:00	4636.48	4637.22	4635.40	4636.56	532	0	10
2026.08.25	17:49:00	4636.55	4638.05	4636.11	4636.48	585	0	10
2026.08.25	17:50:00	4636.47	4638.18	4635.00	4635.01	603	0	10
2026.08.25	17:51:00	4635.05	4635.45	4632.62	4634.06	611	0	10
2026.08.25	17:52:00	4634.06	4635.46	4633.55	4635.46	554	0	10
2026.08.25	17:53:00	4635.47	4636.95	4635.11	4635.66	506	0	10
2026.08.25	17:54:00	4635.66	4636.25	4634.67	4634.69	466	0	10
2026.08.25	17:55:00	4634.72	4637.27	4634.72	4635.57	537	0	10
2026.08.25	17:56:00	4635.57	4635.57	4633.16	4634.21	509	0	10
2026.08.25	17:57:00	4634.21	4636.74	4634.20	4636.74	532	0	10
2026.08.25	17:58:00	4636.80	4636.97	4634.13	4634.81	527	0	10
2026.08.25	17:59:00	4634.80	4635.78	4634.32	4635.64	541	0	10
2026.08.25	18:00:00	4635.59	4636.75	4634.67	4635.03	620	0	10
2026.08.25	18:01:00	4635.03	4637.29	4635.01	4635.21	559	0	10
2026.08.25	18:02:00	4635.22	4636.35	4634.14	4634.89	591	0	10
2026.08.25	18:03:00	4634.90	4635.60	4632.18	4632.66	562	0	10
2026.08.25	18:04:00	4632.66	4632.75	4630.61	4632.28	568	0	10
2026.08.25	18:05:00	4632.28	4633.47	4630.58	4631.71	612	0	10
2026.08.25	18:06:00	4631.66	4632.81	4630.79	4632.53	654	0	10
2026.08.25	18:07:00	4632.53	4634.03	4631.12	4631.24	560	0	10
2026.08.25	18:08:00	4631.26	4632.06	4630.59	4630.84	450	0	10
2026.08.25	18:09:00	4630.84	4632.65	4630.73	4632.51	528	0	10
2026.08.25	18:10:00	4632.50	4632.88	4630.89	4631.81	522	0	10
2026.08.25	18:11:00	4631.81	4633.69	4631.40	4633.45	517	0	10
2026.08.25	18:12:00	4633.48	4635.27	4633.33	4634.38	515	0	10
2026.08.25	18:13:00	4634.39	4634.44	4632.52	4633.04	433	0	10
2026.08.25	18:14:00	4633.02	4633.57	4631.87	4633.35	397	0	10
2026.08.25	18:15:00	4633.35	4633.90	4629.50	4631.50	643	0	10
2026.08.25	18:16:00	4631.50	4637.38	4630.48	4637.35	507	0	10
2026.08.25	18:17:00	4637.35	4638.27	4636.64	4638.11	517	0	10
2026.08.25	18:18:00	4638.11	4638.69	4636.13	4637.19	531	0	10
2026.08.25	18:19:00	4637.19	4639.49	4637.18	4638.84	511	0	10
2026.08.25	18:20:00	4638.84	4640.98	4638.68	4640.98	582	0	10
2026.08.25	18:21:00	4641.06	4644.17	4640.91	4643.54	597	0	10
2026.08.25	18:22:00	4643.57	4644.81	4642.80	4642.90	512	0	10
2026.08.25	18:23:00	4642.90	4643.13	4641.82	4642.15	460	0	10
2026.08.25	18:24:00	4642.13	4642.42	4640.45	4640.69	438	0	10
2026.08.25	18:25:00	4640.68	4640.77	4639.85	4639.94	453	0	10
2026.08.25	18:26:00	4639.94	4640.79	4637.81	4637.95	427	0	10
2026.08.25	18:27:00	4637.95	4640.97	4637.13	4640.93	479	0	10
2026.08.25	18:28:00	4640.93	4643.45	4640.85	4642.73	563	0	10
2026.08.25	18:29:00	4642.75	4643.24	4639.62	4639.86	494	0	10
2026.08.25	18:30:00	4639.86	4643.74	4639.78	4643.68	609	0	10
2026.08.25	18:31:00	4643.68	4644.12	4642.68	4642.96	538	0	10
2026.08.25	18:32:00	4642.98	4644.47	4642.63	4643.99	548	0	10
2026.08.25	18:33:00	4644.06	4650.97	4643.21	4649.74	652	0	10
2026.08.25	18:34:00	4649.94	4651.27	4647.08	4648.71	845	0	10
2026.08.25	18:35:00	4648.75	4654.56	4648.07	4654.56	821	0	10
2026.08.25	18:36:00	4654.61	4657.30	4653.78	4654.71	817	0	10
2026.08.25	18:37:00	4654.72	4656.81	4653.75	4655.83	794	0	10
2026.08.25	18:38:00	4655.83	4658.42	4654.91	4656.47	735	0	10
2026.08.25	18:39:00	4656.48	4656.77	4654.55	4655.89	650	0	10
2026.08.25	18:40:00	4655.88	4657.49	4654.87	4657.49	649	0	10
2026.08.25	18:41:00	4657.49	4659.53	4655.21	4657.17	678	0	10
2026.08.25	18:42:00	4657.17	4658.26	4655.85	4656.96	634	0	10
2026.08.25	18:43:00	4656.96	4657.34	4654.46	4654.62	480	0	10
2026.08.25	18:44:00	4654.77	4657.07	4654.65	4656.22	544	0	10
2026.08.25	18:45:00	4656.21	4657.35	4655.10	4655.95	615	0	10
2026.08.25	18:46:00	4655.98	4656.98	4655.11	4655.18	624	0	10
2026.08.25	18:47:00	4655.18	4655.20	4651.92	4652.07	488	0	10
2026.08.25	18:48:00	4652.07	4652.99	4651.74	4652.33	526	0	10
2026.08.25	18:49:00	4652.31	4654.53	4651.11	4651.79	504	0	10
2026.08.25	18:50:00	4651.75	4652.46	4648.97	4649.74	471	0	10
2026.08.25	18:51:00	4649.75	4651.08	4649.21	4650.78	465	0	10
2026.08.25	18:52:00	4650.78	4652.11	4649.19	4649.19	521	0	10
2026.08.25	18:53:00	4649.26	4651.40	4649.26	4650.93	459	0	10
2026.08.25	18:54:00	4650.93	4651.86	4650.36	4650.44	401	0	10
2026.08.25	18:55:00	4650.54	4651.03	4648.86	4650.95	470	0	10
2026.08.25	18:56:00	4650.95	4653.00	4650.58	4652.45	540	0	10
2026.08.25	18:57:00	4652.45	4654.07	4652.00	4653.14	458	0	10
2026.08.25	18:58:00	4653.12	4653.20	4650.41	4651.27	448	0	10
2026.08.25	18:59:00	4651.28	4652.69	4651.00	4652.68	433	0	10
2026.08.25	19:00:00	4652.68	4653.28	4650.51	4651.63	491	0	10
2026.08.25	19:01:00	4651.61	4653.16	4651.04	4651.51	521	0	10
2026.08.25	19:02:00	4651.58	4653.40	4650.86	4651.20	493	0	10
2026.08.25	19:03:00	4651.20	4651.37	4649.27	4649.30	399	0	10
2026.08.25	19:04:00	4649.32	4649.57	4647.75	4648.16	481	0	10
2026.08.25	19:05:00	4648.15	4648.28	4646.35	4647.78	368	0	10
2026.08.25	19:06:00	4647.78	4649.31	4647.63	4647.69	403	0	10
2026.08.25	19:07:00	4647.69	4649.03	4647.64	4647.97	411	0	10
2026.08.25	19:08:00	4647.97	4648.24	4647.09	4647.61	375	0	10
2026.08.25	19:09:00	4647.61	4647.74	4644.84	4644.91	395	0	10
2026.08.25	19:10:00	4644.91	4644.97	4643.56	4643.87	437	0	10
2026.08.25	19:11:00	4643.84	4644.26	4642.86	4644.22	386	0	10
2026.08.25	19:12:00	4644.22	4646.05	4643.22	4645.59	455	0	10
2026.08.25	19:13:00	4645.59	4645.88	4644.28	4644.84	366	0	10
2026.08.25	19:14:00	4644.84	4645.09	4644.11	4644.74	391	0	10
2026.08.25	19:15:00	4644.74	4644.76	4641.87	4643.75	392	0	10
2026.08.25	19:16:00	4643.75	4645.96	4643.72	4645.13	349	0	10
2026.08.25	19:17:00	4645.14	4646.59	4644.75	4645.10	414	0	10
2026.08.25	19:18:00	4645.10	4647.31	4645.10	4645.60	433	0	10
2026.08.25	19:19:00	4645.60	4645.60	4642.46	4643.15	390	0	10
2026.08.25	19:20:00	4643.15	4643.47	4640.59	4641.38	402	0	10
2026.08.25	19:21:00	4641.38	4641.51	4638.54	4639.53	383	0	10
2026.08.25	19:22:00	4639.53	4639.97	4638.01	4638.95	400	0	10
2026.08.25	19:23:00	4638.95	4640.38	4638.41	4640.09	290	0	10
2026.08.25	19:24:00	4640.09	4640.90	4639.27	4640.15	343	0	10
2026.08.25	19:25:00	4640.15	4641.92	4639.29	4641.42	345	0	10
2026.08.25	19:26:00	4641.42	4642.66	4640.43	4640.51	326	0	10
2026.08.25	19:27:00	4640.51	4642.36	4640.10	4642.06	291	0	10
2026.08.25	19:28:00	4642.06	4642.61	4640.95	4641.59	326	0	10
2026.08.25	19:29:00	4641.59	4641.63	4640.43	4640.70	330	0	10
2026.08.25	19:30:00	4640.74	4642.21	4638.54	4640.48	560	0	10
2026.08.25	19:31:00	4640.48	4641.00	4639.34	4640.82	414	0	10
2026.08.25	19:32:00	4640.84	4642.26	4640.81	4641.68	414	0	10
2026.08.25	19:33:00	4641.68	4641.76	4639.92	4639.99	367	0	10
2026.08.25	19:34:00	4640.02	4640.28	4638.25	4638.35	397	0	10
2026.08.25	19:35:00	4638.46	4639.35	4637.11	4639.35	448	0	10
2026.08.25	19:36:00	4639.35	4641.88	4639.35	4641.54	368	0	10
2026.08.25	19:37:00	4641.54	4643.04	4641.51	4642.98	352	0	10
2026.08.25	19:38:00	4642.98	4644.82	4642.82	4644.82	334	0	10
2026.08.25	19:39:00	4644.82	4645.49	4644.28	4644.45	375	0	10
2026.08.25	19:40:00	4644.45	4644.70	4643.06	4643.80	436	0	10
2026.08.25	19:41:00	4643.77	4644.29	4642.94	4643.32	337	0	10
2026.08.25	19:42:00	4643.32	4645.19	4643.32	4644.88	318	0	10
2026.08.25	19:43:00	4644.88	4645.00	4643.24	4643.54	337	0	10
2026.08.25	19:44:00	4643.54	4644.78	4643.34	4644.00	314	0	10
2026.08.25	19:45:00	4644.00	4644.32	4641.80	4642.23	435	0	10
2026.08.25	19:46:00	4642.23	4643.85	4642.20	4642.74	364	0	10
2026.08.25	19:47:00	4642.74	4643.81	4642.65	4643.13	366	0	10
2026.08.25	19:48:00	4643.13	4645.07	4642.99	4644.65	347	0	10
2026.08.25	19:49:00	4644.61	4646.31	4644.07	4645.25	325	0	10
2026.08.25	19:50:00	4645.27	4645.70	4644.56	4644.57	244	0	10
2026.08.25	19:51:00	4644.57	4645.78	4643.57	4645.64	321	0	10
2026.08.25	19:52:00	4645.63	4646.42	4645.25	4645.71	286	0	10
2026.08.25	19:53:00	4645.71	4646.61	4645.32	4645.99	226	0	10
2026.08.25	19:54:00	4645.99	4645.99	4643.74	4643.74	317	0	10
2026.08.25	19:55:00	4643.74	4644.17	4643.18	4644.11	271	0	10
2026.08.25	19:56:00	4644.11	4644.35	4643.46	4643.96	296	0	10
2026.08.25	19:57:00	4643.96	4643.99	4640.55	4641.24	333	0	10
2026.08.25	19:58:00	4641.21	4641.79	4640.43	4641.58	283	0	10
2026.08.25	19:59:00	4641.58	4645.04	4641.56	4643.57	368	0	10
2026.08.25	20:00:00	4643.54	4643.87	4640.89	4641.49	352	0	10
2026.08.25	20:01:00	4641.49	4642.08	4640.97	4641.07	338	0	10
2026.08.25	20:02:00	4641.07	4641.87	4639.50	4639.75	396	0	10
2026.08.25	20:03:00	4639.75	4639.89	4638.57	4639.68	386	0	10
2026.08.25	20:04:00	4639.68	4641.15	4638.99	4640.29	428	0	10
2026.08.25	20:05:00	4640.29	4640.46	4638.55	4639.04	392	0	10
2026.08.25	20:06:00	4639.03	4639.75	4638.86	4639.02	303	0	10
2026.08.25	20:07:00	4639.02	4639.33	4637.78	4638.27	313	0	10
2026.08.25	20:08:00	4638.27	4638.99	4635.29	4635.89	395	0	10
2026.08.25	20:09:00	4635.94	4636.18	4635.31	4636.08	297	0	10
2026.08.25	20:10:00	4636.08	4637.14	4635.61	4636.07	383	0	10
2026.08.25	20:11:00	4636.07	4636.45	4634.23	4636.27	369	0	10
2026.08.25	20:12:00	4636.32	4638.09	4635.91	4637.98	340	0	10
2026.08.25	20:13:00	4637.98	4638.52	4637.66	4638.15	273	0	10
2026.08.25	20:14:00	4638.17	4640.08	4637.09	4638.01	403	0	10
2026.08.25	20:15:00	4638.01	4638.41	4634.48	4636.40	405	0	10
2026.08.25	20:16:00	4636.40	4638.83	4636.40	4638.77	298	0	10
2026.08.25	20:17:00	4638.77	4640.67	4638.57	4640.44	308	0	10
2026.08.25	20:18:00	4640.46	4641.66	4640.41	4640.83	285	0	10
2026.08.25	20:19:00	4640.83	4643.05	4640.82	4642.78	293	0	10
2026.08.25	20:20:00	4642.78	4645.11	4642.65	4644.22	333	0	10
2026.08.25	20:21:00	4644.22	4644.30	4642.24	4642.70	320	0	10
2026.08.25	20:22:00	4642.71	4642.83	4641.11	4641.95	303	0	10
2026.08.25	20:23:00	4641.95	4642.13	4639.22	4639.33	302	0	10
2026.08.25	20:24:00	4639.33	4639.86	4637.95	4639.22	407	0	10
2026.08.25	20:25:00	4639.22	4639.91	4638.43	4638.85	374	0	10
2026.08.25	20:26:00	4638.85	4640.51	4638.35	4640.49	358	0	10
2026.08.25	20:27:00	4640.49	4641.15	4638.52	4639.85	364	0	10
2026.08.25	20:28:00	4639.85	4640.12	4636.21	4636.42	438	0	10
2026.08.25	20:29:00	4636.42	4638.83	4636.28	4637.08	626	0	10
2026.08.25	20:30:00	4637.08	4639.20	4636.32	4638.92	391	0	10
2026.08.25	20:31:00	4638.92	4639.62	4638.40	4639.43	362	0	10
2026.08.25	20:32:00	4639.45	4639.62	4638.17	4639.19	283	0	10
2026.08.25	20:33:00	4639.19	4639.63	4637.98	4638.75	282	0	10
2026.08.25	20:34:00	4638.75	4638.81	4637.57	4638.28	252	0	10
2026.08.25	20:35:00	4638.28	4642.24	4637.99	4641.94	357	0	10
2026.08.25	20:36:00	4641.94	4643.10	4641.46	4642.42	309	0	10
2026.08.25	20:37:00	4642.42	4642.85	4642.01	4642.05	245	0	10
2026.08.25	20:38:00	4642.05	4643.11	4641.81	4642.71	283	0	10
2026.08.25	20:39:00	4642.71	4643.20	4642.22	4642.95	253	0	10
2026.08.25	20:40:00	4642.95	4643.41	4641.44	4641.51	257	0	10
2026.08.25	20:41:00	4641.51	4643.76	4641.51	4643.76	238	0	10
2026.08.25	20:42:00	4643.76	4644.68	4642.20	4642.21	275	0	10
2026.08.25	20:43:00	4642.21	4644.01	4642.21	4643.36	231	0	10
2026.08.25	20:44:00	4643.36	4643.80	4642.93	4642.94	223	0	10
2026.08.25	20:45:00	4642.94	4643.98	4642.77	4643.63	291	0	10
2026.08.25	20:46:00	4643.63	4644.88	4643.25	4644.45	227	0	10
2026.08.25	20:47:00	4644.45	4646.77	4644.44	4645.50	355	0	10
2026.08.25	20:48:00	4645.52	4645.83	4645.06	4645.06	183	0	10
2026.08.25	20:49:00	4645.07	4646.02	4644.65	4645.99	208	0	10
2026.08.25	20:50:00	4645.99	4646.18	4642.65	4642.75	286	0	10
2026.08.25	20:51:00	4642.75	4643.40	4642.67	4643.00	213	0	10
2026.08.25	20:52:00	4642.99	4643.80	4642.80	4643.33	173	0	10
2026.08.25	20:53:00	4643.33	4643.81	4642.90	4643.78	194	0	10
2026.08.25	20:54:00	4643.78	4645.69	4643.74	4644.96	200	0	10
2026.08.25	20:55:00	4644.96	4646.51	4644.88	4646.41	139	0	10
2026.08.25	20:56:00	4646.41	4646.86	4645.67	4646.68	222	0	10
2026.08.25	20:57:00	4646.68	4647.16	4645.91	4647.16	227	0	10
2026.08.25	20:58:00	4647.16	4648.06	4646.73	4648.02	255	0	10
2026.08.25	20:59:00	4648.02	4648.43	4647.52	4648.43	241	0	10
2026.08.25	21:00:00	4648.38	4648.52	4646.45	4646.67	343	0	10
2026.08.25	21:01:00	4646.67	4646.98	4645.50	4645.72	278	0	10
2026.08.25	21:02:00	4645.72	4646.08	4645.31	4645.59	259	0	10
2026.08.25	21:03:00	4645.59	4645.76	4645.01	4645.22	274	0	10
2026.08.25	21:04:00	4645.22	4645.93	4644.53	4644.90	238	0	10
2026.08.25	21:05:00	4644.90	4645.72	4644.34	4645.22	297	0	10
2026.08.25	21:06:00	4645.22	4647.08	4645.19	4646.44	247	0	10
2026.08.25	21:07:00	4646.44	4647.51	4646.44	4647.25	238	0	10
2026.08.25	21:08:00	4647.25	4647.96	4646.82	4646.88	204	0	10
2026.08.25	21:09:00	4646.88	4647.19	4646.35	4646.47	162	0	10
2026.08.25	21:10:00	4646.47	4646.92	4646.14	4646.77	214	0	10
2026.08.25	21:11:00	4646.77	4649.22	4646.55	4649.07	213	0	10
2026.08.25	21:12:00	4649.07	4650.39	4648.48	4648.52	237	0	10
2026.08.25	21:13:00	4648.52	4648.52	4647.12	4647.67	226	0	10
2026.08.25	21:14:00	4647.65	4648.02	4647.18	4647.19	147	0	10
2026.08.25	21:15:00	4647.19	4647.57	4646.93	4647.56	143	0	10
2026.08.25	21:16:00	4647.56	4647.91	4647.09	4647.58	215	0	10
2026.08.25	21:17:00	4647.58	4648.29	4647.08	4647.85	197	0	10
2026.08.25	21:18:00	4647.85	4647.85	4646.38	4646.58	172	0	10
2026.08.25	21:19:00	4646.58	4649.13	4646.38	4649.08	233	0	10
2026.08.25	21:20:00	4649.08	4649.13	4648.59	4649.08	197	0	10
2026.08.25	21:21:00	4649.08	4649.20	4648.31	4648.86	182	0	10
2026.08.25	21:22:00	4648.86	4649.59	4648.86	4649.54	165	0	10
2026.08.25	21:23:00	4649.54	4649.54	4648.65	4648.81	221	0	10
2026.08.25	21:24:00	4648.70	4649.27	4648.23	4649.00	210	0	10
2026.08.25	21:25:00	4649.01	4650.55	4649.00	4649.71	206	0	10
2026.08.25	21:26:00	4649.71	4650.03	4649.52	4649.89	172	0	10
2026.08.25	21:27:00	4649.89	4649.89	4648.86	4648.86	230	0	10
2026.08.25	21:28:00	4648.96	4649.83	4648.88	4649.74	169	0	10
2026.08.25	21:29:00	4649.74	4650.07	4649.65	4650.00	270	0	10
2026.08.25	21:30:00	4650.00	4650.05	4648.78	4649.09	218	0	10
2026.08.25	21:31:00	4649.09	4649.30	4647.38	4647.46	213	0	10
2026.08.25	21:32:00	4647.46	4647.64	4647.15	4647.42	152	0	10
2026.08.25	21:33:00	4647.42	4647.42	4646.34	4646.63	213	0	10
2026.08.25	21:34:00	4646.63	4647.60	4646.45	4647.48	197	0	10
2026.08.25	21:35:00	4647.48	4647.77	4647.05	4647.74	155	0	10
2026.08.25	21:36:00	4647.74	4647.82	4646.53	4646.85	156	0	10
2026.08.25	21:37:00	4646.84	4647.81	4645.96	4647.54	233	0	10
2026.08.25	21:38:00	4647.48	4648.67	4647.47	4647.75	192	0	10
2026.08.25	21:39:00	4647.75	4648.20	4646.85	4648.19	228	0	10
2026.08.25	21:40:00	4648.19	4648.90	4647.88	4648.37	250	0	10
2026.08.25	21:41:00	4648.37	4649.12	4648.35	4649.01	124	0	10
2026.08.25	21:42:00	4649.05	4649.88	4649.00	4649.70	183	0	10
2026.08.25	21:43:00	4649.70	4650.51	4649.38	4650.21	183	0	10
2026.08.25	21:44:00	4650.21	4650.29	4648.86	4649.35	153	0	10
2026.08.25	21:45:00	4649.35	4649.89	4649.28	4649.67	168	0	10
2026.08.25	21:46:00	4649.67	4652.20	4649.65	4651.75	250	0	10
2026.08.25	21:47:00	4651.75	4651.89	4651.25	4651.53	191	0	10
2026.08.25	21:48:00	4651.53	4651.68	4650.89	4651.02	192	0	10
2026.08.25	21:49:00	4651.02	4651.38	4650.55	4651.31	178	0	10
2026.08.25	21:50:00	4651.31	4651.38	4650.47	4650.63	204	0	10
2026.08.25	21:51:00	4650.63	4650.70	4649.79	4650.50	183	0	10
2026.08.25	21:52:00	4650.50	4650.98	4650.19	4650.65	155	0	10
2026.08.25	21:53:00	4650.65	4650.96	4650.11	4650.34	179	0	10
2026.08.25	21:54:00	4650.31	4651.12	4650.23	4651.00	172	0	10
2026.08.25	21:55:00	4651.00	4651.32	4650.75	4651.28	181	0	10
2026.08.25	21:56:00	4651.28	4652.05	4650.95	4652.05	201	0	10
2026.08.25	21:57:00	4652.04	4654.13	4651.67	4653.98	225	0	10
2026.08.25	21:58:00	4653.98	4654.72	4652.80	4654.72	264	0	10
2026.08.25	21:59:00	4654.72	4655.12	4654.50	4654.61	247	0	10
2026.08.25	22:00:00	4654.61	4658.04	4654.26	4657.24	386	0	10
2026.08.25	22:01:00	4657.23	4657.41	4656.07	4656.60	254	0	10
2026.08.25	22:02:00	4656.60	4657.24	4655.48	4655.48	243	0	10
2026.08.25	22:03:00	4655.48	4655.55	4654.34	4655.01	239	0	10
2026.08.25	22:04:00	4654.99	4655.18	4653.41	4654.13	272	0	10
2026.08.25	22:05:00	4654.13	4657.79	4653.68	4657.41	272	0	10
2026.08.25	22:06:00	4657.43	4657.91	4655.90	4656.73	252	0	10
2026.08.25	22:07:00	4656.73	4660.32	4656.48	4659.71	282	0	10
2026.08.25	22:08:00	4659.72	4660.04	4659.25	4659.49	301	0	10
2026.08.25	22:09:00	4659.49	4660.33	4659.26	4659.27	258	0	10
2026.08.25	22:10:00	4659.28	4662.74	4658.90	4662.54	404	0	10
2026.08.25	22:11:00	4662.54	4663.23	4661.70	4661.87	313	0	10
2026.08.25	22:12:00	4661.87	4662.58	4659.89	4660.11	350	0	10
2026.08.25	22:13:00	4660.11	4661.62	4659.79	4660.31	275	0	10
2026.08.25	22:14:00	4660.31	4662.74	4660.31	4662.14	192	0	10
2026.08.25	22:15:00	4662.14	4663.82	4661.86	4663.18	281	0	10
2026.08.25	22:16:00	4663.24	4665.22	4663.04	4665.00	352	0	10
2026.08.25	22:17:00	4665.00	4667.32	4664.87	4666.27	402	0	10
2026.08.25	22:18:00	4666.27	4666.45	4665.28	4665.45	229	0	10
2026.08.25	22:19:00	4665.47	4668.12	4664.82	4666.39	406	0	10
2026.08.25	22:20:00	4666.45	4667.07	4665.25	4665.29	375	0	10
2026.08.25	22:21:00	4665.29	4666.61	4664.91	4665.74	323	0	10
2026.08.25	22:22:00	4665.73	4665.88	4664.60	4664.61	243	0	10
2026.08.25	22:23:00	4664.61	4665.38	4663.01	4663.07	290	0	10
2026.08.25	22:24:00	4663.07	4664.49	4662.96	4664.33	272	0	10
2026.08.25	22:25:00	4664.34	4664.34	4662.27	4662.45	318	0	10
2026.08.25	22:26:00	4662.46	4662.48	4660.16	4661.05	292	0	10
2026.08.25	22:27:00	4661.05	4661.24	4660.01	4661.09	273	0	10
2026.08.25	22:28:00	4661.09	4661.29	4660.56	4660.57	203	0	10
2026.08.25	22:29:00	4660.57	4661.35	4660.19	4661.02	199	0	10
2026.08.25	22:30:00	4661.01	4661.33	4660.16	4660.55	261	0	10
2026.08.25	22:31:00	4660.47	4661.62	4659.66	4660.73	268	0	10
2026.08.25	22:32:00	4660.73	4661.89	4660.27	4661.42	257	0	10
2026.08.25	22:33:00	4661.42	4661.60	4658.91	4658.96	312	0	10
2026.08.25	22:34:00	4658.96	4659.37	4658.73	4659.16	266	0	10
2026.08.25	22:35:00	4659.16	4660.45	4658.41	4659.26	355	0	10
2026.08.25	22:36:00	4659.26	4659.45	4658.41	4659.20	245	0	10
2026.08.25	22:37:00	4659.20	4659.27	4658.01	4658.60	233	0	10
2026.08.25	22:38:00	4658.62	4659.38	4658.39	4658.97	307	0	10
2026.08.25	22:39:00	4658.95	4660.12	4658.91	4659.50	240	0	10
2026.08.25	22:40:00	4659.50	4660.64	4659.25	4659.62	351	0	10
2026.08.25	22:41:00	4659.62	4660.42	4659.39	4660.33	274	0	10
2026.08.25	22:42:00	4660.33	4661.13	4659.96	4661.02	319	0	10
2026.08.25	22:43:00	4661.02	4664.56	4660.88	4664.04	378	0	10
2026.08.25	22:44:00	4664.04	4664.09	4662.13	4662.20	368	0	10
2026.08.25	22:45:00	4662.20	4662.25	4661.50	4661.70	298	0	10
2026.08.25	22:46:00	4661.70	4661.70	4660.40	4660.76	269	0	10
2026.08.25	22:47:00	4660.78	4661.87	4660.73	4661.40	312	0	10
2026.08.25	22:48:00	4661.41	4662.81	4661.26	4662.56	259	0	10
2026.08.25	22:49:00	4662.28	4664.82	4661.69	4664.55	352	0	10
2026.08.25	22:50:00	4664.54	4665.11	4662.41	4664.27	418	0	10
2026.08.25	22:51:00	4664.28	4665.44	4663.17	4663.19	277	0	10
2026.08.25	22:52:00	4663.19	4666.76	4662.06	4666.26	497	0	10
2026.08.25	22:53:00	4666.17	4667.51	4665.46	4666.20	536	0	10
2026.08.25	22:54:00	4666.20	4666.65	4664.95	4665.18	413	0	10
2026.08.25	22:55:00	4665.17	4665.25	4661.03	4661.33	540	0	10
2026.08.25	22:56:00	4661.33	4664.28	4661.30	4663.56	385	0	10
2026.08.25	22:57:00	4663.56	4666.43	4663.40	4666.20	437	0	10
2026.08.25	22:58:00	4666.16	4667.14	4664.98	4666.88	509	0	10
2026.08.25	22:59:00	4666.88	4667.62	4666.58	4666.97	566	0	10
2026.08.25	23:00:00	4667.11	4667.67	4666.31	4666.79	394	0	10
2026.08.25	23:01:00	4666.79	4666.88	4665.74	4665.91	218	0	10
2026.08.25	23:02:00	4665.91	4666.32	4664.51	4665.49	162	0	10
2026.08.25	23:03:00	4665.49	4666.41	4665.24	4665.89	209	0	10
2026.08.25	23:04:00	4665.89	4665.93	4664.59	4665.38	170	0	10
2026.08.25	23:05:00	4665.38	4666.53	4665.28	4665.50	218	0	10
2026.08.25	23:06:00	4665.39	4665.69	4663.23	4663.41	220	0	10
2026.08.25	23:07:00	4663.41	4664.06	4662.84	4664.05	199	0	10
2026.08.25	23:08:00	4664.05	4666.50	4663.54	4666.49	228	0	10
2026.08.25	23:09:00	4666.49	4668.43	4665.73	4668.39	169	0	10
2026.08.25	23:10:00	4668.40	4669.02	4667.45	4668.66	245	0	10
2026.08.25	23:11:00	4668.66	4668.68	4666.56	4667.77	251	0	10
2026.08.25	23:12:00	4667.77	4668.34	4666.27	4666.49	205	0	10
2026.08.25	23:13:00	4666.49	4667.52	4666.49	4667.33	185	0	10
2026.08.25	23:14:00	4667.33	4667.60	4665.82	4665.83	194	0	10
2026.08.25	23:15:00	4665.86	4666.45	4665.44	4666.05	175	0	10
2026.08.25	23:16:00	4666.05	4666.78	4665.74	4665.99	158	0	10
2026.08.25	23:17:00	4666.02	4666.14	4665.40	4665.57	158	0	10
2026.08.25	23:18:00	4665.57	4666.35	4665.52	4666.12	179	0	10
2026.08.25	23:19:00	4666.11	4666.47	4665.70	4666.13	121	0	10
2026.08.25	23:20:00	4666.10	4666.84	4665.77	4666.79	186	0	10
2026.08.25	23:21:00	4666.79	4666.89	4666.32	4666.68	106	0	10
2026.08.25	23:22:00	4666.68	4667.44	4666.59	4667.33	133	0	10
2026.08.25	23:23:00	4667.34	4667.34	4666.83	4666.92	156	0	10
2026.08.25	23:24:00	4666.90	4667.77	4666.19	4666.29	181	0	10
2026.08.25	23:25:00	4666.30	4666.31	4663.91	4663.93	217	0	10
2026.08.25	23:26:00	4663.95	4664.85	4663.01	4663.36	186	0	10
2026.08.25	23:27:00	4663.38	4663.83	4662.77	4662.99	168	0	10
2026.08.25	23:28:00	4662.99	4663.23	4662.06	4662.34	157	0	10
2026.08.25	23:29:00	4662.34	4662.91	4662.26	4662.46	184	0	10
2026.08.25	23:30:00	4662.46	4663.36	4661.50	4661.62	177	0	10
2026.08.25	23:31:00	4661.59	4663.22	4661.50	4663.19	151	0	10
2026.08.25	23:32:00	4663.14	4664.26	4662.86	4663.38	162	0	10
2026.08.25	23:33:00	4663.39	4663.77	4662.49	4662.50	213	0	10
2026.08.25	23:34:00	4662.52	4662.87	4661.70	4661.90	220	0	10
2026.08.25	23:35:00	4661.91	4662.60	4661.73	4661.97	205	0	10
2026.08.25	23:36:00	4661.97	4662.05	4661.36	4661.91	161	0	10
2026.08.25	23:37:00	4661.91	4661.96	4661.59	4661.94	101	0	10
2026.08.25	23:38:00	4661.94	4662.03	4661.65	4661.94	151	0	10
2026.08.25	23:39:00	4661.94	4661.97	4661.39	4661.55	123	0	10
2026.08.25	23:40:00	4661.56	4662.00	4661.43	4661.79	172	0	10
2026.08.25	23:41:00	4661.81	4661.81	4660.30	4660.99	219	0	10
2026.08.25	23:42:00	4660.99	4661.49	4660.76	4661.08	135	0	10
2026.08.25	23:43:00	4661.08	4661.41	4660.74	4661.41	121	0	10
2026.08.25	23:44:00	4661.40	4661.62	4661.30	4661.57	88	0	10
2026.08.25	23:45:00	4661.57	4662.18	4661.01	4662.08	225	0	10
2026.08.25	23:46:00	4662.08	4662.24	4660.93	4661.81	158	0	10
2026.08.25	23:47:00	4661.81	4662.14	4661.48	4661.56	164	0	10
2026.08.25	23:48:00	4661.49	4661.49	4660.95	4661.35	147	0	10
2026.08.25	23:49:00	4661.37	4661.37	4660.69	4661.14	197	0	10
2026.08.25	23:50:00	4661.14	4661.54	4660.15	4660.16	232	0	10
2026.08.25	23:51:00	4660.20	4660.50	4659.58	4660.01	129	0	10
2026.08.25	23:52:00	4660.01	4660.22	4659.59	4659.96	171	0	10
2026.08.25	23:53:00	4659.94	4660.81	4659.76	4660.01	142	0	10
2026.08.25	23:54:00	4659.99	4659.99	4659.42	4659.73	161	0	10
2026.08.25	23:55:00	4659.73	4660.11	4658.13	4658.17	272	0	10
2026.08.25	23:56:00	4658.17	4659.17	4657.78	4659.10	207	0	10
2026.08.25	23:57:00	4659.10	4659.21	4658.50	4658.65	165	0	10
2026.08.25	23:58:00	4658.65	4659.04	4658.51	4658.71	115	0	10
2026.08.26	01:00:00	4657.58	4661.53	4656.00	4660.87	320	0	10
2026.08.26	01:01:00	4660.87	4661.34	4658.10	4661.33	238	0	10
2026.08.26	01:02:00	4661.06	4661.12	4659.30	4660.95	99	0	10
2026.08.26	01:03:00	4660.95	4661.62	4660.09	4660.48	70	0	10
2026.08.26	01:04:00	4660.48	4661.54	4660.03	4661.51	84	0	10
2026.08.26	01:05:00	4661.52	4661.52	4660.45	4660.89	148	0	10
2026.08.26	01:06:00	4660.97	4661.24	4660.29	4660.85	88	0	10
2026.08.26	01:07:00	4660.85	4660.85	4660.25	4660.75	82	0	10
2026.08.26	01:08:00	4660.78	4660.89	4660.42	4660.69	64	0	10
2026.08.26	01:09:00	4660.69	4662.02	4660.48	4661.35	111	0	10
2026.08.26	01:10:00	4661.33	4662.06	4660.73	4661.86	111	0	10
2026.08.26	01:11:00	4661.86	4662.03	4661.42	4661.88	90	0	10
2026.08.26	01:12:00	4661.75	4662.43	4661.24	4662.27	99	0	10
2026.08.26	01:13:00	4662.27	4662.97	4661.96	4662.70	89	0	10
2026.08.26	01:14:00	4662.70	4664.86	4662.70	4664.71	155	0	10
2026.08.26	01:15:00	4664.71	4666.02	4664.37	4665.40	167	0	10
2026.08.26	01:16:00	4665.39	4666.80	4665.14	4665.70	125	0	10
2026.08.26	01:17:00	4665.73	4666.51	4665.29	4666.38	74	0	10
2026.08.26	01:18:00	4666.38	4666.45	4665.95	4666.40	98	0	10
2026.08.26	01:19:00	4666.40	4666.54	4666.18	4666.38	79	0	10
2026.08.26	01:20:00	4666.38	4666.90	4666.38	4666.39	103	0	10
2026.08.26	01:21:00	4666.39	4666.43	4665.58	4665.58	133	0	10
2026.08.26	01:22:00	4665.58	4666.78	4665.18	4666.77	113	0	10
2026.08.26	01:23:00	4666.77	4666.77	4666.09	4666.55	72	0	10
2026.08.26	01:24:00	4666.55	4666.81	4666.41	4666.58	113	0	10
2026.08.26	01:25:00	4666.58	4666.68	4666.30	4666.38	93	0	10
2026.08.26	01:26:00	4666.38	4666.38	4665.57	4666.13	122	0	10
2026.08.26	01:27:00	4666.13	4666.85	4665.92	4666.26	78	0	10
2026.08.26	01:28:00	4666.27	4666.78	4666.27	4666.69	104	0	10
2026.08.26	01:29:00	4666.69	4667.02	4666.29	4666.84	61	0	10
2026.08.26	01:30:00	4666.83	4668.22	4666.83	4668.18	154	0	10
2026.08.26	01:31:00	4668.12	4668.73	4668.08	4668.42	132	0	10
2026.08.26	01:32:00	4668.42	4668.73	4666.77	4667.13	141	0	10
2026.08.26	01:33:00	4667.13	4668.74	4667.13	4668.11	131	0	10
2026.08.26	01:34:00	4668.11	4669.03	4668.03	4668.99	106	0	10
2026.08.26	01:35:00	4669.08	4669.11	4667.02	4667.55	174	0	10
2026.08.26	01:36:00	4667.52	4670.34	4667.47	4669.76	162	0	10
2026.08.26	01:37:00	4669.76	4670.17	4669.71	4669.94	111	0	10
2026.08.26	01:38:00	4669.94	4670.47	4669.44	4670.31	119	0	10
2026.08.26	01:39:00	4670.31	4670.84	4669.98	4670.06	149	0	10
2026.08.26	01:40:00	4670.06	4670.16	4669.43	4669.64	118	0	10
2026.08.26	01:41:00	4669.64	4670.13	4669.33	4669.48	110	0	10
2026.08.26	01:42:00	4669.48	4669.51	4669.25	4669.42	96	0	10
2026.08.26	01:43:00	4669.34	4669.87	4668.85	4669.65	112	0	10
2026.08.26	01:44:00	4669.65	4670.33	4669.60	4669.97	144	0	10
2026.08.26	01:45:00	4669.94	4670.98	4669.75	4670.92	142	0	10
2026.08.26	01:46:00	4670.92	4671.57	4670.80	4671.22	128	0	10
2026.08.26	01:47:00	4671.21	4671.38	4670.71	4671.38	113	0	10
2026.08.26	01:48:00	4671.38	4671.99	4671.38	4671.61	132	0	10
2026.08.26	01:49:00	4671.61	4672.67	4671.55	4672.10	148	0	10
2026.08.26	01:50:00	4672.10	4673.03	4671.98	4673.03	117	0	10
2026.08.26	01:51:00	4673.03	4673.70	4672.64	4673.58	124	0	10
2026.08.26	01:52:00	4673.58	4673.58	4672.79	4673.39	95	0	10
2026.08.26	01:53:00	4673.39	4673.46	4672.10	4672.21	141	0	10
2026.08.26	01:54:00	4672.21	4672.86	4672.21	4672.41	91	0	10
2026.08.26	01:55:00	4672.41	4673.21	4672.41	4672.75	129	0	10
2026.08.26	01:56:00	4672.75	4673.13	4672.56	4673.09	143	0	10
2026.08.26	01:57:00	4673.09	4673.30	4672.93	4673.30	118	0	10
2026.08.26	01:58:00	4673.30	4673.42	4672.77	4673.30	89	0	10
2026.08.26	01:59:00	4673.30	4673.44	4672.55	4672.68	83	0	10
2026.08.26	02:00:00	4672.68	4673.52	4672.59	4673.20	147	0	10
2026.08.26	02:01:00	4673.20	4673.20	4671.21	4671.21	164	0	10
2026.08.26	02:02:00	4671.21	4671.63	4670.65	4670.71	122	0	10
2026.08.26	02:03:00	4670.74	4671.31	4670.41	4670.75	126	0	10
2026.08.26	02:04:00	4670.75	4672.46	4670.75	4672.20	113	0	10
2026.08.26	02:05:00	4672.20	4672.60	4671.34	4671.89	150	0	10
2026.08.26	02:06:00	4671.89	4672.12	4670.76	4671.19	135	0	10
2026.08.26	02:07:00	4671.19	4671.19	4670.42	4671.13	112	0	10
2026.08.26	02:08:00	4671.17	4671.32	4670.21	4670.65	112	0	10
2026.08.26	02:09:00	4670.57	4670.57	4669.18	4669.25	128	0	10
2026.08.26	02:10:00	4669.25	4669.86	4667.99	4668.13	181	0	10
2026.08.26	02:11:00	4668.13	4668.43	4667.27	4667.30	142	0	10
2026.08.26	02:12:00	4667.30	4668.40	4667.22	4668.07	112	0	10
2026.08.26	02:13:00	4668.07	4668.52	4667.93	4667.93	119	0	10
2026.08.26	02:14:00	4667.93	4668.16	4667.75	4668.13	97	0	10
2026.08.26	02:15:00	4668.13	4668.19	4666.81	4666.86	88	0	10
2026.08.26	02:16:00	4666.88	4667.15	4666.55	4667.08	121	0	10
2026.08.26	02:17:00	4667.08	4668.19	4667.03	4667.28	121	0	10
2026.08.26	02:18:00	4667.28	4667.61	4667.27	4667.44	87	0	10
2026.08.26	02:19:00	4667.44	4667.84	4667.38	4667.40	87	0	10
2026.08.26	02:20:00	4667.40	4667.41	4666.40	4666.47	98	0	10
2026.08.26	02:21:00	4666.47	4666.47	4664.66	4664.90	146	0	10
2026.08.26	02:22:00	4664.90	4665.22	4663.43	4663.95	215	0	10
2026.08.26	02:23:00	4663.95	4663.95	4661.89	4663.11	271	0	10
2026.08.26	02:24:00	4663.11	4663.39	4661.65	4661.67	171	0	10
2026.08.26	02:25:00	4661.67	4661.79	4660.40	4660.70	190	0	10
2026.08.26	02:26:00	4660.70	4660.90	4660.37	4660.60	126	0	10
2026.08.26	02:27:00	4660.60	4661.23	4660.13	4660.74	139	0	10
2026.08.26	02:28:00	4660.74	4661.16	4660.51	4660.72	110	0	10
2026.08.26	02:29:00	4660.72	4661.51	4660.50	4661.03	99	0	10
2026.08.26	02:30:00	4661.03	4661.40	4659.50	4659.68	167	0	10
2026.08.26	02:31:00	4659.68	4659.99	4658.42	4659.96	184	0	10
2026.08.26	02:32:00	4659.96	4661.21	4659.70	4660.92	157	0	10
2026.08.26	02:33:00	4660.92	4661.14	4660.47	4660.79	112	0	10
2026.08.26	02:34:00	4660.76	4660.78	4660.18	4660.25	109	0	10
2026.08.26	02:35:00	4660.25	4660.81	4659.45	4659.98	120	0	10
2026.08.26	02:36:00	4659.98	4660.32	4659.57	4660.32	113	0	10
2026.08.26	02:37:00	4660.31	4660.42	4659.88	4660.32	96	0	10
2026.08.26	02:38:00	4660.32	4660.47	4659.92	4659.92	51	0	10
2026.08.26	02:39:00	4659.92	4659.92	4659.27	4659.29	84	0	10
2026.08.26	02:40:00	4659.25	4659.76	4658.59	4658.90	115	0	10
2026.08.26	02:41:00	4658.90	4658.98	4656.95	4657.00	182	0	10
2026.08.26	02:42:00	4657.02	4657.53	4656.12	4656.75	232	0	10
2026.08.26	02:43:00	4656.75	4657.18	4655.79	4656.91	184	0	10
2026.08.26	02:44:00	4656.91	4656.92	4655.78	4656.19	194	0	10
2026.08.26	02:45:00	4656.19	4657.36	4655.86	4657.12	331	0	10
2026.08.26	02:46:00	4657.12	4658.11	4656.90	4658.07	172	0	10
2026.08.26	02:47:00	4658.07	4658.89	4657.71	4657.99	184	0	10
2026.08.26	02:48:00	4657.99	4657.99	4655.89	4656.37	219	0	10
2026.08.26	02:49:00	4656.37	4656.63	4655.31	4655.86	209	0	10
2026.08.26	02:50:00	4655.86	4656.27	4654.16	4654.28	271	0	10
2026.08.26	02:51:00	4654.28	4655.83	4654.17	4655.73	226	0	10
2026.08.26	02:52:00	4655.73	4657.14	4655.20	4655.82	215	0	10
2026.08.26	02:53:00	4655.82	4656.37	4655.09	4656.02	165	0	10
2026.08.26	02:54:00	4656.02	4656.14	4654.53	4654.91	210	0	10
2026.08.26	02:55:00	4654.91	4655.21	4654.55	4654.70	248	0	10
2026.08.26	02:56:00	4654.70	4655.26	4654.36	4655.13	143	0	10
2026.08.26	02:57:00	4655.13	4655.63	4654.44	4654.46	220	0	10
2026.08.26	02:58:00	4654.46	4654.57	4653.32	4653.57	205	0	10
2026.08.26	02:59:00	4653.57	4655.35	4653.54	4654.92	207	0	10
2026.08.26	03:00:00	4654.90	4657.95	4653.46	4653.89	519	0	10
2026.08.26	03:01:00	4653.89	4654.51	4652.56	4654.08	428	0	10
2026.08.26	03:02:00	4654.08	4656.71	4653.18	4655.64	373	0	10
2026.08.26	03:03:00	4655.64	4655.64	4652.55	4653.27	333	0	10
2026.08.26	03:04:00	4653.28	4653.51	4651.73	4652.52	359	0	10
2026.08.26	03:05:00	4652.52	4653.09	4651.82	4652.51	442	0	10
2026.08.26	03:06:00	4652.51	4654.26	4651.91	4652.45	414	0	10
2026.08.26	03:07:00	4652.45	4653.42	4651.74	4652.81	330	0	10
2026.08.26	03:08:00	4652.81	4653.88	4651.73	4653.68	281	0	10
2026.08.26	03:09:00	4653.77	4654.23	4652.57	4653.89	312	0	10
2026.08.26	03:10:00	4653.88	4653.95	4652.15	4652.85	256	0	10
2026.08.26	03:11:00	4652.94	4654.74	4652.45	4653.83	272	0	10
2026.08.26	03:12:00	4653.83	4654.85	4653.19	4654.35	203	0	10
2026.08.26	03:13:00	4654.36	4654.36	4652.75	4653.69	182	0	10
2026.08.26	03:14:00	4653.69	4653.69	4651.08	4651.43	282	0	10
2026.08.26	03:15:00	4651.43	4654.59	4650.39	4654.59	295	0	10
2026.08.26	03:16:00	4654.59	4654.76	4651.14	4652.25	256	0	10
2026.08.26	03:17:00	4652.25	4654.24	4651.62	4653.85	231	0	10
2026.08.26	03:18:00	4653.85	4655.10	4653.49	4653.53	202	0	10
2026.08.26	03:19:00	4653.53	4654.11	4650.70	4651.42	229	0	10
2026.08.26	03:20:00	4651.42	4651.71	4650.41	4650.53	195	0	10
2026.08.26	03:21:00	4650.54	4650.69	4647.60	4647.91	305	0	10
2026.08.26	03:22:00	4647.91	4648.16	4645.89	4646.18	319	0	10
2026.08.26	03:23:00	4646.18	4646.34	4645.32	4645.59	199	0	10
2026.08.26	03:24:00	4645.59	4646.05	4645.01	4645.42	209	0	10
2026.08.26	03:25:00	4645.44	4645.80	4643.04	4643.35	283	0	10
2026.08.26	03:26:00	4643.35	4644.80	4643.34	4644.61	228	0	10
2026.08.26	03:27:00	4644.61	4646.04	4643.96	4646.04	249	0	10
2026.08.26	03:28:00	4646.04	4647.61	4645.88	4646.05	261	0	10
2026.08.26	03:29:00	4646.05	4647.34	4646.05	4646.80	259	0	10
2026.08.26	03:30:00	4646.80	4647.47	4645.89	4647.39	303	0	10
2026.08.26	03:31:00	4647.39	4648.35	4646.68	4647.02	281	0	10
2026.08.26	03:32:00	4647.02	4650.13	4647.02	4650.11	302	0	10
2026.08.26	03:33:00	4650.11	4650.22	4645.53	4645.54	319	0	10
2026.08.26	03:34:00	4645.54	4645.57	4644.05	4645.04	344	0	10
2026.08.26	03:35:00	4645.04	4645.44	4643.13	4643.17	215	0	10
2026.08.26	03:36:00	4643.17	4644.71	4640.12	4642.30	443	0	10
2026.08.26	03:37:00	4642.30	4642.91	4641.03	4642.44	334	0	10
2026.08.26	03:38:00	4642.44	4642.60	4639.18	4640.07	378	0	10
2026.08.26	03:39:00	4640.07	4640.29	4638.59	4639.98	306	0	10
2026.08.26	03:40:00	4639.98	4640.16	4637.44	4638.08	302	0	10
2026.08.26	03:41:00	4638.08	4638.48	4637.14	4637.30	255	0	10
2026.08.26	03:42:00	4637.30	4638.97	4637.08	4637.57	242	0	10
2026.08.26	03:43:00	4637.57	4637.70	4636.56	4637.50	207	0	10
2026.08.26	03:44:00	4637.50	4637.52	4636.42	4637.12	272	0	10
2026.08.26	03:45:00	4637.10	4637.80	4636.22	4637.38	379	0	10
2026.08.26	03:46:00	4637.37	4638.16	4636.32	4637.43	402	0	10
2026.08.26	03:47:00	4637.43	4638.59	4636.24	4637.32	266	0	10
2026.08.26	03:48:00	4637.32	4638.14	4636.75	4637.95	223	0	10
2026.08.26	03:49:00	4637.95	4638.61	4636.43	4636.49	243	0	10
2026.08.26	03:50:00	4636.49	4639.05	4636.49	4637.65	288	0	10
2026.08.26	03:51:00	4637.74	4638.56	4635.93	4635.98	314	0	10
2026.08.26	03:52:00	4635.98	4638.94	4635.46	4638.70	386	0	10
2026.08.26	03:53:00	4638.70	4639.01	4634.55	4635.15	282	0	10
2026.08.26	03:54:00	4635.15	4636.42	4634.50	4636.05	228	0	10
2026.08.26	03:55:00	4636.12	4637.46	4635.98	4636.51	262	0	10
2026.08.26	03:56:00	4636.59	4637.86	4635.98	4637.86	299	0	10
2026.08.26	03:57:00	4637.86	4638.73	4636.54	4637.02	252	0	10
2026.08.26	03:58:00	4637.02	4639.01	4636.95	4638.80	290	0	10
2026.08.26	03:59:00	4638.79	4638.80	4636.53	4637.56	357	0	10
2026.08.26	04:00:00	4637.59	4640.60	4629.62	4639.29	852	0	10
2026.08.26	04:01:00	4639.32	4641.17	4635.90	4637.68	694	0	10
2026.08.26	04:02:00	4637.68	4641.44	4637.57	4641.15	525	0	10
2026.08.26	04:03:00	4641.15	4642.60	4639.39	4640.89	605	0	10
2026.08.26	04:04:00	4640.89	4646.45	4639.82	4646.02	517	0	10
2026.08.26	04:05:00	4646.02	4646.93	4644.69	4645.31	534	0	10
2026.08.26	04:06:00	4645.31	4647.83	4644.16	4646.42	479	0	10
2026.08.26	04:07:00	4646.42	4646.46	4642.04	4642.49	509	0	10
2026.08.26	04:08:00	4642.49	4643.07	4640.81	4642.25	440	0	10
2026.08.26	04:09:00	4642.25	4645.12	4641.99	4644.69	388	0	10
2026.08.26	04:10:00	4644.69	4644.86	4640.90	4642.48	409	0	10
2026.08.26	04:11:00	4642.48	4646.54	4642.37	4645.83	401	0	10
2026.08.26	04:12:00	4645.83	4645.98	4642.76	4643.56	357	0	10
2026.08.26	04:13:00	4643.56	4646.26	4643.20	4643.48	512	0	10
2026.08.26	04:14:00	4643.48	4644.41	4642.39	4644.28	276	0	10
2026.08.26	04:15:00	4644.28	4647.35	4644.28	4646.08	395	0	10
2026.08.26	04:16:00	4646.08	4650.27	4646.08	4649.95	405	0	10
2026.08.26	04:17:00	4649.92	4650.18	4648.56	4650.14	308	0	10
2026.08.26	04:18:00	4650.14	4650.44	4646.36	4647.49	332	0	10
2026.08.26	04:19:00	4647.50	4647.86	4645.57	4645.64	299	0	10
2026.08.26	04:20:00	4645.52	4648.40	4645.19	4647.98	390	0	10
2026.08.26	04:21:00	4647.98	4649.33	4646.65	4648.00	461	0	10
2026.08.26	04:22:00	4648.03	4649.24	4647.53	4648.05	375	0	10
2026.08.26	04:23:00	4648.04	4648.65	4646.31	4646.35	358	0	10
2026.08.26	04:24:00	4646.17	4647.32	4644.30	4644.30	354	0	10
2026.08.26	04:25:00	4644.38	4645.57	4643.52	4645.54	365	0	10
2026.08.26	04:26:00	4645.54	4648.02	4645.51	4646.52	316	0	10
2026.08.26	04:27:00	4646.52	4646.53	4645.22	4645.90	335	0	10
2026.08.26	04:28:00	4645.90	4647.17	4645.26	4646.17	369	0	10
2026.08.26	04:29:00	4646.17	4646.44	4643.53	4643.61	391	0	10
2026.08.26	04:30:00	4643.61	4645.37	4642.55	4644.51	607	0	10
2026.08.26	04:31:00	4644.51	4644.91	4641.34	4641.65	525	0	10
2026.08.26	04:32:00	4641.65	4643.69	4641.53	4641.91	414	0	10
2026.08.26	04:33:00	4641.91	4643.20	4639.08	4640.04	444	0	10
2026.08.26	04:34:00	4640.00	4641.33	4639.28	4639.35	488	0	10
2026.08.26	04:35:00	4639.35	4642.58	4639.35	4641.39	414	0	10
2026.08.26	04:36:00	4641.35	4645.72	4640.34	4644.99	458	0	10
2026.08.26	04:37:00	4645.01	4646.81	4644.33	4644.52	542	0	10
2026.08.26	04:38:00	4644.49	4645.06	4642.61	4643.61	363	0	10
2026.08.26	04:39:00	4643.60	4645.58	4643.10	4645.54	397	0	10
2026.08.26	04:40:00	4645.54	4647.08	4643.96	4644.07	418	0	10
2026.08.26	04:41:00	4644.07	4644.07	4639.89	4640.98	415	0	10
2026.08.26	04:42:00	4640.98	4643.98	4640.94	4643.62	445	0	10
2026.08.26	04:43:00	4643.62	4645.59	4642.45	4643.36	358	0	10
2026.08.26	04:44:00	4643.37	4645.05	4642.80	4644.80	315	0	10
2026.08.26	04:45:00	4644.80	4646.37	4644.74	4645.20	331	0	10
2026.08.26	04:46:00	4645.20	4645.56	4643.04	4643.65	339	0	10
2026.08.26	04:47:00	4643.65	4645.88	4643.43	4645.84	373	0	10
2026.08.26	04:48:00	4645.84	4649.13	4645.83	4647.76	466	0	10
2026.08.26	04:49:00	4647.76	4651.10	4647.33	4651.04	510	0	10
2026.08.26	04:50:00	4651.04	4652.89	4650.46	4652.44	544	0	10
2026.08.26	04:51:00	4652.44	4652.97	4650.59	4652.79	527	0	10
2026.08.26	04:52:00	4652.77	4653.69	4650.70	4652.36	391	0	10
2026.08.26	04:53:00	4652.36	4652.66	4651.38	4652.36	348	0	10
2026.08.26	04:54:00	4652.36	4652.67	4651.07	4651.90	332	0	10
2026.08.26	04:55:00	4651.90	4654.18	4651.61	4653.79	312	0	10
2026.08.26	04:56:00	4653.79	4655.42	4653.47	4655.11	396	0	10
2026.08.26	04:57:00	4655.11	4658.88	4655.07	4658.79	431	0	10
2026.08.26	04:58:00	4658.79	4660.88	4658.79	4659.40	442	0	10
2026.08.26	04:59:00	4659.40	4659.63	4656.10	4657.04	380	0	10
2026.08.26	05:00:00	4657.08	4657.69	4655.08	4655.28	466	0	10
2026.08.26	05:01:00	4655.33	4657.83	4654.93	4656.86	446	0	10
2026.08.26	05:02:00	4656.86	4658.15	4656.44	4656.82	306	0	10
2026.08.26	05:03:00	4656.82	4659.38	4656.05	4659.27	416	0	10
2026.08.26	05:04:00	4659.27	4660.62	4658.47	4659.87	494	0	10
2026.08.26	05:05:00	4659.87	4659.87	4658.78	4659.12	338	0	10
2026.08.26	05:06:00	4659.12	4660.17	4659.02	4659.60	336	0	10
2026.08.26	05:07:00	4659.61	4660.78	4659.26	4660.39	412	0	10
2026.08.26	05:08:00	4660.39	4661.73	4659.77	4660.05	327	0	10
2026.08.26	05:09:00	4660.05	4661.18	4659.33	4660.52	385	0	10
2026.08.26	05:10:00	4660.55	4661.53	4659.30	4659.81	431	0	10
2026.08.26	05:11:00	4659.81	4660.21	4658.01	4658.01	334	0	10
2026.08.26	05:12:00	4658.01	4660.40	4657.88	4659.75	345	0	10
2026.08.26	05:13:00	4659.75	4660.96	4659.50	4660.96	251	0	10
2026.08.26	05:14:00	4660.96	4661.05	4659.57	4660.22	260	0	10
2026.08.26	05:15:00	4660.22	4661.47	4660.14	4661.14	176	0	10
2026.08.26	05:16:00	4661.14	4661.33	4660.22	4660.38	210	0	10
2026.08.26	05:17:00	4660.38	4661.06	4660.22	4660.60	205	0	10
2026.08.26	05:18:00	4660.59	4661.16	4660.29	4660.62	187	0	10
2026.08.26	05:19:00	4660.62	4661.38	4659.24	4661.25	217	0	10
2026.08.26	05:20:00	4661.25	4661.77	4660.58	4661.70	193	0	10
2026.08.26	05:21:00	4661.73	4661.73	4659.48	4659.71	170	0	10
2026.08.26	05:22:00	4659.71	4660.98	4659.71	4659.82	166	0	10
2026.08.26	05:23:00	4659.82	4660.25	4658.80	4659.45	276	0	10
2026.08.26	05:24:00	4659.45	4659.98	4658.91	4659.15	203	0	10
2026.08.26	05:25:00	4659.15	4660.07	4658.83	4659.45	238	0	10
2026.08.26	05:26:00	4659.45	4659.71	4658.11	4658.11	292	0	10
2026.08.26	05:27:00	4658.11	4658.46	4656.99	4657.18	273	0	10
2026.08.26	05:28:00	4657.18	4657.99	4656.07	4657.02	238	0	10
2026.08.26	05:29:00	4657.02	4659.01	4656.55	4659.01	136	0	10
2026.08.26	05:30:00	4659.01	4662.37	4657.64	4661.69	466	0	10
2026.08.26	05:31:00	4661.69	4662.49	4658.69	4659.99	410	0	10
2026.08.26	05:32:00	4660.01	4661.58	4659.32	4661.58	329	0	10
2026.08.26	05:33:00	4661.61	4663.90	4661.53	4662.78	359	0	10
2026.08.26	05:34:00	4662.78	4663.76	4660.99	4663.76	339	0	10
2026.08.26	05:35:00	4663.74	4665.75	4662.74	4664.95	426	0	10
2026.08.26	05:36:00	4664.95	4665.15	4661.48	4662.31	388	0	10
2026.08.26	05:37:00	4662.31	4662.32	4659.48	4659.79	287	0	10
2026.08.26	05:38:00	4659.79	4664.00	4659.55	4663.64	350	0	10
2026.08.26	05:39:00	4663.64	4663.98	4662.42	4663.47	320	0	10
2026.08.26	05:40:00	4663.47	4664.98	4662.05	4664.96	338	0	10
2026.08.26	05:41:00	4664.96	4667.98	4664.71	4667.90	354	0	10
2026.08.26	05:42:00	4667.90	4668.26	4667.35	4668.02	339	0	10
2026.08.26	05:43:00	4668.02	4670.69	4667.94	4669.80	361	0	10
2026.08.26	05:44:00	4669.79	4669.79	4666.86	4667.26	381	0	10
2026.08.26	05:45:00	4667.26	4669.04	4667.00	4668.45	452	0	10
2026.08.26	05:46:00	4668.45	4668.97	4667.63	4667.78	301	0	10
2026.08.26	05:47:00	4667.78	4668.03	4666.86	4667.68	269	0	10
2026.08.26	05:48:00	4667.62	4668.10	4665.42	4666.18	267	0	10
2026.08.26	05:49:00	4666.18	4666.57	4665.69	4665.90	281	0	10
2026.08.26	05:50:00	4665.90	4666.92	4665.69	4666.35	234	0	10
2026.08.26	05:51:00	4666.35	4666.43	4664.33	4664.43	334	0	10
2026.08.26	05:52:00	4664.43	4664.63	4662.24	4662.86	356	0	10
2026.08.26	05:53:00	4662.86	4663.17	4661.41	4661.76	308	0	10
2026.08.26	05:54:00	4661.76	4661.83	4660.41	4660.99	260	0	10
2026.08.26	05:55:00	4660.99	4661.16	4660.10	4660.20	259	0	10
2026.08.26	05:56:00	4660.20	4660.66	4659.21	4659.21	283	0	10
2026.08.26	05:57:00	4659.21	4659.54	4658.60	4659.17	271	0	10
2026.08.26	05:58:00	4659.17	4659.67	4657.95	4659.25	266	0	10
2026.08.26	05:59:00	4659.25	4659.32	4657.96	4658.45	222	0	10
2026.08.26	06:00:00	4658.44	4658.73	4653.37	4654.83	531	0	10
2026.08.26	06:01:00	4654.83	4657.07	4654.74	4656.11	296	0	10
2026.08.26	06:02:00	4656.11	4657.63	4655.40	4655.67	302	0	10
2026.08.26	06:03:00	4655.67	4657.16	4655.14	4657.09	290	0	10
2026.08.26	06:04:00	4657.07	4658.35	4656.62	4656.88	226	0	10
2026.08.26	06:05:00	4656.88	4657.24	4655.22	4655.46	296	0	10
2026.08.26	06:06:00	4655.46	4655.87	4653.11	4653.29	332	0	10
2026.08.26	06:07:00	4653.29	4653.41	4650.45	4650.75	348	0	10
2026.08.26	06:08:00	4650.75	4651.15	4649.77	4650.14	304	0	10
2026.08.26	06:09:00	4650.13	4650.70	4649.62	4650.16	275	0	10
2026.08.26	06:10:00	4650.17	4650.27	4648.93	4648.93	233	0	10
2026.08.26	06:11:00	4648.93	4649.04	4647.28	4648.41	365	0	10
2026.08.26	06:12:00	4648.42	4648.60	4647.68	4648.35	223	0	10
2026.08.26	06:13:00	4648.35	4648.75	4647.56	4648.38	250	0	10
2026.08.26	06:14:00	4648.38	4649.34	4647.90	4648.33	287	0	10
2026.08.26	06:15:00	4648.29	4648.71	4647.53	4648.00	256	0	10
2026.08.26	06:16:00	4648.00	4648.03	4646.54	4646.92	245	0	10
2026.08.26	06:17:00	4646.92	4647.77	4646.39	4646.96	219	0	10
2026.08.26	06:18:00	4646.96	4647.83	4646.25	4647.60	265	0	10
2026.08.26	06:19:00	4647.60	4647.60	4646.07	4647.57	293	0	10
2026.08.26	06:20:00	4647.57	4648.47	4647.25	4648.33	291	0	10
2026.08.26	06:21:00	4648.33	4650.43	4647.65	4650.37	303	0	10
2026.08.26	06:22:00	4650.45	4650.75	4648.61	4650.53	295	0	10
2026.08.26	06:23:00	4650.53	4650.92	4648.14	4648.90	262	0	10
2026.08.26	06:24:00	4648.90	4649.36	4648.47	4648.98	259	0	10
2026.08.26	06:25:00	4648.98	4650.46	4648.83	4650.10	264	0	10
2026.08.26	06:26:00	4650.10	4650.10	4648.37	4648.70	272	0	10
2026.08.26	06:27:00	4648.65	4649.10	4648.38	4648.53	271	0	10
2026.08.26	06:28:00	4648.53	4648.63	4647.79	4648.40	192	0	10
2026.08.26	06:29:00	4648.37	4650.73	4648.18	4650.35	257	0	10
2026.08.26	06:30:00	4650.35	4651.40	4650.04	4651.13	226	0	10
2026.08.26	06:31:00	4651.13	4651.13	4649.96	4650.37	170	0	10
2026.08.26	06:32:00	4650.37	4650.60	4649.77	4649.88	150	0	10
2026.08.26	06:33:00	4649.88	4651.16	4649.88	4650.45	227	0	10
2026.08.26	06:34:00	4650.45	4651.43	4649.90	4650.15	227	0	10
2026.08.26	06:35:00	4650.15	4650.43	4649.43	4650.03	178	0	10
2026.08.26	06:36:00	4650.03	4650.13	4648.47	4648.97	115	0	10
2026.08.26	06:37:00	4648.95	4650.75	4648.90	4650.75	158	0	10
2026.08.26	06:38:00	4650.76	4651.30	4648.09	4648.41	241	0	10
2026.08.26	06:39:00	4648.41	4648.43	4646.91	4648.36	274	0	10
2026.08.26	06:40:00	4648.36	4649.11	4647.66	4647.67	236	0	10
2026.08.26	06:41:00	4647.67	4647.67	4646.46	4646.87	169	0	10
2026.08.26	06:42:00	4646.89	4647.22	4645.98	4646.58	174	0	10
2026.08.26	06:43:00	4646.58	4647.18	4645.99	4645.99	174	0	10
2026.08.26	06:44:00	4645.99	4646.24	4645.30	4645.34	154	0	10
2026.08.26	06:45:00	4645.34	4645.44	4642.66	4642.77	240	0	10
2026.08.26	06:46:00	4642.77	4645.11	4642.77	4644.28	266	0	10
2026.08.26	06:47:00	4644.28	4644.59	4643.68	4644.22	128	0	10
2026.08.26	06:48:00	4644.22	4644.66	4643.91	4644.38	154	0	10
2026.08.26	06:49:00	4644.38	4645.37	4643.79	4644.87	203	0	10
2026.08.26	06:50:00	4644.86	4644.99	4643.74	4644.37	155	0	10
2026.08.26	06:51:00	4644.37	4644.61	4643.28	4644.61	151	0	10
2026.08.26	06:52:00	4644.57	4645.32	4644.57	4645.27	163	0	10
2026.08.26	06:53:00	4645.27	4645.50	4644.58	4645.23	147	0	10
2026.08.26	06:54:00	4645.37	4645.50	4644.31	4644.31	139	0	10
2026.08.26	06:55:00	4644.31	4644.63	4643.83	4644.15	154	0	10
2026.08.26	06:56:00	4644.15	4644.30	4643.45	4643.51	149	0	10
2026.08.26	06:57:00	4643.51	4644.06	4643.42	4643.81	166	0	10
2026.08.26	06:58:00	4643.82	4644.38	4643.70	4644.15	122	0	10
2026.08.26	06:59:00	4644.15	4644.17	4642.75	4642.75	120	0	10
2026.08.26	07:00:00	4642.75	4643.96	4642.70	4643.51	192	0	10
2026.08.26	07:01:00	4643.51	4643.73	4642.60	4642.83	175	0	10
2026.08.26	07:02:00	4642.83	4643.68	4642.54	4642.62	166	0	10
2026.08.26	07:03:00	4642.62	4644.39	4642.62	4644.16	179	0	10
2026.08.26	07:04:00	4644.16	4644.28	4642.92	4642.92	172	0	10
2026.08.26	07:05:00	4642.92	4643.13	4642.68	4642.71	129	0	10
2026.08.26	07:06:00	4642.71	4643.32	4642.09	4642.55	128	0	10
2026.08.26	07:07:00	4642.55	4642.57	4641.88	4641.93	137	0	10
2026.08.26	07:08:00	4641.93	4643.84	4641.84	4643.26	166	0	10
2026.08.26	07:09:00	4643.26	4643.75	4642.84	4643.75	104	0	10
2026.08.26	07:10:00	4643.75	4644.01	4643.26	4643.78	127	0	10
2026.08.26	07:11:00	4643.78	4643.78	4642.89	4643.58	153	0	10
2026.08.26	07:12:00	4643.58	4643.58	4643.02	4643.29	111	0	10
2026.08.26	07:13:00	4643.29	4643.34	4642.60	4642.90	83	0	10
2026.08.26	07:14:00	4642.90	4643.67	4642.51	4642.51	126	0	10
2026.08.26	07:15:00	4642.51	4642.59	4641.40	4641.85	159	0	10
2026.08.26	07:16:00	4641.86	4642.50	4641.57	4641.91	123	0	10
2026.08.26	07:17:00	4641.91	4642.38	4641.89	4641.99	87	0	10
2026.08.26	07:18:00	4641.99	4642.96	4641.90	4642.95	103	0	10
2026.08.26	07:19:00	4642.93	4643.34	4641.76	4642.13	133	0	10
2026.08.26	07:20:00	4642.13	4642.41	4641.75	4642.11	118	0	10
2026.08.26	07:21:00	4642.11	4642.79	4641.58	4642.79	103	0	10
2026.08.26	07:22:00	4642.79	4642.99	4641.66	4641.66	154	0	10
2026.08.26	07:23:00	4641.66	4642.18	4641.51	4641.75	166	0	10
2026.08.26	07:24:00	4641.76	4642.90	4641.60	4642.62	122	0	10
2026.08.26	07:25:00	4642.59	4642.90	4641.43	4642.70	176	0	10
2026.08.26	07:26:00	4642.70	4642.87	4641.49	4641.75	131	0	10
2026.08.26	07:27:00	4641.75	4641.85	4641.22	4641.85	112	0	10
2026.08.26	07:28:00	4641.70	4642.11	4641.42	4641.90	103	0	10
2026.08.26	07:29:00	4641.90	4642.32	4641.51	4642.32	80	0	10
2026.08.26	07:30:00	4642.32	4643.15	4642.09	4642.32	161	0	10
2026.08.26	07:31:00	4642.32	4643.34	4641.89	4643.14	142	0	10
2026.08.26	07:32:00	4643.14	4643.28	4642.13	4642.14	133	0	10
2026.08.26	07:33:00	4642.14	4642.17	4641.19	4641.73	161	0	10
2026.08.26	07:34:00	4641.73	4642.36	4641.54	4641.84	126	0	10
2026.08.26	07:35:00	4641.84	4641.94	4640.61	4641.55	128	0	10
2026.08.26	07:36:00	4641.55	4641.98	4641.45	4641.75	85	0	10
2026.08.26	07:37:00	4641.73	4642.26	4641.03	4641.88	117	0	10
2026.08.26	07:38:00	4641.86	4641.87	4640.56	4641.27	153	0	10
2026.08.26	07:39:00	4641.27	4641.39	4640.39	4640.44	173	0	10
2026.08.26	07:40:00	4640.44	4640.72	4639.90	4640.21	135	0	10
2026.08.26	07:41:00	4640.21	4641.04	4639.88	4641.04	111	0	10
2026.08.26	07:42:00	4641.04	4641.28	4640.84	4641.15	111	0	10
2026.08.26	07:43:00	4641.15	4642.21	4641.10	4641.12	98	0	10
2026.08.26	07:44:00	4641.12	4641.43	4640.67	4640.85	171	0	10
2026.08.26	07:45:00	4640.85	4641.18	4640.19	4641.18	189	0	10
2026.08.26	07:46:00	4641.18	4641.25	4640.65	4640.75	84	0	10
2026.08.26	07:47:00	4640.75	4640.90	4639.18	4639.42	171	0	10
2026.08.26	07:48:00	4639.42	4639.89	4638.86	4639.52	172	0	10
2026.08.26	07:49:00	4639.52	4640.41	4639.13	4640.25	148	0	10
2026.08.26	07:50:00	4640.25	4640.71	4639.99	4640.21	106	0	10
2026.08.26	07:51:00	4640.21	4640.80	4640.00	4640.01	136	0	10
2026.08.26	07:52:00	4640.01	4641.59	4639.68	4641.32	172	0	10
2026.08.26	07:53:00	4641.32	4641.97	4641.01	4641.76	162	0	10
2026.08.26	07:54:00	4641.76	4641.78	4640.89	4640.91	128	0	10
2026.08.26	07:55:00	4640.91	4641.64	4640.85	4641.64	145	0	10
2026.08.26	07:56:00	4641.64	4641.79	4640.95	4641.18	166	0	10
2026.08.26	07:57:00	4641.18	4641.21	4639.95	4640.04	137	0	10
2026.08.26	07:58:00	4640.07	4640.42	4639.77	4640.29	146	0	10
2026.08.26	07:59:00	4640.29	4640.74	4639.58	4640.69	148	0	10
2026.08.26	08:00:00	4640.69	4641.63	4640.23	4641.35	248	0	10
2026.08.26	08:01:00	4641.28	4642.20	4640.97	4641.90	149	0	10
2026.08.26	08:02:00	4641.90	4643.31	4641.54	4643.24	181	0	10
2026.08.26	08:03:00	4643.24	4643.69	4642.15	4643.28	165	0	10
2026.08.26	08:04:00	4643.28	4643.82	4642.09	4642.09	199	0	10
2026.08.26	08:05:00	4642.09	4642.42	4641.80	4642.05	173	0	10
2026.08.26	08:06:00	4642.05	4643.04	4642.01	4642.78	178	0	10
2026.08.26	08:07:00	4642.67	4644.48	4642.61	4644.02	163	0	10
2026.08.26	08:08:00	4644.01	4644.01	4641.87	4642.67	169	0	10
2026.08.26	08:09:00	4642.67	4645.97	4642.53	4645.72	191	0	10
2026.08.26	08:10:00	4645.72	4645.73	4644.91	4644.95	160	0	10
2026.08.26	08:11:00	4644.95	4645.47	4643.93	4643.97	198	0	10
2026.08.26	08:12:00	4643.94	4643.94	4642.17	4642.82	164	0	10
2026.08.26	08:13:00	4642.82	4642.82	4641.45	4642.15	183	0	10
2026.08.26	08:14:00	4642.15	4643.47	4642.05	4643.45	159	0	10
2026.08.26	08:15:00	4643.45	4643.80	4642.13	4642.54	218	0	10
2026.08.26	08:16:00	4642.54	4642.90	4641.48	4642.84	176	0	10
2026.08.26	08:17:00	4642.84	4643.53	4642.75	4643.37	192	0	10
2026.08.26	08:18:00	4643.37	4644.16	4643.16	4643.98	180	0	10
2026.08.26	08:19:00	4643.97	4644.77	4643.01	4643.53	234	0	10
2026.08.26	08:20:00	4643.53	4643.73	4642.89	4643.35	171	0	10
2026.08.26	08:21:00	4643.34	4643.73	4642.20	4642.20	201	0	10
2026.08.26	08:22:00	4642.20	4643.32	4641.89	4643.28	186	0	10
2026.08.26	08:23:00	4643.28	4644.60	4643.17	4644.22	164	0	10
2026.08.26	08:24:00	4644.22	4644.32	4643.19	4643.93	154	0	10
2026.08.26	08:25:00	4643.93	4644.25	4642.68	4643.36	200	0	10
2026.08.26	08:26:00	4643.36	4643.43	4642.93	4643.18	168	0	10
2026.08.26	08:27:00	4643.18	4644.71	4643.07	4644.06	157	0	10
2026.08.26	08:28:00	4644.06	4645.00	4644.06	4644.80	124	0	10
2026.08.26	08:29:00	4644.80	4645.46	4643.39	4643.42	201	0	10
2026.08.26	08:30:00	4643.44	4649.61	4641.21	4648.06	671	0	10
2026.08.26	08:31:00	4648.08	4648.08	4645.35	4647.20	439	0	10
2026.08.26	08:32:00	4647.20	4647.50	4646.10	4646.82	337	0	10
2026.08.26	08:33:00	4646.87	4647.31	4644.35	4644.70	343	0	10
2026.08.26	08:34:00	4644.69	4646.45	4643.96	4645.80	307	0	10
2026.08.26	08:35:00	4645.80	4646.10	4642.94	4644.95	385	0	10
2026.08.26	08:36:00	4644.95	4645.51	4642.20	4642.22	390	0	10
2026.08.26	08:37:00	4642.20	4642.68	4640.18	4641.19	479	0	10
2026.08.26	08:38:00	4641.19	4641.21	4638.75	4639.83	419	0	10
2026.08.26	08:39:00	4639.82	4641.73	4639.43	4641.71	381	0	10
2026.08.26	08:40:00	4641.71	4644.14	4641.55	4643.46	344	0	10
2026.08.26	08:41:00	4643.46	4644.63	4643.45	4644.54	227	0	10
2026.08.26	08:42:00	4644.54	4644.67	4642.01	4642.06	323	0	10
2026.08.26	08:43:00	4642.06	4642.32	4638.91	4638.98	334	0	10
2026.08.26	08:44:00	4638.98	4639.27	4638.07	4638.12	259	0	10
2026.08.26	08:45:00	4638.08	4638.15	4635.69	4636.23	443	0	10
2026.08.26	08:46:00	4636.23	4637.98	4635.62	4637.07	382	0	10
2026.08.26	08:47:00	4637.07	4638.41	4636.77	4638.41	334	0	10
2026.08.26	08:48:00	4638.41	4640.77	4638.01	4639.25	329	0	10
2026.08.26	08:49:00	4639.23	4639.72	4637.60	4637.84	329	0	10
2026.08.26	08:50:00	4637.86	4638.21	4637.14	4637.73	337	0	10
2026.08.26	08:51:00	4637.73	4639.49	4637.57	4638.41	362	0	10
2026.08.26	08:52:00	4638.41	4639.81	4638.24	4639.71	306	0	10
2026.08.26	08:53:00	4639.71	4640.41	4639.11	4640.01	271	0	10
2026.08.26	08:54:00	4640.01	4640.24	4638.76	4639.07	250	0	10
2026.08.26	08:55:00	4639.07	4639.73	4637.55	4637.68	290	0	10
2026.08.26	08:56:00	4637.68	4639.12	4637.10	4638.04	288	0	10
2026.08.26	08:57:00	4638.04	4639.44	4638.04	4639.13	330	0	10
2026.08.26	08:58:00	4639.13	4639.40	4637.88	4638.17	256	0	10
2026.08.26	08:59:00	4638.17	4639.84	4638.10	4639.82	227	0	10
2026.08.26	09:00:00	4639.82	4639.83	4637.34	4638.32	477	0	10
2026.08.26	09:01:00	4638.32	4639.02	4636.90	4637.78	329	0	10
2026.08.26	09:02:00	4637.78	4638.17	4636.25	4636.99	288	0	10
2026.08.26	09:03:00	4636.99	4638.81	4636.56	4638.75	338	0	10
2026.08.26	09:04:00	4638.75	4641.55	4638.75	4641.07	351	0	10
2026.08.26	09:05:00	4641.07	4641.07	4638.10	4639.61	331	0	10
2026.08.26	09:06:00	4639.61	4639.76	4637.45	4638.46	308	0	10
2026.08.26	09:07:00	4638.46	4639.75	4637.85	4639.02	276	0	10
2026.08.26	09:08:00	4639.02	4639.31	4638.17	4638.60	227	0	10
2026.08.26	09:09:00	4638.60	4639.48	4638.56	4639.18	276	0	10
2026.08.26	09:10:00	4639.18	4639.18	4637.12	4637.71	232	0	10
2026.08.26	09:11:00	4637.71	4637.75	4636.12	4637.68	290	0	10
2026.08.26	09:12:00	4637.67	4639.31	4637.25	4638.84	357	0	10
2026.08.26	09:13:00	4638.84	4639.13	4637.89	4639.02	259	0	10
2026.08.26	09:14:00	4639.02	4639.12	4637.53	4637.61	246	0	10
2026.08.26	09:15:00	4637.61	4637.94	4634.61	4635.47	380	0	10
2026.08.26	09:16:00	4635.47	4635.73	4632.98	4633.25	346	0	10
2026.08.26	09:17:00	4633.25	4633.47	4632.65	4632.86	274	0	10
2026.08.26	09:18:00	4632.86	4634.14	4631.31	4633.47	397	0	10
2026.08.26	09:19:00	4633.47	4634.37	4631.81	4634.37	272	0	10
2026.08.26	09:20:00	4634.37	4634.74	4632.30	4632.50	331	0	10
2026.08.26	09:21:00	4632.50	4632.59	4630.54	4631.00	357	0	10
2026.08.26	09:22:00	4631.00	4631.41	4628.94	4629.94	382	0	10
2026.08.26	09:23:00	4629.94	4629.96	4626.00	4626.83	430	0	10
2026.08.26	09:24:00	4626.83	4627.51	4626.44	4627.14	367	0	10
2026.08.26	09:25:00	4627.14	4627.95	4624.88	4627.95	457	0	10
2026.08.26	09:26:00	4627.99	4628.99	4626.10	4628.36	350	0	10
2026.08.26	09:27:00	4628.36	4628.71	4626.47	4626.47	246	0	10
2026.08.26	09:28:00	4626.47	4626.87	4625.36	4625.51	324	0	10
2026.08.26	09:29:00	4625.51	4627.18	4624.71	4626.74	330	0	10
2026.08.26	09:30:00	4626.74	4628.28	4625.71	4628.27	396	0	10
2026.08.26	09:31:00	4628.27	4630.08	4627.79	4629.71	334	0	10
2026.08.26	09:32:00	4629.72	4630.36	4628.54	4628.54	331	0	10
2026.08.26	09:33:00	4628.54	4630.21	4628.35	4629.13	286	0	10
2026.08.26	09:34:00	4629.13	4631.00	4628.85	4631.00	238	0	10
2026.08.26	09:35:00	4631.00	4631.21	4628.55	4628.91	268	0	10
2026.08.26	09:36:00	4628.90	4629.24	4627.78	4627.90	252	0	10
2026.08.26	09:37:00	4627.90	4628.90	4627.20	4628.17	312	0	10
2026.08.26	09:38:00	4628.17	4629.62	4628.06	4629.13	267	0	10
2026.08.26	09:39:00	4629.13	4630.73	4628.78	4630.63	312	0	10
2026.08.26	09:40:00	4630.63	4631.52	4629.87	4630.37	261	0	10
2026.08.26	09:41:00	4630.37	4632.78	4630.23	4632.09	336	0	10
2026.08.26	09:42:00	4632.09	4632.81	4631.18	4632.79	301	0	10
2026.08.26	09:43:00	4632.77	4633.98	4632.40	4633.76	274	0	10
2026.08.26	09:44:00	4633.74	4634.27	4632.40	4633.44	228	0	10
2026.08.26	09:45:00	4633.44	4634.50	4633.44	4634.29	260	0	10
2026.08.26	09:46:00	4634.29	4635.11	4634.07	4635.03	185	0	10
2026.08.26	09:47:00	4635.04	4636.72	4635.04	4636.06	213	0	10
2026.08.26	09:48:00	4636.04	4636.34	4635.54	4635.71	229	0	10
2026.08.26	09:49:00	4635.71	4636.96	4635.18	4635.18	232	0	10
2026.08.26	09:50:00	4635.17	4635.77	4633.53	4634.03	262	0	10
2026.08.26	09:51:00	4634.03	4634.96	4633.92	4634.47	253	0	10
2026.08.26	09:52:00	4634.47	4635.09	4634.08	4634.80	284	0	10
2026.08.26	09:53:00	4634.80	4634.81	4632.59	4632.64	319	0	10
2026.08.26	09:54:00	4632.64	4633.91	4632.59	4633.40	223	0	10
2026.08.26	09:55:00	4633.39	4633.55	4631.05	4631.67	295	0	10
2026.08.26	09:56:00	4631.67	4632.64	4630.63	4632.64	322	0	10
2026.08.26	09:57:00	4632.65	4633.25	4632.25	4632.95	284	0	10
2026.08.26	09:58:00	4632.95	4633.66	4632.91	4633.66	218	0	10
2026.08.26	09:59:00	4633.66	4634.64	4633.47	4634.36	342	0	10
2026.08.26	10:00:00	4634.35	4637.03	4634.28	4635.68	475	0	10
2026.08.26	10:01:00	4635.68	4637.09	4635.11	4636.93	334	0	10
2026.08.26	10:02:00	4636.93	4638.85	4636.03	4636.27	357	0	10
2026.08.26	10:03:00	4636.30	4638.80	4636.26	4638.09	318	0	10
2026.08.26	10:04:00	4638.09	4639.25	4637.59	4639.08	218	0	10
2026.08.26	10:05:00	4639.08	4639.27	4638.33	4638.46	234	0	10
2026.08.26	10:06:00	4638.46	4638.46	4636.66	4637.39	224	0	10
2026.08.26	10:07:00	4637.39	4637.44	4634.56	4635.08	302	0	10
2026.08.26	10:08:00	4635.08	4636.14	4633.18	4633.34	242	0	10
2026.08.26	10:09:00	4633.34	4635.37	4633.34	4635.37	258	0	10
2026.08.26	10:10:00	4635.37	4636.06	4634.96	4635.48	242	0	10
2026.08.26	10:11:00	4635.48	4636.41	4633.66	4634.64	255	0	10
2026.08.26	10:12:00	4634.65	4635.69	4634.15	4635.69	252	0	10
2026.08.26	10:13:00	4635.71	4637.00	4635.25	4636.72	265	0	10
2026.08.26	10:14:00	4636.72	4636.72	4635.62	4636.44	284	0	10
2026.08.26	10:15:00	4636.44	4636.82	4635.05	4635.26	268	0	10
2026.08.26	10:16:00	4635.26	4637.15	4635.26	4636.57	181	0	10
2026.08.26	10:17:00	4636.57	4637.72	4636.44	4636.83	210	0	10
2026.08.26	10:18:00	4636.83	4636.85	4634.54	4634.76	243	0	10
2026.08.26	10:19:00	4634.76	4634.76	4633.74	4634.00	270	0	10
2026.08.26	10:20:00	4633.99	4633.99	4632.17	4633.22	221	0	10
2026.08.26	10:21:00	4633.23	4634.64	4632.89	4634.38	232	0	10
2026.08.26	10:22:00	4634.38	4634.99	4633.29	4633.71	248	0	10
2026.08.26	10:23:00	4633.71	4633.75	4633.20	4633.52	216	0	10
2026.08.26	10:24:00	4633.52	4635.45	4633.31	4634.25	185	0	10
2026.08.26	10:25:00	4634.27	4636.03	4634.17	4634.59	227	0	10
2026.08.26	10:26:00	4634.58	4635.10	4633.48	4634.35	276	0	10
2026.08.26	10:27:00	4634.34	4634.34	4632.06	4633.14	272	0	10
2026.08.26	10:28:00	4633.14	4633.44	4631.15	4631.72	280	0	10
2026.08.26	10:29:00	4631.72	4631.85	4630.82	4631.41	261	0	10
2026.08.26	10:30:00	4631.40	4632.37	4631.12	4632.02	318	0	10
2026.08.26	10:31:00	4632.02	4632.99	4631.57	4632.84	235	0	10
2026.08.26	10:32:00	4632.84	4634.59	4632.84	4633.77	289	0	10
2026.08.26	10:33:00	4633.77	4635.57	4633.69	4635.57	286	0	10
2026.08.26	10:34:00	4635.60	4636.52	4632.91	4633.47	289	0	10
2026.08.26	10:35:00	4633.47	4634.22	4632.46	4634.22	263	0	10
2026.08.26	10:36:00	4634.08	4634.44	4633.59	4633.63	217	0	10
2026.08.26	10:37:00	4633.63	4633.91	4632.61	4632.77	237	0	10
2026.08.26	10:38:00	4632.78	4633.13	4631.79	4632.32	200	0	10
2026.08.26	10:39:00	4632.33	4632.33	4630.09	4630.54	222	0	10
2026.08.26	10:40:00	4630.54	4630.65	4629.03	4629.53	201	0	10
2026.08.26	10:41:00	4629.54	4630.07	4629.15	4629.63	222	0	10
2026.08.26	10:42:00	4629.63	4630.64	4628.98	4630.58	186	0	10
2026.08.26	10:43:00	4630.60	4630.94	4629.78	4630.16	202	0	10
2026.08.26	10:44:00	4630.16	4631.85	4630.06	4631.85	208	0	10
2026.08.26	10:45:00	4631.85	4632.19	4630.82	4631.65	197	0	10
2026.08.26	10:46:00	4631.65	4632.31	4630.83	4632.03	244	0	10
2026.08.26	10:47:00	4632.03	4632.48	4631.70	4632.12	197	0	10
2026.08.26	10:48:00	4632.12	4634.24	4632.12	4634.24	224	0	10
2026.08.26	10:49:00	4634.23	4634.93	4631.69	4631.91	228	0	10
2026.08.26	10:50:00	4631.91	4631.92	4630.28	4630.91	256	0	10
2026.08.26	10:51:00	4630.94	4631.56	4627.78	4628.06	323	0	10
2026.08.26	10:52:00	4628.06	4629.52	4628.06	4628.90	218	0	10
2026.08.26	10:53:00	4628.90	4629.64	4627.84	4627.84	195	0	10
2026.08.26	10:54:00	4627.84	4628.71	4627.74	4628.57	195	0	10
2026.08.26	10:55:00	4628.56	4628.71	4626.56	4626.85	254	0	10
2026.08.26	10:56:00	4626.85	4628.63	4626.85	4627.26	280	0	10
2026.08.26	10:57:00	4627.26	4628.73	4626.93	4628.36	305	0	10
2026.08.26	10:58:00	4628.36	4629.45	4628.25	4629.16	222	0	10
2026.08.26	10:59:00	4629.16	4630.05	4628.37	4629.06	224	0	10
2026.08.26	11:00:00	4629.06	4629.06	4627.28	4627.78	397	0	10
2026.08.26	11:01:00	4627.78	4628.93	4626.72	4627.79	318	0	10
2026.08.26	11:02:00	4627.79	4629.51	4627.51	4628.81	293	0	10
2026.08.26	11:03:00	4628.87	4630.38	4628.85	4629.94	295	0	10
2026.08.26	11:04:00	4629.94	4630.31	4628.63	4628.69	354	0	10
2026.08.26	11:05:00	4628.69	4629.23	4628.03	4628.40	294	0	10
2026.08.26	11:06:00	4628.40	4628.54	4627.27	4627.64	241	0	10
2026.08.26	11:07:00	4627.67	4627.89	4626.14	4626.14	250	0	10
2026.08.26	11:08:00	4626.14	4628.35	4625.71	4628.24	262	0	10
2026.08.26	11:09:00	4628.29	4629.73	4627.78	4627.78	279	0	10
2026.08.26	11:10:00	4627.78	4628.25	4627.00	4627.09	215	0	10
2026.08.26	11:11:00	4627.09	4627.31	4625.94	4626.39	213	0	10
2026.08.26	11:12:00	4626.39	4627.99	4626.06	4627.65	284	0	10
2026.08.26	11:13:00	4627.65	4628.57	4627.14	4627.94	327	0	10
2026.08.26	11:14:00	4627.95	4628.03	4625.77	4625.82	338	0	10
2026.08.26	11:15:00	4625.81	4625.82	4622.96	4625.07	389	0	10
2026.08.26	11:16:00	4625.05	4628.50	4624.97	4628.09	328	0	10
2026.08.26	11:17:00	4628.08	4628.11	4625.27	4625.27	285	0	10
2026.08.26	11:18:00	4625.27	4625.28	4624.08	4624.16	218	0	10
2026.08.26	11:19:00	4624.16	4625.21	4624.10	4625.10	214	0	10
2026.08.26	11:20:00	4625.10	4625.45	4624.47	4624.54	237	0	10
2026.08.26	11:21:00	4624.39	4625.26	4624.22	4624.69	229	0	10
2026.08.26	11:22:00	4624.69	4625.02	4624.10	4624.10	225	0	10
2026.08.26	11:23:00	4624.10	4624.44	4622.29	4623.96	320	0	10
2026.08.26	11:24:00	4623.96	4626.49	4623.71	4626.35	251	0	10
2026.08.26	11:25:00	4626.36	4627.55	4625.77	4627.36	257	0	10
2026.08.26	11:26:00	4627.36	4627.44	4626.26	4627.26	206	0	10
2026.08.26	11:27:00	4627.26	4628.74	4627.03	4628.18	249	0	10
2026.08.26	11:28:00	4628.16	4629.15	4627.85	4629.09	203	0	10
2026.08.26	11:29:00	4629.09	4629.77	4628.58	4629.77	294	0	10
2026.08.26	11:30:00	4629.77	4629.77	4626.52	4627.36	353	0	10
2026.08.26	11:31:00	4627.36	4627.62	4625.13	4627.62	313	0	10
2026.08.26	11:32:00	4627.62	4628.09	4626.81	4627.30	207	0	10
2026.08.26	11:33:00	4627.30	4630.80	4626.45	4630.03	324	0	10
2026.08.26	11:34:00	4630.03	4630.14	4628.02	4628.31	312	0	10
2026.08.26	11:35:00	4628.31	4629.36	4628.07	4629.34	171	0	10
2026.08.26	11:36:00	4629.34	4630.09	4628.61	4629.71	188	0	10
2026.08.26	11:37:00	4629.71	4630.46	4628.74	4629.03	211	0	10
2026.08.26	11:38:00	4628.86	4629.06	4628.02	4628.35	159	0	10
2026.08.26	11:39:00	4628.35	4629.62	4628.18	4629.23	182	0	10
2026.08.26	11:40:00	4629.23	4629.29	4628.30	4628.42	202	0	10
2026.08.26	11:41:00	4628.42	4628.72	4628.00	4628.72	148	0	10
2026.08.26	11:42:00	4628.72	4629.42	4628.06	4629.17	149	0	10
2026.08.26	11:43:00	4629.17	4629.29	4628.23	4629.20	178	0	10
2026.08.26	11:44:00	4629.20	4629.72	4628.85	4629.47	189	0	10
2026.08.26	11:45:00	4629.47	4629.78	4628.79	4629.51	142	0	10
2026.08.26	11:46:00	4629.51	4630.04	4628.96	4629.38	205	0	10
2026.08.26	11:47:00	4629.38	4629.38	4627.06	4627.61	169	0	10
2026.08.26	11:48:00	4627.61	4628.40	4627.58	4628.36	132	0	10
2026.08.26	11:49:00	4628.36	4628.82	4627.87	4628.82	161	0	10
2026.08.26	11:50:00	4628.88	4629.05	4627.48	4628.61	184	0	10
2026.08.26	11:51:00	4628.61	4628.61	4627.69	4627.69	141	0	10
2026.08.26	11:52:00	4627.69	4628.58	4627.68	4628.32	136	0	10
2026.08.26	11:53:00	4628.26	4628.44	4627.64	4627.76	100	0	10
2026.08.26	11:54:00	4627.76	4628.16	4627.54	4627.67	138	0	10
2026.08.26	11:55:00	4627.67	4627.96	4626.01	4627.15	247	0	10
2026.08.26	11:56:00	4627.15	4627.34	4626.47	4626.74	146	0	10
2026.08.26	11:57:00	4626.74	4627.23	4626.15	4627.17	146	0	10
2026.08.26	11:58:00	4627.17	4627.73	4626.50	4626.50	194	0	10
2026.08.26	11:59:00	4626.50	4628.66	4626.28	4628.37	163	0	10
2026.08.26	12:00:00	4628.37	4629.31	4627.58	4628.78	258	0	10
2026.08.26	12:01:00	4628.78	4630.29	4626.41	4629.77	316	0	10
2026.08.26	12:02:00	4629.77	4630.84	4629.63	4629.67	294	0	10
2026.08.26	12:03:00	4629.67	4629.75	4628.00	4628.58	221	0	10
2026.08.26	12:04:00	4628.58	4628.68	4625.78	4625.95	223	0	10
2026.08.26	12:05:00	4625.99	4627.45	4625.74	4627.17	242	0	10
2026.08.26	12:06:00	4627.17	4627.38	4626.50	4627.04	185	0	10
2026.08.26	12:07:00	4627.04	4627.72	4625.76	4625.82	250	0	10
2026.08.26	12:08:00	4625.82	4626.72	4624.60	4625.06	247	0	10
2026.08.26	12:09:00	4625.06	4625.27	4624.14	4624.29	201	0	10
2026.08.26	12:10:00	4624.29	4626.63	4624.00	4625.95	302	0	10
2026.08.26	12:11:00	4625.95	4627.17	4625.54	4626.72	261	0	10
2026.08.26	12:12:00	4626.72	4627.83	4626.72	4627.72	148	0	10
2026.08.26	12:13:00	4627.72	4627.81	4624.86	4624.98	232	0	10
2026.08.26	12:14:00	4624.98	4625.46	4624.84	4624.90	194	0	10
2026.08.26	12:15:00	4624.90	4625.11	4624.59	4624.66	169	0	10
2026.08.26	12:16:00	4624.66	4625.13	4621.84	4622.54	317	0	10
2026.08.26	12:17:00	4622.54	4623.27	4622.34	4622.77	200	0	10
2026.08.26	12:18:00	4622.77	4623.65	4621.79	4622.08	239	0	10
2026.08.26	12:19:00	4622.08	4622.91	4621.01	4621.14	264	0	10
2026.08.26	12:20:00	4621.14	4621.37	4620.04	4620.75	252	0	10
2026.08.26	12:21:00	4620.75	4621.25	4618.59	4620.84	292	0	10
2026.08.26	12:22:00	4620.84	4621.30	4619.99	4621.29	213	0	10
2026.08.26	12:23:00	4621.29	4621.46	4619.19	4619.41	192	0	10
2026.08.26	12:24:00	4619.41	4619.53	4618.94	4619.03	176	0	10
2026.08.26	12:25:00	4619.01	4619.18	4616.28	4617.16	329	0	10
2026.08.26	12:26:00	4617.16	4619.55	4617.16	4617.69	364	0	10
2026.08.26	12:27:00	4617.69	4618.05	4616.35	4617.33	209	0	10
2026.08.26	12:28:00	4617.33	4618.10	4616.75	4617.13	254	0	10
2026.08.26	12:29:00	4617.13	4617.97	4616.34	4616.85	234	0	10
2026.08.26	12:30:00	4616.85	4618.74	4616.78	4618.42	327	0	10
2026.08.26	12:31:00	4618.42	4620.99	4618.42	4620.88	256	0	10
2026.08.26	12:32:00	4620.88	4621.85	4620.88	4621.06	228	0	10
2026.08.26	12:33:00	4621.06	4622.31	4620.37	4621.91	287	0	10
2026.08.26	12:34:00	4621.91	4621.98	4620.30	4621.05	194	0	10
2026.08.26	12:35:00	4621.05	4621.39	4620.82	4621.01	189	0	10
2026.08.26	12:36:00	4621.01	4621.35	4619.99	4620.72	213	0	10
2026.08.26	12:37:00	4620.72	4621.32	4620.39	4620.39	144	0	10
2026.08.26	12:38:00	4620.39	4620.98	4620.39	4620.58	160	0	10
2026.08.26	12:39:00	4620.58	4621.19	4620.29	4620.37	224	0	10
2026.08.26	12:40:00	4620.37	4620.63	4619.96	4620.14	240	0	10
2026.08.26	12:41:00	4620.14	4620.63	4619.53	4620.45	183	0	10
2026.08.26	12:42:00	4620.44	4620.72	4619.82	4620.33	177	0	10
2026.08.26	12:43:00	4620.32	4622.11	4620.22	4622.03	218	0	10
2026.08.26	12:44:00	4622.04	4622.39	4621.90	4622.05	137	0	10
2026.08.26	12:45:00	4622.05	4622.65	4621.93	4622.38	188	0	10
2026.08.26	12:46:00	4622.38	4624.13	4622.06	4623.54	221	0	10
2026.08.26	12:47:00	4623.54	4623.79	4622.87	4623.22	184	0	10
2026.08.26	12:48:00	4623.22	4625.60	4623.06	4625.08	258	0	10
2026.08.26	12:49:00	4625.08	4625.33	4623.95	4624.26	207	0	10
2026.08.26	12:50:00	4624.26	4624.63	4622.98	4624.13	263	0	10
2026.08.26	12:51:00	4624.13	4625.22	4623.99	4624.63	174	0	10
2026.08.26	12:52:00	4624.63	4624.85	4622.99	4623.10	176	0	10
2026.08.26	12:53:00	4623.10	4623.91	4622.83	4623.82	229	0	10
2026.08.26	12:54:00	4623.81	4624.43	4623.28	4624.18	230	0	10
2026.08.26	12:55:00	4624.18	4625.12	4624.14	4624.47	158	0	10
2026.08.26	12:56:00	4624.47	4624.95	4623.66	4623.66	163	0	10
2026.08.26	12:57:00	4623.66	4624.50	4623.62	4624.41	236	0	10
2026.08.26	12:58:00	4624.41	4624.41	4623.54	4624.11	198	0	10
2026.08.26	12:59:00	4624.12	4624.16	4623.27	4623.27	166	0	10
2026.08.26	13:00:00	4623.14	4623.35	4622.03	4623.07	292	0	10
2026.08.26	13:01:00	4623.07	4623.10	4621.46	4621.82	225	0	10
2026.08.26	13:02:00	4621.82	4622.19	4620.60	4620.76	262	0	10
2026.08.26	13:03:00	4620.76	4623.64	4620.44	4623.58	196	0	10
2026.08.26	13:04:00	4623.57	4624.06	4623.39	4623.46	128	0	10
2026.08.26	13:05:00	4623.46	4623.46	4621.30	4621.99	170	0	10
2026.08.26	13:06:00	4621.99	4622.81	4621.86	4622.43	114	0	10
2026.08.26	13:07:00	4622.43	4622.80	4621.55	4621.61	100	0	10
2026.08.26	13:08:00	4621.61	4621.61	4620.52	4621.21	111	0	10
2026.08.26	13:09:00	4621.21	4621.99	4621.13	4621.99	158	0	10
2026.08.26	13:10:00	4622.01	4622.01	4621.14	4621.29	168	0	10
2026.08.26	13:11:00	4621.29	4621.29	4619.19	4619.55	223	0	10
2026.08.26	13:12:00	4619.55	4619.58	4618.07	4618.15	155	0	10
2026.08.26	13:13:00	4618.15	4618.80	4617.76	4618.64	171	0	10
2026.08.26	13:14:00	4618.64	4619.33	4618.64	4619.04	155	0	10
2026.08.26	13:15:00	4619.04	4619.95	4618.66	4619.95	283	0	10
2026.08.26	13:16:00	4619.95	4620.44	4619.58	4619.91	178	0	10
2026.08.26	13:17:00	4619.91	4620.47	4619.43	4619.49	103	0	10
2026.08.26	13:18:00	4619.49	4619.49	4618.34	4618.38	133	0	10
2026.08.26	13:19:00	4618.38	4618.75	4617.08	4617.21	186	0	10
2026.08.26	13:20:00	4617.21	4617.56	4616.20	4616.50	207	0	10
2026.08.26	13:21:00	4616.50	4617.99	4616.43	4616.56	227	0	10
2026.08.26	13:22:00	4616.57	4618.53	4616.07	4618.44	176	0	10
2026.08.26	13:23:00	4618.44	4619.85	4618.42	4619.74	218	0	10
2026.08.26	13:24:00	4619.74	4620.00	4618.25	4618.62	139	0	10
2026.08.26	13:25:00	4618.62	4618.62	4615.28	4615.28	246	0	10
2026.08.26	13:26:00	4615.28	4615.28	4614.05	4614.41	175	0	10
2026.08.26	13:27:00	4614.41	4615.27	4613.36	4614.53	301	0	10
2026.08.26	13:28:00	4614.44	4615.47	4614.28	4614.71	208	0	10
2026.08.26	13:29:00	4614.70	4615.22	4614.56	4615.18	165	0	10
2026.08.26	13:30:00	4615.29	4616.07	4614.71	4614.86	201	0	10
2026.08.26	13:31:00	4614.86	4617.77	4614.82	4617.75	238	0	10
2026.08.26	13:32:00	4617.76	4618.36	4617.60	4618.23	158	0	10
2026.08.26	13:33:00	4618.23	4619.41	4617.99	4619.30	197	0	10
2026.08.26	13:34:00	4619.30	4619.54	4618.28	4619.41	144	0	10
2026.08.26	13:35:00	4619.41	4619.55	4618.56	4618.87	162	0	10
2026.08.26	13:36:00	4618.87	4620.26	4618.71	4619.91	181	0	10
2026.08.26	13:37:00	4619.91	4621.56	4619.66	4621.41	168	0	10
2026.08.26	13:38:00	4621.41	4623.08	4621.34	4623.06	182	0	10
2026.08.26	13:39:00	4623.06	4624.18	4623.03	4624.13	185	0	10
2026.08.26	13:40:00	4624.13	4624.13	4622.97	4623.46	200	0	10
2026.08.26	13:41:00	4623.49	4623.89	4622.88	4623.71	196	0	10
2026.08.26	13:42:00	4623.71	4623.82	4622.24	4622.24	210	0	10
2026.08.26	13:43:00	4622.24	4622.24	4620.87	4621.33	260	0	10
2026.08.26	13:44:00	4621.33	4622.31	4621.33	4622.28	149	0	10
2026.08.26	13:45:00	4622.28	4622.77	4622.23	4622.62	191	0	10
2026.08.26	13:46:00	4622.62	4623.17	4622.28	4622.82	177	0	10
2026.08.26	13:47:00	4622.83	4622.83	4622.33	4622.67	132	0	10
2026.08.26	13:48:00	4622.65	4623.62	4622.56	4623.49	165	0	10
2026.08.26	13:49:00	4623.49	4623.81	4622.72	4623.58	149	0	10
2026.08.26	13:50:00	4623.58	4623.67	4621.90	4623.56	245	0	10
2026.08.26	13:51:00	4623.56	4624.12	4623.31	4623.83	158	0	10
2026.08.26	13:52:00	4623.83	4623.83	4622.46	4622.46	110	0	10
2026.08.26	13:53:00	4622.46	4622.74	4621.77	4622.31	122	0	10
2026.08.26	13:54:00	4622.31	4623.06	4622.28	4622.75	157	0	10
2026.08.26	13:55:00	4622.72	4622.72	4620.89	4621.01	142	0	10
2026.08.26	13:56:00	4621.03	4621.20	4620.66	4620.87	103	0	10
2026.08.26	13:57:00	4620.87	4621.07	4620.47	4620.71	133	0	10
2026.08.26	13:58:00	4620.74	4620.74	4618.84	4619.89	181	0	10
2026.08.26	13:59:00	4619.89	4621.06	4619.70	4620.34	195	0	10
2026.08.26	14:00:00	4620.34	4620.95	4619.74	4620.91	201	0	10
2026.08.26	14:01:00	4620.91	4621.16	4619.46	4620.26	252	0	10
2026.08.26	14:02:00	4620.26	4621.55	4619.73	4620.69	265	0	10
2026.08.26	14:03:00	4620.69	4621.59	4620.23	4621.11	218	0	10
2026.08.26	14:04:00	4621.11	4621.85	4620.49	4620.74	218	0	10
2026.08.26	14:05:00	4620.74	4620.95	4619.19	4619.19	181	0	10
2026.08.26	14:06:00	4619.18	4619.50	4618.80	4619.27	264	0	10
2026.08.26	14:07:00	4619.27	4619.27	4618.12	4618.55	200	0	10
2026.08.26	14:08:00	4618.55	4618.72	4617.71	4617.89	180	0	10
2026.08.26	14:09:00	4617.89	4617.90	4616.84	4617.72	153	0	10
2026.08.26	14:10:00	4617.72	4618.03	4617.27	4617.50	231	0	10
2026.08.26	14:11:00	4617.52	4619.10	4617.52	4618.07	209	0	10
2026.08.26	14:12:00	4618.07	4618.49	4616.66	4618.23	176	0	10
2026.08.26	14:13:00	4618.23	4619.19	4618.13	4618.29	146	0	10
2026.08.26	14:14:00	4618.29	4618.66	4618.13	4618.48	116	0	10
2026.08.26	14:15:00	4618.48	4621.33	4618.35	4620.65	215	0	10
2026.08.26	14:16:00	4620.65	4620.65	4619.53	4620.17	163	0	10
2026.08.26	14:17:00	4620.16	4620.95	4619.92	4620.74	151	0	10
2026.08.26	14:18:00	4620.74	4622.96	4620.70	4622.73	212	0	10
2026.08.26	14:19:00	4622.73	4623.06	4621.87	4622.09	229	0	10
2026.08.26	14:20:00	4622.09	4623.00	4620.89	4620.91	181	0	10
2026.08.26	14:21:00	4620.91	4621.12	4618.80	4619.00	216	0	10
2026.08.26	14:22:00	4619.00	4619.00	4616.95	4617.13	213	0	10
2026.08.26	14:23:00	4617.13	4617.35	4616.50	4616.96	161	0	10
2026.08.26	14:24:00	4616.96	4617.63	4616.72	4616.81	208	0	10
2026.08.26	14:25:00	4616.81	4618.26	4616.74	4618.08	265	0	10
2026.08.26	14:26:00	4618.05	4618.46	4617.45	4618.12	277	0	10
2026.08.26	14:27:00	4618.12	4621.81	4618.03	4621.28	252	0	10
2026.08.26	14:28:00	4621.28	4621.28	4619.99	4620.76	289	0	10
2026.08.26	14:29:00	4620.76	4621.54	4620.53	4620.72	207	0	10
2026.08.26	14:30:00	4620.74	4621.04	4619.38	4619.62	229	0	10
2026.08.26	14:31:00	4619.62	4622.87	4619.56	4622.63	238	0	10
2026.08.26	14:32:00	4622.40	4622.53	4621.68	4622.16	230	0	10
2026.08.26	14:33:00	4622.16	4622.85	4620.12	4620.13	199	0	10
2026.08.26	14:34:00	4620.13	4620.19	4618.39	4619.08	246	0	10
2026.08.26	14:35:00	4619.08	4619.71	4617.41	4619.33	255	0	10
2026.08.26	14:36:00	4619.38	4620.09	4618.67	4619.13	222	0	10
2026.08.26	14:37:00	4619.13	4619.53	4617.89	4618.16	241	0	10
2026.08.26	14:38:00	4618.16	4618.62	4617.35	4618.06	232	0	10
2026.08.26	14:39:00	4618.06	4618.81	4617.80	4618.26	217	0	10
2026.08.26	14:40:00	4618.26	4619.00	4617.39	4618.75	232	0	10
2026.08.26	14:41:00	4618.75	4618.86	4618.26	4618.62	246	0	10
2026.08.26	14:42:00	4618.62	4618.82	4617.75	4618.68	206	0	10
2026.08.26	14:43:00	4618.68	4619.69	4618.53	4619.19	154	0	10
2026.08.26	14:44:00	4619.19	4619.51	4618.79	4619.15	171	0	10
2026.08.26	14:45:00	4619.15	4619.33	4617.42	4618.15	278	0	10
2026.08.26	14:46:00	4618.15	4618.76	4617.73	4618.69	247	0	10
2026.08.26	14:47:00	4618.70	4618.96	4617.00	4617.59	200	0	10
2026.08.26	14:48:00	4617.59	4619.21	4616.97	4619.15	266	0	10
2026.08.26	14:49:00	4619.16	4619.16	4617.80	4618.55	278	0	10
2026.08.26	14:50:00	4618.55	4620.22	4618.55	4618.72	242	0	10
2026.08.26	14:51:00	4618.72	4619.16	4617.55	4618.25	296	0	10
2026.08.26	14:52:00	4618.24	4619.83	4617.79	4619.83	267	0	10
2026.08.26	14:53:00	4619.83	4619.83	4618.54	4618.78	179	0	10
2026.08.26	14:54:00	4618.79	4620.19	4618.75	4619.62	248	0	10
2026.08.26	14:55:00	4619.62	4620.20	4619.22	4620.01	178	0	10
2026.08.26	14:56:00	4620.01	4621.67	4619.77	4621.65	150	0	10
2026.08.26	14:57:00	4621.65	4624.50	4621.43	4624.20	297	0	10
2026.08.26	14:58:00	4624.20	4625.06	4624.11	4624.57	286	0	10
2026.08.26	14:59:00	4624.57	4625.21	4623.86	4624.62	290	0	10
2026.08.26	15:00:00	4624.63	4625.65	4623.66	4625.54	445	0	10
2026.08.26	15:01:00	4625.52	4627.84	4625.14	4627.03	391	0	10
2026.08.26	15:02:00	4627.04	4629.31	4626.92	4628.44	414	0	10
2026.08.26	15:03:00	4628.42	4628.87	4625.24	4626.86	384	0	10
2026.08.26	15:04:00	4626.88	4627.43	4626.38	4627.43	256	0	10
2026.08.26	15:05:00	4627.42	4628.50	4627.40	4628.50	215	0	10
2026.08.26	15:06:00	4628.50	4629.74	4628.45	4628.73	328	0	10
2026.08.26	15:07:00	4628.73	4628.79	4627.95	4628.39	243	0	10
2026.08.26	15:08:00	4628.41	4629.17	4627.55	4627.79	224	0	10
2026.08.26	15:09:00	4627.79	4628.32	4626.97	4627.30	257	0	10
2026.08.26	15:10:00	4627.30	4628.16	4625.46	4626.02	241	0	10
2026.08.26	15:11:00	4626.02	4626.44	4625.28	4626.19	248	0	10
2026.08.26	15:12:00	4626.19	4627.43	4626.10	4626.67	307	0	10
2026.08.26	15:13:00	4626.67	4627.86	4626.52	4627.26	235	0	10
2026.08.26	15:14:00	4627.14	4627.55	4625.61	4625.61	255	0	10
2026.08.26	15:15:00	4625.61	4626.48	4625.07	4625.60	216	0	10
2026.08.26	15:16:00	4625.59	4625.59	4624.56	4625.03	246	0	10
2026.08.26	15:17:00	4625.03	4627.61	4624.99	4627.40	212	0	10
2026.08.26	15:18:00	4627.40	4629.58	4627.16	4628.51	245	0	10
2026.08.26	15:19:00	4628.51	4630.04	4628.42	4629.04	270	0	10
2026.08.26	15:20:00	4629.03	4629.69	4626.64	4628.31	338	0	10
2026.08.26	15:21:00	4628.31	4629.48	4627.10	4627.55	301	0	10
2026.08.26	15:22:00	4627.55	4628.23	4626.66	4626.83	268	0	10
2026.08.26	15:23:00	4626.83	4628.08	4625.70	4625.80	324	0	10
2026.08.26	15:24:00	4625.80	4626.71	4625.27	4626.28	352	0	10
2026.08.26	15:25:00	4626.28	4627.77	4625.74	4626.79	404	0	10
2026.08.26	15:26:00	4626.77	4629.32	4626.70	4629.07	289	0	10
2026.08.26	15:27:00	4629.05	4630.37	4628.75	4629.85	270	0	10
2026.08.26	15:28:00	4629.87	4630.16	4627.99	4628.34	282	0	10
2026.08.26	15:29:00	4628.34	4630.50	4627.86	4630.47	266	0	10
2026.08.26	15:30:00	4630.46	4633.40	4615.55	4619.45	936	0	10
2026.08.26	15:31:00	4619.47	4621.41	4612.58	4615.14	915	0	10
2026.08.26	15:32:00	4615.06	4620.29	4614.72	4617.54	682	0	10
2026.08.26	15:33:00	4617.47	4621.83	4616.13	4620.81	653	0	10
2026.08.26	15:34:00	4620.81	4626.22	4620.81	4623.30	655	0	10
2026.08.26	15:35:00	4623.30	4625.17	4618.01	4620.07	688	0	10
2026.08.26	15:36:00	4620.07	4622.28	4618.10	4621.52	587	0	10
2026.08.26	15:37:00	4621.52	4625.89	4621.35	4624.57	506	0	10
2026.08.26	15:38:00	4624.57	4625.52	4619.65	4620.32	480	0	10
2026.08.26	15:39:00	4620.32	4623.37	4619.86	4622.18	387	0	10
2026.08.26	15:40:00	4622.18	4622.43	4616.88	4618.33	557	0	10
2026.08.26	15:41:00	4618.34	4621.67	4618.20	4618.57	537	0	10
2026.08.26	15:42:00	4618.57	4619.87	4614.69	4618.10	546	0	10
2026.08.26	15:43:00	4618.10	4624.51	4617.17	4624.26	525	0	10
2026.08.26	15:44:00	4624.22	4625.48	4622.47	4622.50	499	0	10
2026.08.26	15:45:00	4622.49	4624.96	4621.36	4623.50	483	0	10
2026.08.26	15:46:00	4623.51	4623.70	4618.53	4619.52	491	0	10
2026.08.26	15:47:00	4619.55	4620.32	4618.58	4618.80	383	0	10
2026.08.26	15:48:00	4618.80	4623.73	4618.55	4623.55	389	0	10
2026.08.26	15:49:00	4623.55	4624.53	4622.62	4623.86	266	0	10
2026.08.26	15:50:00	4623.92	4625.58	4623.74	4624.83	425	0	10
2026.08.26	15:51:00	4624.83	4626.35	4622.48	4624.04	475	0	10
2026.08.26	15:52:00	4624.04	4624.04	4618.00	4619.01	468	0	10
2026.08.26	15:53:00	4619.01	4620.25	4618.15	4619.79	340	0	10
2026.08.26	15:54:00	4619.79	4619.79	4610.93	4616.37	692	0	10
2026.08.26	15:55:00	4616.43	4618.06	4614.21	4614.89	625	0	10
2026.08.26	15:56:00	4614.89	4617.56	4614.89	4616.85	484	0	10
2026.08.26	15:57:00	4616.85	4618.57	4616.07	4618.19	319	0	10
2026.08.26	15:58:00	4618.21	4618.63	4613.01	4613.56	523	0	10
2026.08.26	15:59:00	4613.64	4616.88	4613.64	4614.45	509	0	10
2026.08.26	16:00:00	4614.48	4615.08	4609.17	4614.99	870	0	10
2026.08.26	16:01:00	4614.95	4619.10	4612.10	4618.36	652	0	10
2026.08.26	16:02:00	4618.34	4621.48	4617.75	4620.97	534	0	10
2026.08.26	16:03:00	4620.97	4621.25	4612.56	4613.29	558	0	10
2026.08.26	16:04:00	4613.29	4614.94	4612.20	4612.23	454	0	10
2026.08.26	16:05:00	4612.23	4613.34	4609.39	4613.02	528	0	10
2026.08.26	16:06:00	4613.02	4617.26	4612.81	4614.17	507	0	10
2026.08.26	16:07:00	4614.17	4614.44	4610.82	4613.07	519	0	10
2026.08.26	16:08:00	4613.08	4614.40	4608.95	4609.93	583	0	10
2026.08.26	16:09:00	4609.93	4611.75	4608.47	4609.20	549	0	10
2026.08.26	16:10:00	4609.20	4612.73	4609.13	4611.19	582	0	10
2026.08.26	16:11:00	4611.20	4611.20	4608.69	4610.46	564	0	10
2026.08.26	16:12:00	4610.46	4612.28	4610.32	4610.48	507	0	10
2026.08.26	16:13:00	4610.48	4611.68	4609.32	4610.22	541	0	10
2026.08.26	16:14:00	4610.19	4613.01	4608.53	4611.25	520	0	10
2026.08.26	16:15:00	4611.35	4613.94	4608.43	4608.43	493	0	10
2026.08.26	16:16:00	4608.43	4608.45	4598.10	4605.36	714	0	10
2026.08.26	16:17:00	4605.36	4607.37	4603.47	4606.48	452	0	10
2026.08.26	16:18:00	4606.42	4613.92	4605.76	4608.95	635	0	10
2026.08.26	16:19:00	4608.95	4612.83	4608.83	4611.37	527	0	10
2026.08.26	16:20:00	4611.38	4614.19	4608.68	4608.81	561	0	10
2026.08.26	16:21:00	4608.72	4608.86	4604.31	4605.69	454	0	10
2026.08.26	16:22:00	4605.68	4608.48	4604.50	4607.94	537	0	10
2026.08.26	16:23:00	4608.10	4612.33	4608.09	4610.99	516	0	10
2026.08.26	16:24:00	4610.99	4611.06	4608.13	4609.30	480	0	10
2026.08.26	16:25:00	4609.32	4610.51	4607.66	4607.82	471	0	10
2026.08.26	16:26:00	4607.82	4607.82	4605.39	4607.70	472	0	10
2026.08.26	16:27:00	4607.71	4608.40	4606.15	4607.80	532	0	10
2026.08.26	16:28:00	4607.78	4609.99	4606.68	4609.83	518	0	10
2026.08.26	16:29:00	4609.83	4612.71	4609.35	4611.19	532	0	10
2026.08.26	16:30:00	4611.43	4616.92	4611.35	4615.65	876	0	10
2026.08.26	16:31:00	4615.62	4616.50	4612.86	4614.74	811	0	10
2026.08.26	16:32:00	4614.67	4614.67	4610.46	4613.22	799	0	10
2026.08.26	16:33:00	4613.19	4617.82	4612.52	4617.21	716	0	10
2026.08.26	16:34:00	4617.21	4619.00	4615.77	4615.77	696	0	10
2026.08.26	16:35:00	4615.77	4616.44	4613.16	4613.49	804	0	10
2026.08.26	16:36:00	4613.49	4616.56	4612.60	4616.53	816	0	10
2026.08.26	16:37:00	4616.53	4617.10	4612.94	4616.32	774	0	10
2026.08.26	16:38:00	4616.30	4616.57	4612.72	4613.75	739	0	10
2026.08.26	16:39:00	4613.74	4616.40	4613.18	4613.41	703	0	10
2026.08.26	16:40:00	4613.38	4617.61	4612.03	4615.25	651	0	10
2026.08.26	16:41:00	4615.24	4618.69	4613.40	4618.43	647	0	10
2026.08.26	16:42:00	4618.42	4619.99	4616.64	4618.74	712	0	10
2026.08.26	16:43:00	4618.73	4621.14	4617.78	4620.03	715	0	10
2026.08.26	16:44:00	4620.03	4622.99	4619.66	4619.69	743	0	10
2026.08.26	16:45:00	4619.69	4621.35	4618.33	4620.68	661	0	10
2026.08.26	16:46:00	4620.68	4623.63	4620.44	4621.77	626	0	10
2026.08.26	16:47:00	4621.79	4624.00	4621.36	4621.64	685	0	10
2026.08.26	16:48:00	4621.64	4625.20	4621.00	4623.25	705	0	10
2026.08.26	16:49:00	4623.12	4625.68	4620.14	4625.60	736	0	10
2026.08.26	16:50:00	4625.59	4626.84	4623.72	4624.61	784	0	10
2026.08.26	16:51:00	4624.61	4627.10	4622.66	4626.89	774	0	10
2026.08.26	16:52:00	4626.90	4628.89	4625.04	4625.68	732	0	10
2026.08.26	16:53:00	4625.70	4627.28	4622.78	4625.48	580	0	10
2026.08.26	16:54:00	4625.48	4627.87	4623.46	4623.82	647	0	10
2026.08.26	16:55:00	4623.83	4628.63	4623.83	4627.56	689	0	10
2026.08.26	16:56:00	4627.58	4629.14	4627.07	4628.39	608	0	10
2026.08.26	16:57:00	4628.37	4630.89	4627.97	4630.04	620	0	10
2026.08.26	16:58:00	4630.09	4630.42	4627.96	4629.42	559	0	10
2026.08.26	16:59:00	4629.51	4631.97	4629.16	4631.59	600	0	10
2026.08.26	17:00:00	4631.59	4633.56	4629.31	4629.96	844	0	10
2026.08.26	17:01:00	4629.96	4630.69	4624.96	4625.03	814	0	10
2026.08.26	17:02:00	4625.06	4627.10	4622.72	4624.16	757	0	10
2026.08.26	17:03:00	4624.17	4629.29	4624.11	4627.64	702	0	10
2026.08.26	17:04:00	4627.64	4627.65	4623.09	4624.12	639	0	10
2026.08.26	17:05:00	4624.12	4624.99	4622.58	4623.56	715	0	10
2026.08.26	17:06:00	4623.58	4625.80	4622.39	4625.46	699	0	10
2026.08.26	17:07:00	4625.41	4626.06	4623.39	4624.14	638	0	10
2026.08.26	17:08:00	4624.15	4625.27	4620.68	4622.48	662	0	10
2026.08.26	17:09:00	4622.48	4623.73	4621.94	4622.92	466	0	10
2026.08.26	17:10:00	4622.92	4627.03	4622.74	4626.38	454	0	10
2026.08.26	17:11:00	4626.38	4627.07	4622.32	4622.32	459	0	10
2026.08.26	17:12:00	4622.32	4624.43	4620.47	4623.85	505	0	10
2026.08.26	17:13:00	4623.83	4624.25	4622.17	4622.17	480	0	10
2026.08.26	17:14:00	4622.17	4622.17	4619.49	4620.32	506	0	10
2026.08.26	17:15:00	4620.36	4620.95	4619.42	4620.59	553	0	10
2026.08.26	17:16:00	4620.59	4622.35	4619.92	4621.83	483	0	10
2026.08.26	17:17:00	4621.83	4623.92	4620.20	4621.39	501	0	10
2026.08.26	17:18:00	4621.39	4623.89	4620.60	4623.50	564	0	10
2026.08.26	17:19:00	4623.50	4624.34	4621.82	4623.02	488	0	10
2026.08.26	17:20:00	4623.02	4624.17	4621.88	4623.76	490	0	10
2026.08.26	17:21:00	4623.76	4625.46	4623.20	4624.15	533	0	10
2026.08.26	17:22:00	4624.16	4626.86	4622.95	4624.02	512	0	10
2026.08.26	17:23:00	4624.00	4624.27	4620.26	4620.36	508	0	10
2026.08.26	17:24:00	4620.36	4621.39	4619.23	4621.07	547	0	10
2026.08.26	17:25:00	4621.07	4621.22	4618.42	4618.72	551	0	10
2026.08.26	17:26:00	4618.72	4618.95	4616.24	4618.95	647	0	10
2026.08.26	17:27:00	4618.94	4619.39	4617.39	4617.66	567	0	10
2026.08.26	17:28:00	4617.66	4619.66	4617.23	4618.92	549	0	10
2026.08.26	17:29:00	4618.93	4619.06	4616.46	4616.70	473	0	10
2026.08.26	17:30:00	4616.70	4618.02	4615.73	4617.58	585	0	10
2026.08.26	17:31:00	4617.58	4618.86	4615.66	4617.33	581	0	10
2026.08.26	17:32:00	4617.26	4617.55	4614.76	4616.48	477	0	10
2026.08.26	17:33:00	4616.48	4617.93	4615.70	4617.38	499	0	10
2026.08.26	17:34:00	4617.38	4619.46	4616.32	4618.33	457	0	10
2026.08.26	17:35:00	4618.23	4618.40	4616.76	4617.99	478	0	10
2026.08.26	17:36:00	4618.09	4618.45	4615.41	4615.48	527	0	10
2026.08.26	17:37:00	4615.49	4617.22	4612.90	4616.07	580	0	10
2026.08.26	17:38:00	4616.07	4616.74	4613.92	4615.32	483	0	10
2026.08.26	17:39:00	4615.32	4618.65	4614.76	4617.03	505	0	10
2026.08.26	17:40:00	4617.03	4620.31	4617.00	4620.21	406	0	10
2026.08.26	17:41:00	4620.20	4622.00	4619.31	4621.73	455	0	10
2026.08.26	17:42:00	4621.73	4622.99	4620.26	4621.30	383	0	10
2026.08.26	17:43:00	4621.30	4622.78	4620.85	4622.56	425	0	10
2026.08.26	17:44:00	4622.56	4622.85	4621.81	4621.90	343	0	10
2026.08.26	17:45:00	4621.92	4622.83	4620.86	4621.03	494	0	10
2026.08.26	17:46:00	4621.03	4621.25	4615.99	4617.82	558	0	10
2026.08.26	17:47:00	4617.82	4617.82	4612.47	4612.90	622	0	10
2026.08.26	17:48:00	4612.90	4614.25	4612.10	4614.09	526	0	10
2026.08.26	17:49:00	4614.09	4614.09	4611.87	4612.80	448	0	10
2026.08.26	17:50:00	4612.80	4614.37	4612.21	4612.81	370	0	10
2026.08.26	17:51:00	4612.81	4613.52	4611.65	4611.98	390	0	10
2026.08.26	17:52:00	4611.98	4613.01	4610.54	4612.24	456	0	10
2026.08.26	17:53:00	4612.24	4612.66	4610.21	4610.42	427	0	10
2026.08.26	17:54:00	4610.42	4611.17	4606.14	4607.60	657	0	10
2026.08.26	17:55:00	4607.85	4612.50	4607.85	4611.66	629	0	10
2026.08.26	17:56:00	4611.65	4612.15	4606.46	4606.61	540	0	10
2026.08.26	17:57:00	4606.55	4608.78	4605.89	4607.19	567	0	10
2026.08.26	17:58:00	4607.19	4608.27	4606.89	4607.34	458	0	10
2026.08.26	17:59:00	4607.44	4608.31	4602.94	4603.10	517	0	10
2026.08.26	18:00:00	4603.10	4605.57	4601.70	4601.71	652	0	10
2026.08.26	18:01:00	4601.71	4603.09	4599.84	4602.04	636	0	10
2026.08.26	18:02:00	4602.04	4602.81	4593.12	4596.35	704	0	10
2026.08.26	18:03:00	4596.35	4601.04	4593.43	4600.63	713	0	10
2026.08.26	18:04:00	4600.63	4600.92	4595.96	4598.60	592	0	10
2026.08.26	18:05:00	4598.57	4598.57	4589.25	4591.16	689	0	10
2026.08.26	18:06:00	4591.19	4591.46	4588.25	4590.76	747	0	10
2026.08.26	18:07:00	4590.76	4593.71	4588.71	4593.06	714	0	10
2026.08.26	18:08:00	4593.06	4595.31	4591.42	4595.04	544	0	10
2026.08.26	18:09:00	4595.05	4598.87	4594.96	4597.79	577	0	10
2026.08.26	18:10:00	4597.81	4599.81	4597.11	4598.99	647	0	10
2026.08.26	18:11:00	4598.96	4599.41	4594.23	4594.38	524	0	10
2026.08.26	18:12:00	4594.32	4596.19	4593.66	4595.92	466	0	10
2026.08.26	18:13:00	4595.92	4597.37	4589.97	4590.73	572	0	10
2026.08.26	18:14:00	4590.73	4591.76	4588.06	4588.90	645	0	10
2026.08.26	18:15:00	4588.91	4589.60	4586.00	4587.59	671	0	10
2026.08.26	18:16:00	4587.73	4587.89	4583.01	4583.51	616	0	10
2026.08.26	18:17:00	4583.46	4588.11	4583.30	4587.90	616	0	10
2026.08.26	18:18:00	4587.90	4592.36	4587.21	4592.36	535	0	10
2026.08.26	18:19:00	4592.36	4594.12	4590.53	4590.92	553	0	10
2026.08.26	18:20:00	4590.90	4591.99	4589.17	4591.99	610	0	10
2026.08.26	18:21:00	4592.09	4594.13	4591.12	4593.64	508	0	10
2026.08.26	18:22:00	4593.64	4594.00	4592.03	4592.79	569	0	10
2026.08.26	18:23:00	4592.79	4593.20	4590.19	4591.65	559	0	10
2026.08.26	18:24:00	4591.57	4592.99	4589.58	4591.84	485	0	10
2026.08.26	18:25:00	4591.84	4593.09	4591.12	4592.13	465	0	10
2026.08.26	18:26:00	4592.11	4593.76	4590.72	4592.20	537	0	10
2026.08.26	18:27:00	4592.20	4595.44	4591.63	4594.78	623	0	10
2026.08.26	18:28:00	4594.83	4597.48	4593.95	4597.46	568	0	10
2026.08.26	18:29:00	4597.46	4598.13	4594.64	4594.73	597	0	10
2026.08.26	18:30:00	4594.73	4596.70	4594.42	4596.15	450	0	10
2026.08.26	18:31:00	4596.15	4597.32	4595.59	4596.53	328	0	10
2026.08.26	18:32:00	4596.60	4598.09	4596.44	4597.11	413	0	10
2026.08.26	18:33:00	4597.10	4597.20	4595.61	4596.54	421	0	10
2026.08.26	18:34:00	4596.54	4598.31	4595.29	4598.17	454	0	10
2026.08.26	18:35:00	4598.17	4600.20	4598.13	4598.42	519	0	10
2026.08.26	18:36:00	4598.43	4600.10	4598.01	4599.05	471	0	10
2026.08.26	18:37:00	4599.05	4600.29	4599.05	4599.69	467	0	10
2026.08.26	18:38:00	4599.69	4599.89	4597.91	4598.11	379	0	10
2026.08.26	18:39:00	4598.05	4601.51	4597.29	4601.51	450	0	10
2026.08.26	18:40:00	4601.53	4603.07	4601.42	4601.77	385	0	10
2026.08.26	18:41:00	4601.77	4602.73	4600.17	4602.46	396	0	10
2026.08.26	18:42:00	4602.46	4603.07	4601.82	4602.46	298	0	10
2026.08.26	18:43:00	4602.46	4603.66	4602.13	4603.65	291	0	10
2026.08.26	18:44:00	4603.65	4604.80	4603.30	4604.80	365	0	10
2026.08.26	18:45:00	4604.89	4606.59	4604.50	4606.44	387	0	10
2026.08.26	18:46:00	4606.44	4606.94	4605.95	4606.28	377	0	10
2026.08.26	18:47:00	4606.28	4607.70	4606.10	4607.24	292	0	10
2026.08.26	18:48:00	4607.24	4608.66	4607.09	4608.60	407	0	10
2026.08.26	18:49:00	4608.60	4609.34	4608.07	4608.38	289	0	10
2026.08.26	18:50:00	4608.38	4608.58	4605.94	4607.11	445	0	10
2026.08.26	18:51:00	4607.11	4607.63	4601.97	4601.97	582	0	10
2026.08.26	18:52:00	4601.92	4602.98	4600.52	4601.59	737	0	10
2026.08.26	18:53:00	4601.58	4601.70	4598.34	4599.82	500	0	10
2026.08.26	18:54:00	4599.82	4600.59	4599.41	4600.35	409	0	10
2026.08.26	18:55:00	4600.35	4601.21	4599.24	4599.48	524	0	10
2026.08.26	18:56:00	4599.49	4603.47	4599.45	4603.46	457	0	10
2026.08.26	18:57:00	4603.46	4604.05	4600.79	4600.81	450	0	10
2026.08.26	18:58:00	4600.72	4600.72	4598.23	4598.40	432	0	10
2026.08.26	18:59:00	4598.40	4598.67	4596.15	4596.18	423	0	10
2026.08.26	19:00:00	4596.22	4597.28	4592.95	4592.95	574	0	10
2026.08.26	19:01:00	4592.93	4595.12	4590.60	4594.75	674	0	10
2026.08.26	19:02:00	4594.75	4599.10	4594.13	4597.01	441	0	10
2026.08.26	19:03:00	4596.98	4597.42	4595.75	4596.58	423	0	10
2026.08.26	19:04:00	4596.58	4599.03	4595.83	4597.47	463	0	10
2026.08.26	19:05:00	4597.46	4601.28	4596.97	4601.20	478	0	10
2026.08.26	19:06:00	4601.20	4601.58	4599.29	4600.04	451	0	10
2026.08.26	19:07:00	4600.04	4600.11	4598.05	4599.90	354	0	10
2026.08.26	19:08:00	4599.90	4601.26	4599.67	4600.00	397	0	10
2026.08.26	19:09:00	4600.02	4600.80	4599.47	4599.62	354	0	10
2026.08.26	19:10:00	4599.62	4600.07	4597.36	4597.66	497	0	10
2026.08.26	19:11:00	4597.66	4599.05	4597.22	4598.56	465	0	10
2026.08.26	19:12:00	4598.54	4599.82	4597.47	4597.79	370	0	10
2026.08.26	19:13:00	4597.70	4599.30	4597.47	4598.66	298	0	10
2026.08.26	19:14:00	4598.66	4600.58	4598.39	4600.27	380	0	10
2026.08.26	19:15:00	4600.35	4601.01	4597.29	4598.21	442	0	10
2026.08.26	19:16:00	4598.21	4598.96	4597.84	4598.02	401	0	10
2026.08.26	19:17:00	4598.02	4598.69	4597.14	4597.95	404	0	10
2026.08.26	19:18:00	4597.95	4599.43	4597.75	4598.16	365	0	10
2026.08.26	19:19:00	4598.16	4599.57	4597.79	4599.37	375	0	10
2026.08.26	19:20:00	4599.37	4599.88	4597.25	4599.74	459	0	10
2026.08.26	19:21:00	4599.74	4599.93	4597.14	4598.90	421	0	10
2026.08.26	19:22:00	4598.90	4599.16	4594.94	4594.95	388	0	10
2026.08.26	19:23:00	4594.95	4596.19	4594.14	4595.97	313	0	10
2026.08.26	19:24:00	4595.97	4596.67	4595.62	4596.06	278	0	10
2026.08.26	19:25:00	4596.06	4597.11	4595.36	4596.06	440	0	10
2026.08.26	19:26:00	4596.05	4596.94	4595.18	4596.18	400	0	10
2026.08.26	19:27:00	4596.18	4597.31	4594.32	4595.27	345	0	10
2026.08.26	19:28:00	4595.27	4596.30	4595.15	4595.27	262	0	10
2026.08.26	19:29:00	4595.52	4596.06	4594.82	4595.03	321	0	10
2026.08.26	19:30:00	4594.96	4596.37	4594.01	4594.21	360	0	10
2026.08.26	19:31:00	4594.23	4594.85	4593.51	4593.71	408	0	10
2026.08.26	19:32:00	4593.71	4594.76	4593.49	4593.96	394	0	10
2026.08.26	19:33:00	4593.96	4594.68	4592.99	4593.61	388	0	10
2026.08.26	19:34:00	4593.61	4594.63	4593.20	4594.24	335	0	10
2026.08.26	19:35:00	4594.20	4594.20	4592.14	4593.27	328	0	10
2026.08.26	19:36:00	4593.27	4594.89	4592.83	4594.15	330	0	10
2026.08.26	19:37:00	4594.15	4595.41	4591.26	4592.40	365	0	10
2026.08.26	19:38:00	4592.42	4592.57	4589.08	4589.56	426	0	10
2026.08.26	19:39:00	4589.56	4589.85	4586.87	4587.25	398	0	10
2026.08.26	19:40:00	4587.27	4590.38	4585.74	4590.11	419	0	10
2026.08.26	19:41:00	4590.11	4590.61	4588.92	4590.51	266	0	10
2026.08.26	19:42:00	4590.51	4590.97	4589.65	4590.70	267	0	10
2026.08.26	19:43:00	4590.70	4591.47	4589.98	4590.08	304	0	10
2026.08.26	19:44:00	4590.08	4590.13	4587.56	4588.28	319	0	10
2026.08.26	19:45:00	4588.28	4590.36	4588.11	4589.45	344	0	10
2026.08.26	19:46:00	4589.45	4591.47	4589.39	4591.04	280	0	10
2026.08.26	19:47:00	4591.04	4593.55	4590.88	4593.07	302	0	10
2026.08.26	19:48:00	4593.07	4594.28	4592.73	4594.00	324	0	10
2026.08.26	19:49:00	4594.00	4594.94	4593.89	4594.87	312	0	10
2026.08.26	19:50:00	4594.91	4596.79	4594.66	4595.79	416	0	10
2026.08.26	19:51:00	4595.80	4596.20	4592.14	4592.24	460	0	10
2026.08.26	19:52:00	4592.24	4592.29	4589.13	4589.71	429	0	10
2026.08.26	19:53:00	4589.70	4590.43	4589.32	4589.79	368	0	10
2026.08.26	19:54:00	4589.79	4590.56	4589.39	4589.62	330	0	10
2026.08.26	19:55:00	4589.59	4589.68	4588.48	4589.14	424	0	10
2026.08.26	19:56:00	4589.14	4590.43	4589.14	4589.96	311	0	10
2026.08.26	19:57:00	4589.96	4590.75	4589.10	4590.12	411	0	10
2026.08.26	19:58:00	4590.12	4592.09	4589.97	4591.64	348	0	10
2026.08.26	19:59:00	4591.64	4591.87	4591.07	4591.60	321	0	10
2026.08.26	20:00:00	4591.60	4593.41	4591.60	4593.41	327	0	10
2026.08.26	20:01:00	4593.41	4593.41	4591.58	4592.57	325	0	10
2026.08.26	20:02:00	4592.57	4593.25	4591.32	4592.43	356	0	10
2026.08.26	20:03:00	4592.43	4593.31	4591.83	4593.02	299	0	10
2026.08.26	20:04:00	4593.02	4593.87	4592.83	4593.27	386	0	10
2026.08.26	20:05:00	4593.26	4593.41	4591.33	4591.67	356	0	10
2026.08.26	20:06:00	4591.67	4592.38	4590.72	4592.38	308	0	10
2026.08.26	20:07:00	4592.38	4595.68	4592.21	4595.50	363	0	10
2026.08.26	20:08:00	4595.50	4596.19	4594.85	4595.50	285	0	10
2026.08.26	20:09:00	4595.54	4596.18	4594.10	4594.34	280	0	10
2026.08.26	20:10:00	4594.34	4594.86	4593.53	4593.66	274	0	10
2026.08.26	20:11:00	4593.66	4594.16	4593.33	4593.44	252	0	10
2026.08.26	20:12:00	4593.44	4595.15	4593.42	4594.61	315	0	10
2026.08.26	20:13:00	4594.61	4594.80	4593.45	4593.98	205	0	10
2026.08.26	20:14:00	4594.02	4595.35	4593.67	4594.85	251	0	10
2026.08.26	20:15:00	4594.85	4595.70	4594.73	4595.38	300	0	10
2026.08.26	20:16:00	4595.39	4595.67	4594.74	4595.38	249	0	10
2026.08.26	20:17:00	4595.38	4595.59	4593.60	4593.65	231	0	10
2026.08.26	20:18:00	4593.69	4594.76	4593.60	4594.08	242	0	10
2026.08.26	20:19:00	4594.08	4596.08	4594.02	4596.07	304	0	10
2026.08.26	20:20:00	4596.13	4596.76	4595.80	4596.29	274	0	10
2026.08.26	20:21:00	4596.29	4598.98	4596.22	4598.07	365	0	10
2026.08.26	20:22:00	4598.06	4598.33	4597.00	4597.27	326	0	10
2026.08.26	20:23:00	4597.27	4598.20	4596.12	4596.82	379	0	10
2026.08.26	20:24:00	4596.82	4597.98	4595.28	4596.65	400	0	10
2026.08.26	20:25:00	4596.65	4596.71	4594.29	4595.26	349	0	10
2026.08.26	20:26:00	4595.26	4596.39	4595.24	4596.11	276	0	10
2026.08.26	20:27:00	4596.12	4596.76	4595.10	4595.66	288	0	10
2026.08.26	20:28:00	4595.66	4597.67	4595.66	4597.67	344	0	10
2026.08.26	20:29:00	4597.67	4598.56	4596.42	4597.78	543	0	10
2026.08.26	20:30:00	4597.78	4599.68	4596.81	4599.67	384	0	10
2026.08.26	20:31:00	4599.67	4599.67	4597.85	4598.39	405	0	10
2026.08.26	20:32:00	4598.39	4599.80	4597.73	4599.78	298	0	10
2026.08.26	20:33:00	4599.75	4601.69	4599.27	4601.58	288	0	10
2026.08.26	20:34:00	4601.64	4602.32	4600.93	4600.98	275	0	10
2026.08.26	20:35:00	4600.99	4601.42	4599.48	4599.56	319	0	10
2026.08.26	20:36:00	4599.56	4599.96	4596.07	4596.34	260	0	10
2026.08.26	20:37:00	4596.34	4598.10	4596.34	4597.66	236	0	10
2026.08.26	20:38:00	4597.66	4597.94	4597.48	4597.63	136	0	10
2026.08.26	20:39:00	4597.63	4598.02	4596.68	4596.69	180	0	10
2026.08.26	20:40:00	4596.69	4598.81	4596.66	4598.65	246	0	10
2026.08.26	20:41:00	4598.65	4599.36	4598.30	4598.68	212	0	10
2026.08.26	20:42:00	4598.68	4599.28	4597.59	4597.69	236	0	10
2026.08.26	20:43:00	4597.69	4597.80	4595.78	4596.59	324	0	10
2026.08.26	20:44:00	4596.59	4597.42	4596.30	4597.20	201	0	10
2026.08.26	20:45:00	4597.20	4598.88	4596.93	4598.20	196	0	10
2026.08.26	20:46:00	4598.20	4598.37	4597.03	4597.14	182	0	10
2026.08.26	20:47:00	4597.14	4597.62	4596.92	4597.61	219	0	10
2026.08.26	20:48:00	4597.61	4597.89	4596.31	4597.13	222	0	10
2026.08.26	20:49:00	4597.06	4598.41	4597.06	4598.31	182	0	10
2026.08.26	20:50:00	4598.31	4598.87	4598.24	4598.63	163	0	10
2026.08.26	20:51:00	4598.63	4598.84	4597.87	4598.56	173	0	10
2026.08.26	20:52:00	4598.57	4599.32	4598.23	4598.92	167	0	10
2026.08.26	20:53:00	4598.93	4599.13	4598.46	4598.63	144	0	10
2026.08.26	20:54:00	4598.64	4598.96	4597.27	4597.47	264	0	10
2026.08.26	20:55:00	4597.47	4597.60	4595.41	4595.60	280	0	10
2026.08.26	20:56:00	4595.60	4595.94	4594.25	4595.38	215	0	10
2026.08.26	20:57:00	4595.38	4596.62	4595.26	4596.59	233	0	10
2026.08.26	20:58:00	4596.59	4597.61	4596.34	4596.74	251	0	10
2026.08.26	20:59:00	4596.74	4597.87	4596.51	4597.80	221	0	10
2026.08.26	21:00:00	4597.80	4598.10	4596.71	4597.42	362	0	10
2026.08.26	21:01:00	4597.42	4600.08	4597.20	4599.16	290	0	10
2026.08.26	21:02:00	4599.18	4600.04	4598.79	4599.95	314	0	10
2026.08.26	21:03:00	4599.96	4602.71	4599.96	4602.16	405	0	10
2026.08.26	21:04:00	4602.23	4603.38	4601.83	4602.90	337	0	10
2026.08.26	21:05:00	4602.90	4604.23	4602.80	4603.68	313	0	10
2026.08.26	21:06:00	4603.68	4604.60	4602.29	4602.29	311	0	10
2026.08.26	21:07:00	4602.29	4602.37	4600.81	4601.11	269	0	10
2026.08.26	21:08:00	4601.11	4601.66	4600.61	4601.10	224	0	10
2026.08.26	21:09:00	4601.10	4602.82	4601.10	4602.21	323	0	10
2026.08.26	21:10:00	4602.21	4603.72	4602.12	4603.45	251	0	10
2026.08.26	21:11:00	4603.45	4603.66	4602.84	4603.15	221	0	10
2026.08.26	21:12:00	4603.15	4603.42	4602.06	4602.72	243	0	10
2026.08.26	21:13:00	4602.72	4602.80	4601.96	4602.13	202	0	10
2026.08.26	21:14:00	4602.13	4602.21	4599.85	4600.19	202	0	10
2026.08.26	21:15:00	4600.19	4600.51	4598.31	4598.55	312	0	10
2026.08.26	21:16:00	4598.54	4599.04	4597.80	4598.18	268	0	10
2026.08.26	21:17:00	4598.18	4599.10	4598.17	4598.95	225	0	10
2026.08.26	21:18:00	4598.95	4598.95	4596.42	4596.63	260	0	10
2026.08.26	21:19:00	4596.64	4596.64	4594.99	4595.77	324	0	10
2026.08.26	21:20:00	4595.78	4595.95	4594.78	4594.78	285	0	10
2026.08.26	21:21:00	4594.78	4595.45	4593.73	4593.81	300	0	10
2026.08.26	21:22:00	4593.81	4594.86	4593.16	4594.69	280	0	10
2026.08.26	21:23:00	4594.69	4595.36	4594.08	4594.56	262	0	10
2026.08.26	21:24:00	4594.56	4594.63	4592.84	4593.96	300	0	10
2026.08.26	21:25:00	4594.03	4594.42	4593.27	4593.96	375	0	10
2026.08.26	21:26:00	4593.96	4594.67	4593.09	4594.18	248	0	10
2026.08.26	21:27:00	4594.18	4594.86	4593.54	4594.14	253	0	10
2026.08.26	21:28:00	4594.14	4595.41	4593.73	4594.07	249	0	10
2026.08.26	21:29:00	4594.07	4594.87	4593.35	4594.84	259	0	10
2026.08.26	21:30:00	4594.69	4595.03	4593.67	4593.79	291	0	10
2026.08.26	21:31:00	4593.80	4594.92	4593.56	4594.68	228	0	10
2026.08.26	21:32:00	4594.67	4595.02	4593.62	4594.53	277	0	10
2026.08.26	21:33:00	4594.51	4595.37	4594.19	4594.79	285	0	10
2026.08.26	21:34:00	4594.79	4595.87	4593.47	4593.54	301	0	10
2026.08.26	21:35:00	4593.54	4594.59	4592.55	4594.36	299	0	10
2026.08.26	21:36:00	4594.36	4594.64	4594.02	4594.10	170	0	10
2026.08.26	21:37:00	4594.10	4596.62	4594.10	4595.43	218	0	10
2026.08.26	21:38:00	4595.43	4595.51	4593.18	4594.13	226	0	10
2026.08.26	21:39:00	4594.02	4594.63	4593.63	4594.40	160	0	10
2026.08.26	21:40:00	4594.40	4595.55	4593.87	4595.23	178	0	10
2026.08.26	21:41:00	4595.23	4595.83	4594.92	4595.54	182	0	10
2026.08.26	21:42:00	4595.54	4597.42	4595.52	4597.18	269	0	10
2026.08.26	21:43:00	4597.18	4597.22	4596.16	4596.21	232	0	10
2026.08.26	21:44:00	4596.21	4597.46	4596.00	4596.81	188	0	10
2026.08.26	21:45:00	4596.81	4597.07	4596.14	4597.01	171	0	10
2026.08.26	21:46:00	4597.01	4597.01	4596.31	4596.36	239	0	10
2026.08.26	21:47:00	4596.40	4597.70	4596.40	4597.34	211	0	10
2026.08.26	21:48:00	4597.34	4597.83	4596.42	4596.75	238	0	10
2026.08.26	21:49:00	4596.75	4597.12	4595.97	4596.94	220	0	10
2026.08.26	21:50:00	4596.94	4597.07	4596.38	4596.52	178	0	10
2026.08.26	21:51:00	4596.52	4597.06	4596.52	4596.78	148	0	10
2026.08.26	21:52:00	4596.78	4597.47	4596.66	4597.44	155	0	10
2026.08.26	21:53:00	4597.44	4597.79	4597.22	4597.65	195	0	10
2026.08.26	21:54:00	4597.64	4597.72	4596.24	4596.34	224	0	10
2026.08.26	21:55:00	4596.34	4596.34	4593.36	4593.57	354	0	10
2026.08.26	21:56:00	4593.57	4595.29	4593.57	4595.15	214	0	10
2026.08.26	21:57:00	4595.21	4595.63	4594.97	4595.09	214	0	10
2026.08.26	21:58:00	4595.09	4595.12	4593.92	4594.72	246	0	10
2026.08.26	21:59:00	4594.72	4594.90	4593.77	4593.88	180	0	10
2026.08.26	22:00:00	4593.88	4595.06	4593.61	4594.92	354	0	10
2026.08.26	22:01:00	4594.94	4595.06	4594.18	4594.32	304	0	10
2026.08.26	22:02:00	4594.32	4594.98	4593.63	4593.65	327	0	10
2026.08.26	22:03:00	4593.65	4593.66	4591.21	4591.54	282	0	10
2026.08.26	22:04:00	4591.56	4592.22	4591.21	4592.20	241	0	10
2026.08.26	22:05:00	4592.19	4592.48	4591.21	4591.27	231	0	10
2026.08.26	22:06:00	4591.26	4592.58	4591.10	4592.42	297	0	10
2026.08.26	22:07:00	4592.42	4592.94	4592.25	4592.43	215	0	10
2026.08.26	22:08:00	4592.43	4593.09	4592.06	4592.80	305	0	10
2026.08.26	22:09:00	4592.80	4593.52	4592.53	4593.05	240	0	10
2026.08.26	22:10:00	4593.02	4595.11	4593.00	4594.63	252	0	10
2026.08.26	22:11:00	4594.63	4595.71	4594.62	4595.14	284	0	10
2026.08.26	22:12:00	4595.14	4595.14	4593.05	4593.24	298	0	10
2026.08.26	22:13:00	4593.24	4594.34	4593.22	4593.47	297	0	10
2026.08.26	22:14:00	4593.45	4594.53	4593.22	4594.52	211	0	10
2026.08.26	22:15:00	4594.52	4595.68	4593.83	4595.46	232	0	10
2026.08.26	22:16:00	4595.46	4595.47	4592.02	4593.01	280	0	10
2026.08.26	22:17:00	4593.01	4593.17	4592.02	4592.58	156	0	10
2026.08.26	22:18:00	4592.58	4593.74	4591.75	4592.43	184	0	10
2026.08.26	22:19:00	4592.43	4593.02	4591.87	4591.91	202	0	10
2026.08.26	22:20:00	4591.91	4592.17	4591.38	4591.56	217	0	10
2026.08.26	22:21:00	4591.56	4592.38	4591.55	4592.35	165	0	10
2026.08.26	22:22:00	4592.35	4593.33	4592.24	4593.29	182	0	10
2026.08.26	22:23:00	4593.28	4594.02	4592.96	4593.74	265	0	10
2026.08.26	22:24:00	4593.74	4594.53	4593.67	4594.50	216	0	10
2026.08.26	22:25:00	4594.50	4596.71	4594.43	4596.61	352	0	10
2026.08.26	22:26:00	4596.60	4599.13	4596.52	4598.96	275	0	10
2026.08.26	22:27:00	4598.96	4599.03	4598.19	4598.33	199	0	10
2026.08.26	22:28:00	4598.33	4598.33	4597.33	4597.41	223	0	10
2026.08.26	22:29:00	4597.40	4598.97	4597.40	4598.60	262	0	10
2026.08.26	22:30:00	4598.60	4601.71	4598.52	4600.19	284	0	10
2026.08.26	22:31:00	4600.19	4600.19	4598.34	4599.22	217	0	10
2026.08.26	22:32:00	4599.22	4599.97	4599.14	4599.60	204	0	10
2026.08.26	22:33:00	4599.58	4600.37	4599.17	4599.77	178	0	10
2026.08.26	22:34:00	4599.77	4599.77	4596.88	4597.59	174	0	10
2026.08.26	22:35:00	4597.59	4598.45	4597.11	4597.70	247	0	10
2026.08.26	22:36:00	4597.70	4598.10	4597.52	4597.85	156	0	10
2026.08.26	22:37:00	4597.85	4597.85	4596.46	4597.43	210	0	10
2026.08.26	22:38:00	4597.43	4598.03	4596.92	4597.37	216	0	10
2026.08.26	22:39:00	4597.37	4597.41	4596.77	4596.84	180	0	10
2026.08.26	22:40:00	4596.84	4596.86	4595.45	4596.46	182	0	10
2026.08.26	22:41:00	4596.46	4597.12	4595.96	4596.86	144	0	10
2026.08.26	22:42:00	4596.86	4596.86	4596.01	4596.15	151	0	10
2026.08.26	22:43:00	4596.14	4596.76	4595.13	4595.13	190	0	10
2026.08.26	22:44:00	4595.13	4595.79	4594.39	4595.77	228	0	10
2026.08.26	22:45:00	4595.77	4596.52	4595.61	4596.24	232	0	10
2026.08.26	22:46:00	4596.27	4596.45	4595.70	4596.07	202	0	10
2026.08.26	22:47:00	4596.07	4596.12	4595.06	4595.59	186	0	10
2026.08.26	22:48:00	4595.59	4596.39	4595.03	4596.37	251	0	10
2026.08.26	22:49:00	4596.37	4596.59	4595.18	4595.22	204	0	10
2026.08.26	22:50:00	4595.22	4595.22	4592.52	4593.52	329	0	10
2026.08.26	22:51:00	4593.52	4594.66	4593.52	4594.45	309	0	10
2026.08.26	22:52:00	4594.45	4595.54	4594.20	4594.29	276	0	10
2026.08.26	22:53:00	4594.28	4594.28	4592.82	4593.76	366	0	10
2026.08.26	22:54:00	4593.72	4594.20	4593.39	4593.79	239	0	10
2026.08.26	22:55:00	4593.79	4594.90	4593.74	4594.71	369	0	10
2026.08.26	22:56:00	4594.71	4594.90	4593.80	4594.07	390	0	10
2026.08.26	22:57:00	4594.04	4594.62	4593.35	4593.80	357	0	10
2026.08.26	22:58:00	4593.79	4593.79	4592.52	4593.40	353	0	10
2026.08.26	22:59:00	4593.43	4594.43	4593.02	4594.31	402	0	10
2026.08.26	23:00:00	4594.29	4594.67	4592.89	4593.10	357	0	10
2026.08.26	23:01:00	4593.10	4593.72	4592.95	4593.03	255	0	10
2026.08.26	23:02:00	4593.03	4594.41	4593.01	4594.35	190	0	10
2026.08.26	23:03:00	4594.69	4594.99	4594.23	4594.40	193	0	10
2026.08.26	23:04:00	4594.40	4594.53	4593.70	4594.17	137	0	10
2026.08.26	23:05:00	4594.01	4595.79	4594.00	4595.79	205	0	10
2026.08.26	23:06:00	4595.84	4596.70	4595.68	4596.31	164	0	10
2026.08.26	23:07:00	4596.31	4596.32	4595.62	4596.03	283	0	10
2026.08.26	23:08:00	4596.03	4596.19	4594.89	4594.93	174	0	10
2026.08.26	23:09:00	4594.93	4595.09	4594.33	4594.33	102	0	10
2026.08.26	23:10:00	4594.33	4595.01	4594.08	4594.50	218	0	10
2026.08.26	23:11:00	4594.50	4594.87	4593.15	4593.15	176	0	10
2026.08.26	23:12:00	4593.15	4593.15	4592.52	4592.60	134	0	10
2026.08.26	23:13:00	4592.60	4593.42	4592.39	4593.34	79	0	10
2026.08.26	23:14:00	4593.36	4593.36	4591.64	4591.70	229	0	10
2026.08.26	23:15:00	4591.70	4591.89	4591.46	4591.66	137	0	10
2026.08.26	23:16:00	4591.66	4591.66	4589.67	4590.04	206	0	10
2026.08.26	23:17:00	4590.04	4590.44	4589.15	4589.51	204	0	10
2026.08.26	23:18:00	4589.51	4590.15	4589.37	4589.60	181	0	10
2026.08.26	23:19:00	4589.55	4589.97	4589.38	4589.52	177	0	10
2026.08.26	23:20:00	4589.52	4589.52	4584.19	4584.77	634	0	10
2026.08.26	23:21:00	4584.77	4586.60	4584.23	4585.43	524	0	10
2026.08.26	23:22:00	4585.43	4586.97	4584.67	4586.84	367	0	10
2026.08.26	23:23:00	4586.84	4588.08	4585.77	4587.48	271	0	10
2026.08.26	23:24:00	4587.48	4589.65	4587.48	4589.64	274	0	10
2026.08.26	23:25:00	4589.64	4590.57	4589.25	4590.36	195	0	10
2026.08.26	23:26:00	4590.36	4591.18	4590.35	4590.81	188	0	10
2026.08.26	23:27:00	4590.81	4591.98	4590.73	4591.45	234	0	10
2026.08.26	23:28:00	4591.45	4591.79	4591.10	4591.40	235	0	10
2026.08.26	23:29:00	4591.40	4591.56	4590.93	4591.28	152	0	10
2026.08.26	23:30:00	4591.28	4591.61	4590.34	4590.91	231	0	10
2026.08.26	23:31:00	4590.88	4591.12	4590.68	4591.00	143	0	10
2026.08.26	23:32:00	4591.00	4591.30	4590.81	4591.23	115	0	10
2026.08.26	23:33:00	4591.23	4591.77	4590.64	4590.86	147	0	10
2026.08.26	23:34:00	4590.86	4592.03	4590.86	4591.70	182	0	10
2026.08.26	23:35:00	4591.73	4592.61	4591.73	4592.26	193	0	10
2026.08.26	23:36:00	4592.26	4592.66	4592.14	4592.36	216	0	10
2026.08.26	23:37:00	4592.36	4593.03	4592.11	4592.74	204	0	10
2026.08.26	23:38:00	4592.75	4593.34	4592.75	4593.32	186	0	10
2026.08.26	23:39:00	4593.34	4593.48	4592.84	4593.46	125	0	10
2026.08.26	23:40:00	4593.46	4593.46	4592.08	4592.14	150	0	10
2026.08.26	23:41:00	4592.10	4592.74	4591.87	4592.54	185	0	10
2026.08.26	23:42:00	4592.54	4592.89	4591.65	4591.80	119	0	10
2026.08.26	23:43:00	4591.80	4591.90	4591.36	4591.42	144	0	10
2026.08.26	23:44:00	4591.42	4592.04	4591.26	4592.01	183	0	10
2026.08.26	23:45:00	4592.01	4592.54	4591.64	4591.66	150	0	10
2026.08.26	23:46:00	4591.66	4592.08	4591.60	4591.68	81	0	10
2026.08.26	23:47:00	4591.68	4592.61	4591.46	4592.15	152	0	10
2026.08.26	23:48:00	4592.15	4592.62	4591.98	4592.52	114	0	10
2026.08.26	23:49:00	4592.51	4593.59	4592.21	4593.35	117	0	10
2026.08.26	23:50:00	4593.35	4593.91	4593.22	4593.76	127	0	10
2026.08.26	23:51:00	4593.76	4593.90	4592.76	4592.93	126	0	10
2026.08.26	23:52:00	4592.93	4593.24	4592.75	4592.98	78	0	10
2026.08.26	23:53:00	4592.92	4593.07	4592.38	4592.56	118	0	10
2026.08.26	23:54:00	4592.56	4593.11	4592.26	4592.95	172	0	10
2026.08.26	23:55:00	4592.95	4593.59	4592.86	4593.13	144	0	10
2026.08.26	23:56:00	4593.15	4593.79	4593.09	4593.67	135	0	10
2026.08.26	23:57:00	4593.67	4594.40	4593.61	4594.13	108	0	10
2026.08.26	23:58:00	4594.13	4594.65	4593.93	4594.65	74	0	10
2026.08.27	01:00:00	4596.50	4605.26	4594.51	4604.75	447	0	10
2026.08.27	01:01:00	4604.75	4606.93	4603.07	4604.17	334	0	10
2026.08.27	01:02:00	4604.17	4605.51	4603.05	4603.54	241	0	10
2026.08.27	01:03:00	4603.63	4606.02	4603.32	4604.04	233	0	10
2026.08.27	01:04:00	4604.04	4605.37	4603.03	4603.30	219	0	10
2026.08.27	01:05:00	4603.40	4604.34	4603.20	4603.70	118	0	10
2026.08.27	01:06:00	4603.70	4604.96	4603.70	4604.54	131	0	10
2026.08.27	01:07:00	4604.55	4604.77	4603.31	4604.13	122	0	10
2026.08.27	01:08:00	4604.13	4604.63	4603.19	4603.55	80	0	10
2026.08.27	01:09:00	4603.55	4604.52	4603.31	4604.08	84	0	10
2026.08.27	01:10:00	4604.08	4605.30	4603.40	4603.47	107	0	10
2026.08.27	01:11:00	4603.51	4603.98	4602.63	4602.66	132	0	10
2026.08.27	01:12:00	4602.66	4603.11	4602.51	4603.02	113	0	10
2026.08.27	01:13:00	4603.07	4603.67	4602.10	4602.88	137	0	10
2026.08.27	01:14:00	4602.88	4602.97	4601.91	4602.54	168	0	10
2026.08.27	01:15:00	4602.57	4603.42	4602.52	4602.94	191	0	10
2026.08.27	01:16:00	4602.94	4605.03	4602.41	4604.91	188	0	10
2026.08.27	01:17:00	4604.68	4611.17	4604.55	4610.81	426	0	10
2026.08.27	01:18:00	4610.81	4612.12	4609.80	4611.60	312	0	10
2026.08.27	01:19:00	4611.63	4612.36	4610.12	4610.84	309	0	10
2026.08.27	01:20:00	4610.84	4611.43	4610.03	4610.26	259	0	10
2026.08.27	01:21:00	4610.26	4613.49	4610.24	4612.55	211	0	10
2026.08.27	01:22:00	4612.46	4612.46	4608.35	4608.87	270	0	10
2026.08.27	01:23:00	4608.60	4609.20	4606.30	4606.30	174	0	10
2026.08.27	01:24:00	4606.30	4607.20	4606.12	4606.95	173	0	10
2026.08.27	01:25:00	4606.91	4606.97	4605.73	4606.44	136	0	10
2026.08.27	01:26:00	4606.44	4607.23	4606.04	4607.03	145	0	10
2026.08.27	01:27:00	4607.03	4607.03	4605.63	4606.75	117	0	10
2026.08.27	01:28:00	4606.75	4610.01	4606.47	4609.34	168	0	10
2026.08.27	01:29:00	4609.34	4611.30	4608.56	4610.92	142	0	10
2026.08.27	01:30:00	4610.91	4611.12	4609.70	4610.31	164	0	10
2026.08.27	01:31:00	4610.31	4611.56	4609.87	4611.29	108	0	10
2026.08.27	01:32:00	4611.29	4611.59	4610.52	4610.54	157	0	10
2026.08.27	01:33:00	4610.56	4610.64	4609.73	4609.91	147	0	10
2026.08.27	01:34:00	4609.86	4610.16	4609.63	4609.63	117	0	10
2026.08.27	01:35:00	4609.63	4611.45	4609.33	4610.42	171	0	10
2026.08.27	01:36:00	4610.54	4610.68	4609.76	4609.79	148	0	10
2026.08.27	01:37:00	4609.79	4610.09	4608.74	4608.99	194	0	10
2026.08.27	01:38:00	4608.99	4610.28	4608.99	4609.95	152	0	10
2026.08.27	01:39:00	4609.95	4610.63	4609.70	4610.08	187	0	10
2026.08.27	01:40:00	4610.08	4610.79	4609.33	4609.45	213	0	10
2026.08.27	01:41:00	4609.45	4609.60	4608.69	4609.19	250	0	10
2026.08.27	01:42:00	4609.19	4610.19	4609.04	4610.19	130	0	10
2026.08.27	01:43:00	4610.19	4610.94	4610.16	4610.17	116	0	10
2026.08.27	01:44:00	4610.17	4611.65	4610.11	4610.93	134	0	10
2026.08.27	01:45:00	4610.93	4612.12	4609.27	4609.34	141	0	10
2026.08.27	01:46:00	4609.34	4610.09	4609.21	4609.69	111	0	10
2026.08.27	01:47:00	4609.69	4610.53	4609.19	4610.03	146	0	10
2026.08.27	01:48:00	4610.03	4610.32	4607.88	4607.97	156	0	10
2026.08.27	01:49:00	4608.03	4609.18	4607.87	4609.09	112	0	10
2026.08.27	01:50:00	4609.09	4609.54	4607.86	4608.31	182	0	10
2026.08.27	01:51:00	4608.31	4608.55	4607.10	4607.39	134	0	10
2026.08.27	01:52:00	4607.39	4608.26	4607.08	4607.81	117	0	10
2026.08.27	01:53:00	4607.81	4608.06	4607.58	4607.78	107	0	10
2026.08.27	01:54:00	4607.78	4607.80	4607.28	4607.51	73	0	10
2026.08.27	01:55:00	4607.51	4607.86	4607.33	4607.74	87	0	10
2026.08.27	01:56:00	4607.74	4607.82	4606.91	4607.11	136	0	10
2026.08.27	01:57:00	4607.11	4609.85	4606.93	4609.53	196	0	10
2026.08.27	01:58:00	4609.50	4609.60	4607.73	4607.81	150	0	10
2026.08.27	01:59:00	4607.81	4609.52	4607.78	4609.47	91	0	10
2026.08.27	02:00:00	4609.47	4610.38	4608.96	4610.20	234	0	10
2026.08.27	02:01:00	4610.20	4612.01	4607.85	4608.04	226	0	10
2026.08.27	02:02:00	4608.04	4609.59	4607.02	4609.32	223	0	10
2026.08.27	02:03:00	4609.42	4609.86	4608.70	4608.82	102	0	10
2026.08.27	02:04:00	4608.82	4609.10	4608.21	4608.52	94	0	10
2026.08.27	02:05:00	4608.53	4610.17	4608.32	4610.09	103	0	10
2026.08.27	02:06:00	4610.09	4612.42	4610.08	4611.11	142	0	10
2026.08.27	02:07:00	4611.13	4611.86	4611.05	4611.63	122	0	10
2026.08.27	02:08:00	4611.63	4612.32	4610.34	4610.58	153	0	10
2026.08.27	02:09:00	4610.58	4611.53	4609.95	4611.22	172	0	10
2026.08.27	02:10:00	4611.36	4613.34	4611.36	4613.13	186	0	10
2026.08.27	02:11:00	4613.13	4613.35	4612.46	4612.46	124	0	10
2026.08.27	02:12:00	4612.47	4612.70	4611.66	4611.70	141	0	10
2026.08.27	02:13:00	4611.72	4613.03	4611.70	4612.97	104	0	10
2026.08.27	02:14:00	4612.97	4615.80	4612.79	4615.62	200	0	10
2026.08.27	02:15:00	4615.62	4615.62	4614.46	4615.19	143	0	10
2026.08.27	02:16:00	4615.19	4615.48	4614.81	4615.43	142	0	10
2026.08.27	02:17:00	4615.43	4618.22	4615.32	4617.96	165	0	10
2026.08.27	02:18:00	4617.96	4620.32	4617.33	4619.84	223	0	10
2026.08.27	02:19:00	4619.84	4620.80	4619.29	4620.77	182	0	10
2026.08.27	02:20:00	4620.77	4621.58	4620.59	4621.52	150	0	10
2026.08.27	02:21:00	4621.52	4622.22	4621.49	4622.17	205	0	10
2026.08.27	02:22:00	4622.12	4622.29	4621.31	4622.29	145	0	10
2026.08.27	02:23:00	4622.29	4622.33	4621.53	4622.03	128	0	10
2026.08.27	02:24:00	4622.03	4622.15	4621.19	4621.43	86	0	10
2026.08.27	02:25:00	4621.43	4622.41	4620.88	4622.28	152	0	10
2026.08.27	02:26:00	4622.21	4622.21	4621.31	4621.90	121	0	10
2026.08.27	02:27:00	4621.90	4622.16	4621.39	4621.56	162	0	10
2026.08.27	02:28:00	4621.59	4621.90	4621.47	4621.90	98	0	10
2026.08.27	02:29:00	4621.90	4622.08	4619.73	4620.16	136	0	10
2026.08.27	02:30:00	4620.16	4620.97	4619.90	4620.50	197	0	10
2026.08.27	02:31:00	4620.50	4620.72	4619.52	4619.57	131	0	10
2026.08.27	02:32:00	4619.57	4619.91	4618.53	4618.59	191	0	10
2026.08.27	02:33:00	4618.59	4619.14	4618.25	4619.12	132	0	10
2026.08.27	02:34:00	4619.12	4621.06	4618.88	4621.04	175	0	10
2026.08.27	02:35:00	4621.05	4622.07	4620.49	4621.09	149	0	10
2026.08.27	02:36:00	4621.09	4621.10	4619.88	4620.06	99	0	10
2026.08.27	02:37:00	4620.06	4620.78	4619.55	4620.05	112	0	10
2026.08.27	02:38:00	4620.05	4620.24	4619.15	4619.20	197	0	10
2026.08.27	02:39:00	4619.20	4624.99	4619.20	4624.91	215	0	10
2026.08.27	02:40:00	4624.91	4624.91	4622.43	4623.65	209	0	10
2026.08.27	02:41:00	4623.65	4624.04	4623.34	4623.59	153	0	10
2026.08.27	02:42:00	4623.59	4623.59	4622.38	4622.65	126	0	10
2026.08.27	02:43:00	4622.65	4623.25	4622.40	4623.16	131	0	10
2026.08.27	02:44:00	4623.16	4623.31	4622.37	4622.72	121	0	10
2026.08.27	02:45:00	4622.71	4622.71	4621.42	4621.60	212	0	10
2026.08.27	02:46:00	4621.60	4623.32	4621.01	4622.98	335	0	10
2026.08.27	02:47:00	4622.98	4623.20	4621.59	4622.19	250	0	10
2026.08.27	02:48:00	4622.19	4623.99	4621.98	4623.97	225	0	10
2026.08.27	02:49:00	4624.04	4625.02	4623.22	4623.45	265	0	10
2026.08.27	02:50:00	4623.44	4624.75	4622.94	4624.14	235	0	10
2026.08.27	02:51:00	4624.14	4624.14	4623.39	4623.48	159	0	10
2026.08.27	02:52:00	4623.47	4623.47	4622.35	4622.41	175	0	10
2026.08.27	02:53:00	4622.41	4622.78	4621.22	4621.32	155	0	10
2026.08.27	02:54:00	4621.33	4621.60	4620.95	4621.32	137	0	10
2026.08.27	02:55:00	4621.32	4623.21	4620.94	4622.49	198	0	10
2026.08.27	02:56:00	4622.49	4623.53	4621.46	4622.61	182	0	10
2026.08.27	02:57:00	4622.61	4624.34	4622.05	4623.96	225	0	10
2026.08.27	02:58:00	4623.96	4624.01	4622.80	4622.86	247	0	10
2026.08.27	02:59:00	4622.81	4623.75	4622.71	4623.68	156	0	10
2026.08.27	03:00:00	4623.66	4625.06	4622.65	4624.56	380	0	10
2026.08.27	03:01:00	4624.56	4624.58	4622.69	4624.23	305	0	10
2026.08.27	03:02:00	4624.22	4625.38	4623.85	4624.56	322	0	10
2026.08.27	03:03:00	4624.56	4626.82	4624.41	4625.43	374	0	10
2026.08.27	03:04:00	4625.41	4627.02	4624.33	4624.37	346	0	10
2026.08.27	03:05:00	4624.37	4624.37	4620.95	4621.18	333	0	10
2026.08.27	03:06:00	4621.18	4621.32	4618.13	4618.54	305	0	10
2026.08.27	03:07:00	4618.45	4619.83	4618.39	4618.89	269	0	10
2026.08.27	03:08:00	4618.89	4619.55	4618.38	4619.06	234	0	10
2026.08.27	03:09:00	4619.06	4620.05	4618.18	4618.85	329	0	10
2026.08.27	03:10:00	4618.86	4619.19	4616.92	4617.37	324	0	10
2026.08.27	03:11:00	4617.37	4617.84	4616.76	4617.59	279	0	10
2026.08.27	03:12:00	4617.58	4618.11	4617.39	4617.49	184	0	10
2026.08.27	03:13:00	4617.49	4618.83	4616.25	4618.82	243	0	10
2026.08.27	03:14:00	4618.82	4619.39	4617.63	4618.08	223	0	10
2026.08.27	03:15:00	4618.08	4618.08	4614.39	4615.07	307	0	10
2026.08.27	03:16:00	4615.07	4616.14	4614.86	4615.35	280	0	10
2026.08.27	03:17:00	4615.35	4615.76	4613.35	4614.20	307	0	10
2026.08.27	03:18:00	4614.19	4614.51	4613.85	4614.39	211	0	10
2026.08.27	03:19:00	4614.39	4619.62	4614.38	4619.37	279	0	10
2026.08.27	03:20:00	4619.37	4621.23	4619.32	4620.61	194	0	10
2026.08.27	03:21:00	4620.61	4620.86	4619.39	4619.41	211	0	10
2026.08.27	03:22:00	4619.41	4621.24	4619.39	4621.03	280	0	10
2026.08.27	03:23:00	4621.08	4621.12	4619.20	4619.36	274	0	10
2026.08.27	03:24:00	4619.36	4620.22	4618.46	4620.12	317	0	10
2026.08.27	03:25:00	4620.12	4621.51	4619.85	4619.86	265	0	10
2026.08.27	03:26:00	4619.86	4620.71	4619.04	4619.91	211	0	10
2026.08.27	03:27:00	4619.91	4619.99	4617.31	4617.72	221	0	10
2026.08.27	03:28:00	4617.73	4619.97	4617.73	4619.63	251	0	10
2026.08.27	03:29:00	4619.63	4620.45	4618.72	4619.09	237	0	10
2026.08.27	03:30:00	4619.09	4619.09	4616.73	4617.04	246	0	10
2026.08.27	03:31:00	4617.04	4617.45	4615.00	4615.29	193	0	10
2026.08.27	03:32:00	4615.31	4615.85	4614.06	4614.09	256	0	10
2026.08.27	03:33:00	4614.24	4614.73	4613.52	4614.44	209	0	10
2026.08.27	03:34:00	4614.44	4614.54	4612.99	4613.25	228	0	10
2026.08.27	03:35:00	4613.25	4613.25	4610.28	4611.62	339	0	10
2026.08.27	03:36:00	4611.63	4611.72	4610.19	4610.20	258	0	10
2026.08.27	03:37:00	4610.24	4613.38	4610.20	4613.38	266	0	10
2026.08.27	03:38:00	4613.38	4615.27	4612.53	4612.81	225	0	10
2026.08.27	03:39:00	4612.81	4612.88	4611.73	4612.64	257	0	10
2026.08.27	03:40:00	4612.64	4613.16	4609.92	4611.52	294	0	10
2026.08.27	03:41:00	4611.53	4613.51	4609.66	4609.71	351	0	10
2026.08.27	03:42:00	4609.78	4611.43	4609.45	4611.34	270	0	10
2026.08.27	03:43:00	4611.34	4611.59	4608.10	4608.10	227	0	10
2026.08.27	03:44:00	4608.10	4608.90	4605.34	4606.23	401	0	10
2026.08.27	03:45:00	4606.24	4607.97	4606.11	4607.97	322	0	10
2026.08.27	03:46:00	4607.97	4611.18	4607.22	4607.93	336	0	10
2026.08.27	03:47:00	4607.93	4608.37	4606.41	4608.21	257	0	10
2026.08.27	03:48:00	4608.21	4610.01	4607.78	4610.01	229	0	10
2026.08.27	03:49:00	4609.99	4610.46	4609.45	4609.54	269	0	10
2026.08.27	03:50:00	4609.55	4609.74	4605.60	4606.20	371	0	10
2026.08.27	03:51:00	4606.20	4606.26	4604.68	4605.05	272	0	10
2026.08.27	03:52:00	4605.04	4605.05	4602.69	4602.69	263	0	10
2026.08.27	03:53:00	4602.69	4603.18	4600.64	4601.44	318	0	10
2026.08.27	03:54:00	4601.44	4603.44	4601.28	4602.74	368	0	10
2026.08.27	03:55:00	4602.72	4604.55	4602.21	4604.13	394	0	10
2026.08.27	03:56:00	4604.14	4604.14	4602.05	4603.67	373	0	10
2026.08.27	03:57:00	4603.67	4604.70	4603.62	4603.99	357	0	10
2026.08.27	03:58:00	4603.99	4604.25	4602.95	4603.72	353	0	10
2026.08.27	03:59:00	4603.72	4605.41	4603.36	4605.19	385	0	10
2026.08.27	04:00:00	4605.26	4608.15	4602.42	4605.58	810	0	10
2026.08.27	04:01:00	4605.56	4610.97	4605.33	4607.85	699	0	10
2026.08.27	04:02:00	4607.86	4610.57	4606.42	4608.87	711	0	10
2026.08.27	04:03:00	4608.87	4613.73	4608.58	4613.13	560	0	10
2026.08.27	04:04:00	4613.13	4615.09	4612.16	4614.36	491	0	10
2026.08.27	04:05:00	4614.36	4616.39	4612.91	4613.33	427	0	10
2026.08.27	04:06:00	4613.33	4614.79	4612.23	4614.21	553	0	10
2026.08.27	04:07:00	4614.21	4617.75	4613.93	4617.47	606	0	10
2026.08.27	04:08:00	4617.49	4619.69	4615.23	4615.62	636	0	10
2026.08.27	04:09:00	4615.62	4616.83	4615.15	4616.39	527	0	10
2026.08.27	04:10:00	4616.39	4620.10	4616.39	4619.37	509	0	10
2026.08.27	04:11:00	4619.37	4622.87	4619.37	4620.51	466	0	10
2026.08.27	04:12:00	4620.49	4621.83	4619.40	4620.19	408	0	10
2026.08.27	04:13:00	4620.15	4621.99	4619.47	4621.43	436	0	10
2026.08.27	04:14:00	4621.43	4624.93	4621.43	4624.70	390	0	10
2026.08.27	04:15:00	4624.70	4624.89	4622.11	4622.75	513	0	10
2026.08.27	04:16:00	4622.74	4623.10	4619.90	4619.90	416	0	10
2026.08.27	04:17:00	4619.72	4619.72	4617.44	4617.76	386	0	10
2026.08.27	04:18:00	4617.76	4620.54	4617.05	4619.03	452	0	10
2026.08.27	04:19:00	4619.03	4622.55	4618.82	4622.04	350	0	10
2026.08.27	04:20:00	4622.04	4622.88	4619.02	4619.47	479	0	10
2026.08.27	04:21:00	4619.47	4620.80	4618.74	4620.55	358	0	10
2026.08.27	04:22:00	4620.55	4622.79	4620.52	4622.60	449	0	10
2026.08.27	04:23:00	4622.61	4623.79	4622.15	4622.76	300	0	10
2026.08.27	04:24:00	4622.76	4625.05	4622.62	4624.89	340	0	10
2026.08.27	04:25:00	4624.89	4625.03	4622.39	4622.54	334	0	10
2026.08.27	04:26:00	4622.51	4622.88	4620.82	4620.96	303	0	10
2026.08.27	04:27:00	4620.96	4622.46	4620.23	4620.36	317	0	10
2026.08.27	04:28:00	4620.36	4620.90	4619.73	4620.38	293	0	10
2026.08.27	04:29:00	4620.37	4620.57	4618.47	4618.60	317	0	10
2026.08.27	04:30:00	4618.42	4621.32	4617.90	4621.10	392	0	10
2026.08.27	04:31:00	4621.10	4621.12	4618.58	4619.34	350	0	10
2026.08.27	04:32:00	4619.35	4621.25	4618.89	4621.13	323	0	10
2026.08.27	04:33:00	4621.00	4622.61	4620.91	4621.74	326	0	10
2026.08.27	04:34:00	4621.74	4622.54	4618.92	4621.61	439	0	10
2026.08.27	04:35:00	4621.61	4622.26	4620.23	4621.18	424	0	10
2026.08.27	04:36:00	4621.18	4621.37	4620.54	4620.99	304	0	10
2026.08.27	04:37:00	4620.99	4627.42	4619.88	4626.78	458	0	10
2026.08.27	04:38:00	4626.78	4629.75	4626.31	4629.75	537	0	10
2026.08.27	04:39:00	4629.75	4630.25	4627.71	4628.33	529	0	10
2026.08.27	04:40:00	4628.34	4631.26	4628.17	4631.18	564	0	10
2026.08.27	04:41:00	4631.18	4631.38	4628.46	4628.92	484	0	10
2026.08.27	04:42:00	4628.89	4628.98	4625.17	4625.32	447	0	10
2026.08.27	04:43:00	4625.32	4626.20	4625.00	4625.15	396	0	10
2026.08.27	04:44:00	4625.15	4625.15	4622.02	4623.91	456	0	10
2026.08.27	04:45:00	4623.91	4627.54	4623.69	4627.54	460	0	10
2026.08.27	04:46:00	4627.55	4631.22	4627.51	4630.73	467	0	10
2026.08.27	04:47:00	4630.73	4631.37	4629.50	4629.62	436	0	10
2026.08.27	04:48:00	4629.65	4631.36	4629.65	4630.07	420	0	10
2026.08.27	04:49:00	4629.98	4630.58	4629.39	4629.74	369	0	10
2026.08.27	04:50:00	4629.74	4631.79	4629.02	4630.65	371	0	10
2026.08.27	04:51:00	4630.65	4632.16	4630.59	4630.75	332	0	10
2026.08.27	04:52:00	4630.75	4632.10	4630.15	4631.84	353	0	10
2026.08.27	04:53:00	4631.84	4633.64	4631.39	4633.37	301	0	10
2026.08.27	04:54:00	4633.37	4635.43	4633.35	4634.78	336	0	10
2026.08.27	04:55:00	4634.80	4636.48	4634.52	4636.48	341	0	10
2026.08.27	04:56:00	4636.48	4639.27	4636.46	4638.38	360	0	10
2026.08.27	04:57:00	4638.40	4638.93	4638.00	4638.34	249	0	10
2026.08.27	04:58:00	4638.34	4640.39	4637.70	4638.26	349	0	10
2026.08.27	04:59:00	4638.26	4640.94	4638.20	4640.08	311	0	10
2026.08.27	05:00:00	4640.09	4641.32	4639.77	4641.01	393	0	10
2026.08.27	05:01:00	4641.01	4643.00	4640.01	4642.02	329	0	10
2026.08.27	05:02:00	4642.02	4642.49	4641.39	4641.88	287	0	10
2026.08.27	05:03:00	4641.88	4642.39	4640.86	4641.24	227	0	10
2026.08.27	05:04:00	4641.24	4641.61	4638.11	4638.72	308	0	10
2026.08.27	05:05:00	4638.72	4640.71	4638.67	4639.26	311	0	10
2026.08.27	05:06:00	4639.26	4639.42	4638.14	4638.51	224	0	10
2026.08.27	05:07:00	4638.51	4640.85	4638.30	4640.30	302	0	10
2026.08.27	05:08:00	4640.30	4641.90	4639.21	4639.33	278	0	10
2026.08.27	05:09:00	4639.33	4642.47	4639.11	4642.14	357	0	10
2026.08.27	05:10:00	4642.16	4642.24	4640.83	4641.13	312	0	10
2026.08.27	05:11:00	4641.14	4641.47	4639.44	4639.44	263	0	10
2026.08.27	05:12:00	4639.44	4639.71	4639.00	4639.40	253	0	10
2026.08.27	05:13:00	4639.42	4639.69	4638.82	4639.46	252	0	10
2026.08.27	05:14:00	4639.46	4640.88	4639.38	4640.47	324	0	10
2026.08.27	05:15:00	4640.47	4640.57	4639.32	4639.58	225	0	10
2026.08.27	05:16:00	4639.59	4639.89	4638.66	4639.40	261	0	10
2026.08.27	05:17:00	4639.40	4639.59	4638.78	4639.42	221	0	10
2026.08.27	05:18:00	4639.42	4639.95	4637.73	4638.86	238	0	10
2026.08.27	05:19:00	4638.86	4639.03	4638.13	4638.85	203	0	10
2026.08.27	05:20:00	4638.84	4640.10	4638.35	4639.66	255	0	10
2026.08.27	05:21:00	4639.81	4640.47	4638.97	4639.38	236	0	10
2026.08.27	05:22:00	4639.38	4640.36	4639.18	4639.83	218	0	10
2026.08.27	05:23:00	4639.83	4639.83	4637.24	4638.09	205	0	10
2026.08.27	05:24:00	4638.09	4638.09	4636.90	4637.05	192	0	10
2026.08.27	05:25:00	4637.05	4637.49	4636.77	4637.49	208	0	10
2026.08.27	05:26:00	4637.49	4637.61	4636.70	4637.15	263	0	10
2026.08.27	05:27:00	4637.15	4637.15	4636.06	4636.22	301	0	10
2026.08.27	05:28:00	4636.21	4636.33	4633.48	4634.17	282	0	10
2026.08.27	05:29:00	4634.18	4634.20	4632.81	4633.03	254	0	10
2026.08.27	05:30:00	4633.03	4633.74	4631.74	4632.24	507	0	10
2026.08.27	05:31:00	4632.24	4632.83	4629.70	4630.65	476	0	10
2026.08.27	05:32:00	4630.65	4632.18	4629.47	4629.48	326	0	10
2026.08.27	05:33:00	4629.48	4630.48	4628.58	4629.49	370	0	10
2026.08.27	05:34:00	4629.53	4629.83	4628.52	4629.46	271	0	10
2026.08.27	05:35:00	4629.46	4630.64	4627.07	4627.08	407	0	10
2026.08.27	05:36:00	4627.08	4628.58	4626.64	4627.13	329	0	10
2026.08.27	05:37:00	4627.13	4627.37	4624.94	4625.36	335	0	10
2026.08.27	05:38:00	4625.36	4626.46	4624.70	4626.00	382	0	10
2026.08.27	05:39:00	4626.00	4628.57	4624.75	4628.24	328	0	10
2026.08.27	05:40:00	4628.24	4628.68	4626.11	4626.23	307	0	10
2026.08.27	05:41:00	4626.23	4626.70	4625.21	4625.22	341	0	10
2026.08.27	05:42:00	4625.22	4626.35	4624.53	4624.53	345	0	10
2026.08.27	05:43:00	4624.53	4625.90	4623.67	4625.80	347	0	10
2026.08.27	05:44:00	4625.80	4628.17	4625.43	4627.37	311	0	10
2026.08.27	05:45:00	4627.36	4627.84	4624.36	4626.73	348	0	10
2026.08.27	05:46:00	4626.74	4627.46	4626.13	4627.43	263	0	10
2026.08.27	05:47:00	4627.43	4627.63	4626.09	4626.13	277	0	10
2026.08.27	05:48:00	4626.12	4630.31	4625.87	4630.22	348	0	10
2026.08.27	05:49:00	4630.22	4630.54	4629.15	4629.27	201	0	10
2026.08.27	05:50:00	4629.27	4631.46	4629.18	4630.45	208	0	10
2026.08.27	05:51:00	4630.45	4631.41	4630.10	4630.17	159	0	10
2026.08.27	05:52:00	4630.17	4630.28	4627.98	4629.51	328	0	10
2026.08.27	05:53:00	4629.49	4629.92	4628.77	4629.30	245	0	10
2026.08.27	05:54:00	4629.30	4630.78	4629.19	4629.19	234	0	10
2026.08.27	05:55:00	4629.19	4631.17	4629.18	4630.06	238	0	10
2026.08.27	05:56:00	4630.05	4630.79	4629.27	4629.38	277	0	10
2026.08.27	05:57:00	4629.38	4629.64	4628.53	4628.56	228	0	10
2026.08.27	05:58:00	4628.56	4629.88	4628.56	4629.44	254	0	10
2026.08.27	05:59:00	4629.44	4630.36	4629.30	4629.74	294	0	10
2026.08.27	06:00:00	4629.78	4630.12	4628.75	4629.27	293	0	10
2026.08.27	06:01:00	4629.27	4630.97	4628.88	4629.40	328	0	10
2026.08.27	06:02:00	4629.40	4629.80	4628.28	4629.27	293	0	10
2026.08.27	06:03:00	4629.11	4633.08	4629.02	4632.76	343	0	10
2026.08.27	06:04:00	4632.76	4634.56	4632.65	4634.48	316	0	10
2026.08.27	06:05:00	4634.48	4635.07	4632.47	4632.69	299	0	10
2026.08.27	06:06:00	4632.68	4633.55	4632.04	4632.75	223	0	10
2026.08.27	06:07:00	4632.64	4632.93	4631.63	4632.31	200	0	10
2026.08.27	06:08:00	4632.31	4632.85	4630.00	4630.00	206	0	10
2026.08.27	06:09:00	4630.00	4631.42	4629.94	4630.30	221	0	10
2026.08.27	06:10:00	4630.30	4630.53	4629.35	4630.40	190	0	10
2026.08.27	06:11:00	4630.36	4631.33	4630.13	4631.30	157	0	10
2026.08.27	06:12:00	4631.30	4632.83	4630.64	4632.45	249	0	10
2026.08.27	06:13:00	4632.45	4634.97	4632.45	4633.57	250	0	10
2026.08.27	06:14:00	4633.57	4634.36	4633.10	4634.23	210	0	10
2026.08.27	06:15:00	4634.27	4634.96	4633.51	4633.76	232	0	10
2026.08.27	06:16:00	4633.76	4634.20	4633.62	4633.96	268	0	10
2026.08.27	06:17:00	4633.96	4635.39	4633.46	4633.53	304	0	10
2026.08.27	06:18:00	4633.53	4633.83	4633.26	4633.50	187	0	10
2026.08.27	06:19:00	4633.50	4634.01	4632.98	4633.67	199	0	10
2026.08.27	06:20:00	4633.67	4636.39	4633.39	4635.70	206	0	10
2026.08.27	06:21:00	4635.70	4636.44	4635.46	4636.40	203	0	10
2026.08.27	06:22:00	4636.40	4637.17	4636.02	4636.85	185	0	10
2026.08.27	06:23:00	4636.85	4638.36	4636.85	4637.88	231	0	10
2026.08.27	06:24:00	4637.88	4638.65	4637.67	4637.98	233	0	10
2026.08.27	06:25:00	4638.02	4638.02	4636.02	4636.16	223	0	10
2026.08.27	06:26:00	4636.16	4637.23	4635.90	4637.23	174	0	10
2026.08.27	06:27:00	4637.23	4637.25	4636.36	4636.99	138	0	10
2026.08.27	06:28:00	4636.99	4637.13	4636.08	4636.08	201	0	10
2026.08.27	06:29:00	4636.08	4636.28	4634.63	4635.31	277	0	10
2026.08.27	06:30:00	4635.31	4635.56	4633.42	4633.78	269	0	10
2026.08.27	06:31:00	4633.80	4634.98	4633.58	4634.96	264	0	10
2026.08.27	06:32:00	4634.96	4635.04	4633.76	4634.14	166	0	10
2026.08.27	06:33:00	4634.14	4635.16	4634.05	4634.70	112	0	10
2026.08.27	06:34:00	4634.70	4635.02	4633.62	4633.78	149	0	10
2026.08.27	06:35:00	4633.78	4634.09	4633.39	4633.90	208	0	10
2026.08.27	06:36:00	4633.90	4633.90	4633.00	4633.17	176	0	10
2026.08.27	06:37:00	4633.17	4634.31	4632.84	4632.91	184	0	10
2026.08.27	06:38:00	4632.91	4632.95	4632.00	4632.28	137	0	10
2026.08.27	06:39:00	4632.28	4632.82	4632.26	4632.27	171	0	10
2026.08.27	06:40:00	4632.27	4632.28	4630.40	4631.59	235	0	10
2026.08.27	06:41:00	4631.59	4632.35	4631.53	4631.54	151	0	10
2026.08.27	06:42:00	4631.54	4631.63	4629.66	4630.12	197	0	10
2026.08.27	06:43:00	4630.12	4630.46	4629.32	4629.34	121	0	10
2026.08.27	06:44:00	4629.33	4629.36	4628.85	4629.33	177	0	10
2026.08.27	06:45:00	4629.33	4629.69	4628.58	4629.44	224	0	10
2026.08.27	06:46:00	4629.44	4629.44	4628.09	4628.34	202	0	10
2026.08.27	06:47:00	4628.35	4629.13	4627.79	4628.57	200	0	10
2026.08.27	06:48:00	4628.57	4628.89	4627.53	4627.55	150	0	10
2026.08.27	06:49:00	4627.55	4627.70	4626.85	4627.67	152	0	10
2026.08.27	06:50:00	4627.68	4627.93	4627.27	4627.39	187	0	10
2026.08.27	06:51:00	4627.38	4627.57	4626.73	4627.04	123	0	10
2026.08.27	06:52:00	4627.04	4627.04	4626.16	4626.16	124	0	10
2026.08.27	06:53:00	4626.16	4626.66	4625.75	4626.35	190	0	10
2026.08.27	06:54:00	4626.35	4627.26	4626.28	4626.88	158	0	10
2026.08.27	06:55:00	4626.88	4627.19	4626.34	4626.68	163	0	10
2026.08.27	06:56:00	4626.68	4626.87	4626.16	4626.55	225	0	10
2026.08.27	06:57:00	4626.55	4626.96	4625.32	4625.35	200	0	10
2026.08.27	06:58:00	4625.37	4625.41	4624.47	4624.73	252	0	10
2026.08.27	06:59:00	4624.73	4625.57	4624.66	4625.56	159	0	10
2026.08.27	07:00:00	4625.56	4626.08	4624.71	4625.11	236	0	10
2026.08.27	07:01:00	4625.10	4626.31	4625.01	4625.57	187	0	10
2026.08.27	07:02:00	4625.55	4627.01	4625.36	4626.90	170	0	10
2026.08.27	07:03:00	4626.90	4627.29	4626.37	4626.87	197	0	10
2026.08.27	07:04:00	4626.87	4627.09	4626.30	4626.50	153	0	10
2026.08.27	07:05:00	4626.50	4626.93	4624.51	4624.89	216	0	10
2026.08.27	07:06:00	4624.89	4626.17	4624.89	4626.15	154	0	10
2026.08.27	07:07:00	4626.15	4626.22	4625.44	4625.44	145	0	10
2026.08.27	07:08:00	4625.44	4625.77	4625.23	4625.69	164	0	10
2026.08.27	07:09:00	4625.56	4625.78	4625.40	4625.49	130	0	10
2026.08.27	07:10:00	4625.49	4625.80	4625.12	4625.60	155	0	10
2026.08.27	07:11:00	4625.60	4626.24	4624.96	4624.96	150	0	10
2026.08.27	07:12:00	4624.96	4625.33	4624.48	4625.25	160	0	10
2026.08.27	07:13:00	4625.26	4625.97	4625.04	4625.97	166	0	10
2026.08.27	07:14:00	4625.97	4626.27	4625.35	4625.48	155	0	10
2026.08.27	07:15:00	4625.48	4625.70	4624.94	4625.13	113	0	10
2026.08.27	07:16:00	4625.13	4625.44	4625.08	4625.38	83	0	10
2026.08.27	07:17:00	4625.38	4627.02	4625.15	4626.33	168	0	10
2026.08.27	07:18:00	4626.33	4626.47	4625.83	4626.12	94	0	10
2026.08.27	07:19:00	4626.12	4626.13	4624.02	4624.18	175	0	10
2026.08.27	07:20:00	4624.18	4624.79	4623.80	4623.98	232	0	10
2026.08.27	07:21:00	4623.98	4624.18	4623.31	4623.44	215	0	10
2026.08.27	07:22:00	4623.44	4624.20	4622.90	4623.27	146	0	10
2026.08.27	07:23:00	4623.27	4623.37	4623.06	4623.22	175	0	10
2026.08.27	07:24:00	4623.22	4623.52	4622.98	4623.26	181	0	10
2026.08.27	07:25:00	4623.26	4623.77	4622.90	4623.74	173	0	10
2026.08.27	07:26:00	4623.74	4624.35	4623.37	4623.83	193	0	10
2026.08.27	07:27:00	4623.83	4623.89	4621.63	4622.11	176	0	10
2026.08.27	07:28:00	4622.09	4622.09	4621.01	4621.06	233	0	10
2026.08.27	07:29:00	4621.06	4621.61	4620.62	4620.62	215	0	10
2026.08.27	07:30:00	4620.62	4620.79	4619.51	4619.71	224	0	10
2026.08.27	07:31:00	4619.66	4620.21	4619.47	4620.12	211	0	10
2026.08.27	07:32:00	4620.12	4620.42	4619.66	4620.32	181	0	10
2026.08.27	07:33:00	4620.32	4620.93	4619.18	4619.54	228	0	10
2026.08.27	07:34:00	4619.54	4619.54	4618.58	4618.76	197	0	10
2026.08.27	07:35:00	4618.76	4619.53	4618.34	4619.50	222	0	10
2026.08.27	07:36:00	4619.48	4620.38	4619.42	4619.62	208	0	10
2026.08.27	07:37:00	4619.58	4620.08	4618.76	4618.84	180	0	10
2026.08.27	07:38:00	4618.84	4619.90	4617.57	4617.65	251	0	10
2026.08.27	07:39:00	4617.65	4618.67	4617.65	4618.27	195	0	10
2026.08.27	07:40:00	4618.27	4618.46	4617.31	4618.07	181	0	10
2026.08.27	07:41:00	4618.07	4619.87	4618.07	4619.67	200	0	10
2026.08.27	07:42:00	4619.66	4619.95	4619.45	4619.56	165	0	10
2026.08.27	07:43:00	4619.56	4620.07	4619.36	4619.92	145	0	10
2026.08.27	07:44:00	4619.92	4620.10	4619.23	4619.23	185	0	10
2026.08.27	07:45:00	4619.23	4620.01	4617.98	4619.05	179	0	10
2026.08.27	07:46:00	4619.05	4619.44	4618.71	4619.34	154	0	10
2026.08.27	07:47:00	4619.34	4619.40	4617.70	4618.44	185	0	10
2026.08.27	07:48:00	4618.44	4620.37	4618.38	4620.18	219	0	10
2026.08.27	07:49:00	4620.18	4620.65	4619.75	4620.22	196	0	10
2026.08.27	07:50:00	4620.28	4620.70	4619.65	4619.66	220	0	10
2026.08.27	07:51:00	4619.66	4620.73	4619.30	4620.33	227	0	10
2026.08.27	07:52:00	4620.33	4620.49	4619.43	4620.03	206	0	10
2026.08.27	07:53:00	4620.03	4620.63	4619.54	4619.54	178	0	10
2026.08.27	07:54:00	4619.54	4620.21	4619.09	4619.86	211	0	10
2026.08.27	07:55:00	4619.87	4620.04	4618.78	4618.81	211	0	10
2026.08.27	07:56:00	4618.81	4618.91	4617.91	4618.23	208	0	10
2026.08.27	07:57:00	4618.23	4618.54	4618.02	4618.48	187	0	10
2026.08.27	07:58:00	4618.48	4618.73	4617.95	4618.39	198	0	10
2026.08.27	07:59:00	4618.39	4619.31	4617.79	4618.82	237	0	10
2026.08.27	08:00:00	4618.82	4619.17	4617.17	4617.79	291	0	10
2026.08.27	08:01:00	4617.79	4617.79	4616.32	4617.14	267	0	10
2026.08.27	08:02:00	4617.13	4617.20	4616.39	4616.63	261	0	10
2026.08.27	08:03:00	4616.63	4618.02	4616.60	4617.99	244	0	10
2026.08.27	08:04:00	4617.99	4620.32	4617.99	4620.27	171	0	10
2026.08.27	08:05:00	4620.27	4620.30	4619.53	4619.92	178	0	10
2026.08.27	08:06:00	4619.92	4620.72	4619.71	4619.75	216	0	10
2026.08.27	08:07:00	4619.75	4620.79	4619.06	4619.07	220	0	10
2026.08.27	08:08:00	4619.07	4620.32	4618.77	4620.32	164	0	10
2026.08.27	08:09:00	4620.32	4621.48	4620.11	4620.13	205	0	10
2026.08.27	08:10:00	4620.13	4621.49	4619.67	4621.45	246	0	10
2026.08.27	08:11:00	4621.45	4621.46	4620.92	4621.05	139	0	10
2026.08.27	08:12:00	4621.05	4621.20	4620.58	4621.05	183	0	10
2026.08.27	08:13:00	4621.05	4621.13	4620.56	4620.88	158	0	10
2026.08.27	08:14:00	4620.86	4620.99	4619.49	4620.10	208	0	10
2026.08.27	08:15:00	4620.10	4620.83	4619.77	4620.71	198	0	10
2026.08.27	08:16:00	4620.71	4621.74	4619.63	4619.82	239	0	10
2026.08.27	08:17:00	4619.82	4619.91	4618.53	4619.35	261	0	10
2026.08.27	08:18:00	4619.35	4619.70	4619.01	4619.69	180	0	10
2026.08.27	08:19:00	4619.69	4620.48	4619.58	4619.98	197	0	10
2026.08.27	08:20:00	4619.98	4620.73	4619.69	4620.59	121	0	10
2026.08.27	08:21:00	4620.59	4620.75	4619.81	4620.02	187	0	10
2026.08.27	08:22:00	4620.03	4620.90	4619.87	4619.87	165	0	10
2026.08.27	08:23:00	4619.87	4621.00	4618.43	4620.88	233	0	10
2026.08.27	08:24:00	4620.87	4621.26	4620.50	4620.59	121	0	10
2026.08.27	08:25:00	4620.59	4621.55	4620.33	4620.73	140	0	10
2026.08.27	08:26:00	4620.73	4621.17	4619.65	4620.84	121	0	10
2026.08.27	08:27:00	4620.84	4621.07	4620.31	4620.41	109	0	10
2026.08.27	08:28:00	4620.41	4620.51	4619.11	4619.24	149	0	10
2026.08.27	08:29:00	4619.24	4619.75	4617.06	4617.33	277	0	10
2026.08.27	08:30:00	4617.33	4620.03	4613.16	4614.76	691	0	10
2026.08.27	08:31:00	4614.77	4615.19	4611.85	4611.93	538	0	10
2026.08.27	08:32:00	4611.93	4612.57	4609.38	4611.46	423	0	10
2026.08.27	08:33:00	4611.46	4614.17	4610.85	4613.55	414	0	10
2026.08.27	08:34:00	4613.55	4613.56	4609.46	4611.35	461	0	10
2026.08.27	08:35:00	4611.35	4611.35	4608.31	4610.31	383	0	10
2026.08.27	08:36:00	4610.34	4611.79	4610.31	4610.99	361	0	10
2026.08.27	08:37:00	4610.99	4612.61	4610.99	4612.42	299	0	10
2026.08.27	08:38:00	4612.41	4612.96	4610.69	4611.18	249	0	10
2026.08.27	08:39:00	4611.18	4611.31	4609.95	4611.19	326	0	10
2026.08.27	08:40:00	4611.19	4611.19	4607.94	4609.62	393	0	10
2026.08.27	08:41:00	4609.66	4610.23	4607.96	4608.91	400	0	10
2026.08.27	08:42:00	4608.92	4609.29	4607.90	4609.29	317	0	10
2026.08.27	08:43:00	4609.29	4610.58	4607.76	4607.98	298	0	10
2026.08.27	08:44:00	4607.98	4608.05	4604.97	4605.48	438	0	10
2026.08.27	08:45:00	4605.48	4606.76	4604.75	4605.14	416	0	10
2026.08.27	08:46:00	4605.24	4609.80	4605.10	4609.44	385	0	10
2026.08.27	08:47:00	4609.45	4609.69	4607.61	4608.68	246	0	10
2026.08.27	08:48:00	4608.72	4609.44	4607.13	4608.17	355	0	10
2026.08.27	08:49:00	4608.16	4608.42	4606.52	4606.53	359	0	10
2026.08.27	08:50:00	4606.53	4608.83	4606.33	4607.39	377	0	10
2026.08.27	08:51:00	4607.39	4607.39	4605.09	4605.61	358	0	10
2026.08.27	08:52:00	4605.61	4605.61	4601.08	4603.08	502	0	10
2026.08.27	08:53:00	4603.08	4604.47	4602.86	4603.94	376	0	10
2026.08.27	08:54:00	4603.94	4605.11	4603.00	4603.13	359	0	10
2026.08.27	08:55:00	4603.13	4604.61	4602.25	4604.55	403	0	10
2026.08.27	08:56:00	4604.55	4605.15	4602.02	4603.45	359	0	10
2026.08.27	08:57:00	4603.45	4605.22	4603.22	4604.63	303	0	10
2026.08.27	08:58:00	4604.63	4606.94	4604.46	4606.34	328	0	10
2026.08.27	08:59:00	4606.34	4608.01	4605.85	4607.09	318	0	10
2026.08.27	09:00:00	4607.09	4607.63	4602.34	4602.51	356	0	10
2026.08.27	09:01:00	4602.51	4603.03	4600.90	4600.90	391	0	10
2026.08.27	09:02:00	4600.92	4604.02	4599.65	4603.71	390	0	10
2026.08.27	09:03:00	4603.71	4604.52	4601.58	4604.34	272	0	10
2026.08.27	09:04:00	4604.34	4605.97	4602.99	4603.87	293	0	10
2026.08.27	09:05:00	4603.87	4605.62	4603.56	4605.59	338	0	10
2026.08.27	09:06:00	4605.59	4605.65	4603.53	4603.53	298	0	10
2026.08.27	09:07:00	4603.56	4603.72	4601.34	4602.78	312	0	10
2026.08.27	09:08:00	4602.78	4604.68	4602.16	4604.31	278	0	10
2026.08.27	09:09:00	4604.31	4605.25	4604.11	4605.08	235	0	10
2026.08.27	09:10:00	4605.08	4605.13	4601.88	4602.74	356	0	10
2026.08.27	09:11:00	4602.71	4603.64	4600.57	4600.79	327	0	10
2026.08.27	09:12:00	4600.79	4602.30	4600.69	4602.08	359	0	10
2026.08.27	09:13:00	4602.08	4604.75	4602.08	4604.55	279	0	10
2026.08.27	09:14:00	4604.55	4607.17	4604.55	4606.15	405	0	10
2026.08.27	09:15:00	4606.17	4606.17	4604.88	4604.93	313	0	10
2026.08.27	09:16:00	4604.94	4605.25	4604.09	4604.52	331	0	10
2026.08.27	09:17:00	4604.52	4606.48	4604.42	4606.44	346	0	10
2026.08.27	09:18:00	4606.44	4606.64	4604.57	4605.81	287	0	10
2026.08.27	09:19:00	4605.81	4607.74	4605.81	4606.70	284	0	10
2026.08.27	09:20:00	4606.70	4607.39	4606.32	4607.31	219	0	10
2026.08.27	09:21:00	4607.31	4610.12	4607.31	4609.12	246	0	10
2026.08.27	09:22:00	4609.12	4609.79	4607.09	4607.73	295	0	10
2026.08.27	09:23:00	4607.73	4609.25	4607.45	4608.50	279	0	10
2026.08.27	09:24:00	4608.50	4610.04	4608.39	4609.57	226	0	10
2026.08.27	09:25:00	4609.56	4610.23	4608.57	4608.63	313	0	10
2026.08.27	09:26:00	4608.63	4608.96	4607.31	4607.53	281	0	10
2026.08.27	09:27:00	4607.53	4609.66	4607.03	4609.57	325	0	10
2026.08.27	09:28:00	4609.57	4609.87	4608.65	4608.94	245	0	10
2026.08.27	09:29:00	4608.94	4610.51	4608.94	4610.38	302	0	10
2026.08.27	09:30:00	4610.38	4611.88	4610.38	4610.92	377	0	10
2026.08.27	09:31:00	4610.92	4611.68	4609.83	4610.07	258	0	10
2026.08.27	09:32:00	4610.07	4611.06	4608.87	4608.98	241	0	10
2026.08.27	09:33:00	4608.98	4610.13	4607.25	4607.44	308	0	10
2026.08.27	09:34:00	4607.45	4607.99	4605.46	4607.50	403	0	10
2026.08.27	09:35:00	4607.47	4608.08	4607.04	4607.06	253	0	10
2026.08.27	09:36:00	4607.06	4607.06	4605.24	4606.42	317	0	10
2026.08.27	09:37:00	4606.42	4606.62	4604.71	4605.83	349	0	10
2026.08.27	09:38:00	4605.83	4608.25	4605.83	4607.60	262	0	10
2026.08.27	09:39:00	4607.60	4608.23	4607.60	4607.84	225	0	10
2026.08.27	09:40:00	4607.50	4609.13	4607.38	4608.42	275	0	10
2026.08.27	09:41:00	4608.41	4609.13	4607.50	4607.57	166	0	10
2026.08.27	09:42:00	4607.57	4608.96	4607.26	4608.48	266	0	10
2026.08.27	09:43:00	4608.48	4608.67	4607.98	4608.45	128	0	10
2026.08.27	09:44:00	4608.45	4608.47	4606.85	4607.71	178	0	10
2026.08.27	09:45:00	4607.66	4609.55	4607.47	4608.36	212	0	10
2026.08.27	09:46:00	4608.36	4609.66	4608.11	4608.38	267	0	10
2026.08.27	09:47:00	4608.38	4608.90	4605.58	4606.06	309	0	10
2026.08.27	09:48:00	4606.06	4606.10	4604.27	4604.85	315	0	10
2026.08.27	09:49:00	4604.76	4605.03	4603.60	4604.52	240	0	10
2026.08.27	09:50:00	4604.54	4606.17	4604.10	4604.22	351	0	10
2026.08.27	09:51:00	4604.22	4604.74	4602.62	4603.02	306	0	10
2026.08.27	09:52:00	4602.95	4604.55	4601.62	4604.41	306	0	10
2026.08.27	09:53:00	4604.41	4605.58	4604.06	4604.76	263	0	10
2026.08.27	09:54:00	4604.77	4604.97	4601.85	4601.97	257	0	10
2026.08.27	09:55:00	4601.97	4602.62	4601.46	4602.24	209	0	10
2026.08.27	09:56:00	4602.24	4602.25	4600.11	4600.17	230	0	10
2026.08.27	09:57:00	4600.17	4601.01	4599.23	4599.41	331	0	10
2026.08.27	09:58:00	4599.40	4600.32	4597.90	4599.58	368	0	10
2026.08.27	09:59:00	4599.58	4600.57	4599.30	4600.24	325	0	10
2026.08.27	10:00:00	4600.24	4602.09	4599.99	4602.02	474	0	10
2026.08.27	10:01:00	4602.03	4602.97	4601.36	4601.42	364	0	10
2026.08.27	10:02:00	4601.47	4601.77	4598.51	4600.83	470	0	10
2026.08.27	10:03:00	4600.87	4602.44	4599.82	4601.41	353	0	10
2026.08.27	10:04:00	4601.46	4603.79	4600.31	4603.32	308	0	10
2026.08.27	10:05:00	4603.32	4605.49	4603.32	4605.40	268	0	10
2026.08.27	10:06:00	4605.40	4605.79	4603.67	4605.11	281	0	10
2026.08.27	10:07:00	4605.00	4605.28	4604.24	4604.75	218	0	10
2026.08.27	10:08:00	4604.75	4605.54	4604.34	4604.79	314	0	10
2026.08.27	10:09:00	4604.79	4605.22	4602.42	4603.20	306	0	10
2026.08.27	10:10:00	4603.19	4603.76	4602.06	4603.02	226	0	10
2026.08.27	10:11:00	4603.02	4603.19	4601.56	4602.41	254	0	10
2026.08.27	10:12:00	4602.41	4602.57	4601.38	4601.57	201	0	10
2026.08.27	10:13:00	4601.57	4602.62	4601.13	4602.35	366	0	10
2026.08.27	10:14:00	4602.35	4603.93	4602.17	4603.85	275	0	10
2026.08.27	10:15:00	4603.85	4603.85	4598.31	4599.00	420	0	10
2026.08.27	10:16:00	4599.00	4600.60	4599.00	4600.20	265	0	10
2026.08.27	10:17:00	4600.20	4600.62	4598.54	4598.82	215	0	10
2026.08.27	10:18:00	4598.82	4598.99	4597.04	4598.04	286	0	10
2026.08.27	10:19:00	4598.04	4598.19	4595.95	4597.66	264	0	10
2026.08.27	10:20:00	4597.66	4598.19	4597.25	4598.02	239	0	10
2026.08.27	10:21:00	4598.02	4598.77	4596.54	4597.01	251	0	10
2026.08.27	10:22:00	4596.98	4598.03	4596.59	4598.00	202	0	10
2026.08.27	10:23:00	4598.00	4598.45	4596.14	4597.25	226	0	10
2026.08.27	10:24:00	4597.27	4597.45	4596.25	4596.92	228	0	10
2026.08.27	10:25:00	4596.92	4597.24	4595.27	4595.70	300	0	10
2026.08.27	10:26:00	4595.70	4595.76	4593.65	4595.10	331	0	10
2026.08.27	10:27:00	4595.10	4596.91	4594.90	4596.84	205	0	10
2026.08.27	10:28:00	4596.84	4598.22	4596.25	4596.26	247	0	10
2026.08.27	10:29:00	4596.26	4599.61	4596.14	4599.39	240	0	10
2026.08.27	10:30:00	4599.39	4601.46	4599.27	4600.71	308	0	10
2026.08.27	10:31:00	4600.71	4600.78	4598.81	4599.19	309	0	10
2026.08.27	10:32:00	4599.19	4599.28	4596.56	4596.65	262	0	10
2026.08.27	10:33:00	4596.63	4597.11	4595.39	4596.11	238	0	10
2026.08.27	10:34:00	4596.11	4596.93	4595.07	4596.41	234	0	10
2026.08.27	10:35:00	4596.41	4596.66	4595.35	4595.35	298	0	10
2026.08.27	10:36:00	4595.35	4598.40	4595.04	4597.83	334	0	10
2026.08.27	10:37:00	4597.83	4597.94	4596.25	4597.02	283	0	10
2026.08.27	10:38:00	4597.02	4597.06	4595.45	4595.81	264	0	10
2026.08.27	10:39:00	4595.81	4597.59	4595.60	4596.45	346	0	10
2026.08.27	10:40:00	4596.48	4597.05	4595.61	4596.70	283	0	10
2026.08.27	10:41:00	4596.70	4597.38	4596.30	4596.56	135	0	10
2026.08.27	10:42:00	4596.56	4597.69	4596.33	4597.32	152	0	10
2026.08.27	10:43:00	4597.32	4598.34	4597.21	4597.76	216	0	10
2026.08.27	10:44:00	4597.76	4598.35	4597.40	4597.83	206	0	10
2026.08.27	10:45:00	4597.87	4598.23	4597.29	4597.81	234	0	10
2026.08.27	10:46:00	4597.81	4598.65	4597.21	4598.63	224	0	10
2026.08.27	10:47:00	4598.63	4599.21	4597.41	4597.63	291	0	10
2026.08.27	10:48:00	4597.63	4597.71	4596.49	4597.20	229	0	10
2026.08.27	10:49:00	4597.20	4597.50	4596.17	4597.41	250	0	10
2026.08.27	10:50:00	4597.41	4598.30	4596.90	4597.97	274	0	10
2026.08.27	10:51:00	4598.00	4598.38	4595.85	4596.56	264	0	10
2026.08.27	10:52:00	4596.56	4598.18	4596.55	4598.12	191	0	10
2026.08.27	10:53:00	4598.12	4599.02	4597.47	4598.74	260	0	10
2026.08.27	10:54:00	4598.74	4599.80	4597.77	4598.21	312	0	10
2026.08.27	10:55:00	4598.20	4600.04	4598.12	4599.86	208	0	10
2026.08.27	10:56:00	4599.86	4602.68	4599.77	4601.60	276	0	10
2026.08.27	10:57:00	4601.60	4602.22	4601.09	4602.06	160	0	10
2026.08.27	10:58:00	4602.06	4602.06	4600.56	4600.80	156	0	10
2026.08.27	10:59:00	4600.80	4601.46	4599.77	4600.30	228	0	10
2026.08.27	11:00:00	4600.30	4602.10	4599.80	4601.84	293	0	10
2026.08.27	11:01:00	4601.84	4604.63	4600.78	4603.62	295	0	10
2026.08.27	11:02:00	4603.62	4604.68	4603.38	4604.50	358	0	10
2026.08.27	11:03:00	4604.50	4606.00	4604.37	4605.93	332	0	10
2026.08.27	11:04:00	4605.93	4606.06	4605.04	4605.34	221	0	10
2026.08.27	11:05:00	4605.34	4606.59	4605.21	4606.06	286	0	10
2026.08.27	11:06:00	4606.06	4606.30	4605.30	4605.91	199	0	10
2026.08.27	11:07:00	4605.91	4606.22	4605.69	4605.86	244	0	10
2026.08.27	11:08:00	4605.86	4606.88	4605.75	4606.26	262	0	10
2026.08.27	11:09:00	4606.25	4606.26	4602.65	4603.25	332	0	10
2026.08.27	11:10:00	4603.24	4603.64	4603.07	4603.43	191	0	10
2026.08.27	11:11:00	4603.43	4604.05	4603.18	4603.40	239	0	10
2026.08.27	11:12:00	4603.40	4604.22	4603.06	4604.00	200	0	10
2026.08.27	11:13:00	4604.00	4604.79	4603.97	4604.11	258	0	10
2026.08.27	11:14:00	4604.12	4604.22	4602.90	4603.32	164	0	10
2026.08.27	11:15:00	4603.32	4604.59	4602.85	4604.47	194	0	10
2026.08.27	11:16:00	4604.50	4605.56	4604.33	4605.01	235	0	10
2026.08.27	11:17:00	4605.03	4606.16	4604.86	4605.95	266	0	10
2026.08.27	11:18:00	4605.95	4605.95	4604.03	4604.86	221	0	10
2026.08.27	11:19:00	4604.79	4605.47	4603.73	4603.75	240	0	10
2026.08.27	11:20:00	4603.75	4603.85	4600.82	4601.36	216	0	10
2026.08.27	11:21:00	4601.36	4602.17	4600.94	4600.94	183	0	10
2026.08.27	11:22:00	4600.94	4602.07	4600.15	4601.53	261	0	10
2026.08.27	11:23:00	4601.54	4602.50	4601.52	4602.37	279	0	10
2026.08.27	11:24:00	4602.37	4603.47	4602.07	4603.47	193	0	10
2026.08.27	11:25:00	4603.47	4604.00	4602.84	4603.64	166	0	10
2026.08.27	11:26:00	4603.64	4603.99	4601.80	4602.77	205	0	10
2026.08.27	11:27:00	4602.77	4603.05	4601.59	4602.32	217	0	10
2026.08.27	11:28:00	4602.32	4602.32	4600.85	4601.67	217	0	10
2026.08.27	11:29:00	4601.67	4602.02	4600.85	4600.85	197	0	10
2026.08.27	11:30:00	4600.88	4601.78	4600.58	4600.71	336	0	10
2026.08.27	11:31:00	4600.70	4601.61	4600.35	4601.17	267	0	10
2026.08.27	11:32:00	4601.17	4601.67	4600.01	4600.01	330	0	10
2026.08.27	11:33:00	4600.01	4601.14	4599.33	4600.68	235	0	10
2026.08.27	11:34:00	4600.68	4600.83	4599.04	4599.17	272	0	10
2026.08.27	11:35:00	4599.17	4599.78	4598.18	4598.21	253	0	10
2026.08.27	11:36:00	4598.21	4598.90	4597.43	4597.43	294	0	10
2026.08.27	11:37:00	4597.43	4598.84	4597.41	4598.69	275	0	10
2026.08.27	11:38:00	4598.69	4599.31	4597.79	4598.23	318	0	10
2026.08.27	11:39:00	4598.23	4599.22	4598.23	4598.43	222	0	10
2026.08.27	11:40:00	4598.43	4598.98	4596.94	4597.37	244	0	10
2026.08.27	11:41:00	4597.37	4598.39	4596.86	4597.53	248	0	10
2026.08.27	11:42:00	4597.53	4597.67	4596.24	4597.40	209	0	10
2026.08.27	11:43:00	4597.38	4598.61	4597.24	4598.59	250	0	10
2026.08.27	11:44:00	4598.59	4599.06	4594.71	4596.15	308	0	10
2026.08.27	11:45:00	4596.14	4596.81	4595.69	4596.79	235	0	10
2026.08.27	11:46:00	4596.79	4597.68	4595.95	4597.48	224	0	10
2026.08.27	11:47:00	4597.48	4598.35	4596.67	4597.21	226	0	10
2026.08.27	11:48:00	4597.18	4598.47	4597.03	4598.44	210	0	10
2026.08.27	11:49:00	4598.44	4598.87	4597.41	4598.45	216	0	10
2026.08.27	11:50:00	4598.45	4599.94	4597.94	4599.60	231	0	10
2026.08.27	11:51:00	4599.60	4600.05	4599.19	4599.84	184	0	10
2026.08.27	11:52:00	4599.84	4599.98	4599.38	4599.61	214	0	10
2026.08.27	11:53:00	4599.61	4600.00	4599.51	4599.63	236	0	10
2026.08.27	11:54:00	4599.66	4600.23	4599.55	4599.78	214	0	10
2026.08.27	11:55:00	4599.78	4600.20	4599.53	4600.18	189	0	10
2026.08.27	11:56:00	4600.18	4600.93	4599.59	4600.90	197	0	10
2026.08.27	11:57:00	4600.90	4602.06	4600.90	4602.06	203	0	10
2026.08.27	11:58:00	4602.05	4602.33	4600.64	4600.75	226	0	10
2026.08.27	11:59:00	4600.75	4601.11	4598.86	4599.10	220	0	10
2026.08.27	12:00:00	4599.10	4600.54	4598.79	4598.91	315	0	10
2026.08.27	12:01:00	4598.91	4600.85	4598.39	4600.63	301	0	10
2026.08.27	12:02:00	4600.60	4600.60	4597.11	4597.17	345	0	10
2026.08.27	12:03:00	4597.17	4597.57	4595.01	4595.04	354	0	10
2026.08.27	12:04:00	4595.04	4595.71	4593.74	4594.82	344	0	10
2026.08.27	12:05:00	4594.83	4595.45	4594.18	4594.48	252	0	10
2026.08.27	12:06:00	4594.48	4596.41	4594.47	4596.39	360	0	10
2026.08.27	12:07:00	4596.40	4597.38	4595.60	4595.99	294	0	10
2026.08.27	12:08:00	4595.99	4596.07	4594.76	4596.02	267	0	10
2026.08.27	12:09:00	4596.02	4596.68	4594.66	4596.68	219	0	10
2026.08.27	12:10:00	4596.68	4598.93	4596.63	4598.15	222	0	10
2026.08.27	12:11:00	4598.17	4598.51	4596.88	4597.40	244	0	10
2026.08.27	12:12:00	4597.40	4597.66	4596.50	4596.54	206	0	10
2026.08.27	12:13:00	4596.55	4598.08	4596.15	4596.20	168	0	10
2026.08.27	12:14:00	4596.20	4596.61	4595.33	4596.13	217	0	10
2026.08.27	12:15:00	4596.13	4596.20	4595.20	4595.30	164	0	10
2026.08.27	12:16:00	4595.30	4596.84	4595.16	4596.70	247	0	10
2026.08.27	12:17:00	4596.70	4597.20	4596.45	4597.11	188	0	10
2026.08.27	12:18:00	4597.11	4597.11	4595.50	4595.53	200	0	10
2026.08.27	12:19:00	4595.60	4595.83	4594.90	4595.47	155	0	10
2026.08.27	12:20:00	4595.47	4596.47	4595.15	4596.47	165	0	10
2026.08.27	12:21:00	4596.49	4596.92	4596.04	4596.26	188	0	10
2026.08.27	12:22:00	4596.26	4597.04	4595.98	4596.83	134	0	10
2026.08.27	12:23:00	4596.83	4597.11	4596.17	4596.79	140	0	10
2026.08.27	12:24:00	4596.79	4597.02	4595.30	4596.83	166	0	10
2026.08.27	12:25:00	4596.83	4598.58	4595.67	4596.36	325	0	10
2026.08.27	12:26:00	4596.22	4596.67	4595.34	4596.53	372	0	10
2026.08.27	12:27:00	4596.56	4596.83	4594.23	4594.23	341	0	10
2026.08.27	12:28:00	4594.23	4597.38	4593.81	4597.16	265	0	10
2026.08.27	12:29:00	4597.16	4599.40	4597.09	4597.75	382	0	10
2026.08.27	12:30:00	4597.75	4599.26	4596.46	4597.54	453	0	10
2026.08.27	12:31:00	4597.54	4598.10	4595.11	4597.67	313	0	10
2026.08.27	12:32:00	4597.67	4598.16	4595.37	4595.86	382	0	10
2026.08.27	12:33:00	4595.82	4595.95	4593.08	4593.09	336	0	10
2026.08.27	12:34:00	4593.09	4594.21	4593.09	4593.86	185	0	10
2026.08.27	12:35:00	4593.86	4594.14	4592.25	4592.25	170	0	10
2026.08.27	12:36:00	4592.25	4592.38	4589.89	4590.26	217	0	10
2026.08.27	12:37:00	4590.23	4590.32	4578.10	4583.72	540	0	10
2026.08.27	12:38:00	4583.70	4585.98	4582.38	4583.87	411	0	10
2026.08.27	12:39:00	4583.87	4585.99	4583.49	4584.55	325	0	10
2026.08.27	12:40:00	4584.55	4584.58	4581.93	4583.23	378	0	10
2026.08.27	12:41:00	4583.23	4583.27	4581.56	4582.05	253	0	10
2026.08.27	12:42:00	4582.05	4583.49	4581.80	4582.86	276	0	10
2026.08.27	12:43:00	4582.84	4584.35	4581.94	4582.77	291	0	10
2026.08.27	12:44:00	4582.84	4583.24	4581.21	4582.49	226	0	10
2026.08.27	12:45:00	4582.49	4583.87	4581.41	4582.97	277	0	10
2026.08.27	12:46:00	4582.96	4584.34	4582.74	4583.64	220	0	10
2026.08.27	12:47:00	4583.64	4583.89	4582.92	4583.14	194	0	10
2026.08.27	12:48:00	4583.14	4584.06	4580.80	4583.53	282	0	10
2026.08.27	12:49:00	4583.53	4584.46	4582.63	4582.75	212	0	10
2026.08.27	12:50:00	4582.77	4583.60	4581.39	4581.81	233	0	10
2026.08.27	12:51:00	4581.81	4584.23	4581.81	4584.07	221	0	10
2026.08.27	12:52:00	4584.07	4586.00	4583.69	4585.37	199	0	10
2026.08.27	12:53:00	4585.42	4585.62	4583.00	4583.09	210	0	10
2026.08.27	12:54:00	4583.09	4584.04	4582.45	4582.56	209	0	10
2026.08.27	12:55:00	4582.56	4582.65	4579.79	4581.47	297	0	10
2026.08.27	12:56:00	4581.47	4582.79	4581.05	4582.00	195	0	10
2026.08.27	12:57:00	4582.00	4582.21	4579.96	4580.03	235	0	10
2026.08.27	12:58:00	4580.03	4581.20	4579.15	4579.92	298	0	10
2026.08.27	12:59:00	4579.89	4580.97	4579.24	4580.43	347	0	10
2026.08.27	13:00:00	4580.44	4580.96	4578.87	4580.60	370	0	10
2026.08.27	13:01:00	4580.60	4581.12	4579.48	4579.48	258	0	10
2026.08.27	13:02:00	4579.32	4579.53	4570.31	4570.31	469	0	10
2026.08.27	13:03:00	4570.32	4572.28	4569.34	4569.34	450	0	10
2026.08.27	13:04:00	4569.24	4573.55	4569.24	4572.51	318	0	10
2026.08.27	13:05:00	4572.49	4572.79	4569.94	4571.70	337	0	10
2026.08.27	13:06:00	4571.71	4574.73	4570.65	4574.66	317	0	10
2026.08.27	13:07:00	4574.66	4576.41	4574.53	4574.80	247	0	10
2026.08.27	13:08:00	4574.80	4575.57	4574.57	4575.57	214	0	10
2026.08.27	13:09:00	4575.58	4576.53	4575.29	4576.53	173	0	10
2026.08.27	13:10:00	4576.72	4581.35	4576.69	4581.06	309	0	10
2026.08.27	13:11:00	4581.06	4581.97	4580.45	4580.80	314	0	10
2026.08.27	13:12:00	4580.80	4581.44	4579.08	4580.33	302	0	10
2026.08.27	13:13:00	4580.31	4580.65	4579.17	4579.87	212	0	10
2026.08.27	13:14:00	4579.87	4581.99	4579.38	4581.76	194	0	10
2026.08.27	13:15:00	4581.76	4583.75	4580.17	4580.17	325	0	10
2026.08.27	13:16:00	4580.17	4580.17	4578.09	4578.22	302	0	10
2026.08.27	13:17:00	4578.22	4578.98	4577.62	4577.73	163	0	10
2026.08.27	13:18:00	4577.73	4580.86	4577.66	4580.54	150	0	10
2026.08.27	13:19:00	4580.54	4581.04	4580.34	4580.80	199	0	10
2026.08.27	13:20:00	4580.80	4581.34	4580.26	4581.25	205	0	10
2026.08.27	13:21:00	4581.25	4581.72	4580.07	4581.07	196	0	10
2026.08.27	13:22:00	4581.07	4582.00	4580.86	4581.87	134	0	10
2026.08.27	13:23:00	4581.87	4582.22	4581.24	4581.47	163	0	10
2026.08.27	13:24:00	4581.64	4582.46	4581.61	4582.22	173	0	10
2026.08.27	13:25:00	4582.22	4582.42	4581.04	4581.63	257	0	10
2026.08.27	13:26:00	4581.63	4582.50	4580.46	4581.21	226	0	10
2026.08.27	13:27:00	4581.21	4582.26	4580.89	4582.26	238	0	10
2026.08.27	13:28:00	4582.26	4582.42	4580.07	4580.17	219	0	10
2026.08.27	13:29:00	4580.16	4581.24	4580.14	4580.31	222	0	10
2026.08.27	13:30:00	4580.32	4580.65	4579.79	4580.30	228	0	10
2026.08.27	13:31:00	4580.29	4580.93	4579.65	4579.72	207	0	10
2026.08.27	13:32:00	4579.72	4580.25	4579.44	4580.22	191	0	10
2026.08.27	13:33:00	4580.22	4580.58	4578.41	4579.60	192	0	10
2026.08.27	13:34:00	4579.60	4579.87	4578.45	4578.86	196	0	10
2026.08.27	13:35:00	4578.87	4579.12	4577.36	4578.19	228	0	10
2026.08.27	13:36:00	4577.98	4578.45	4576.68	4577.06	246	0	10
2026.08.27	13:37:00	4577.06	4579.16	4576.47	4579.02	296	0	10
2026.08.27	13:38:00	4579.02	4579.02	4577.68	4577.84	278	0	10
2026.08.27	13:39:00	4577.85	4578.57	4576.85	4576.91	242	0	10
2026.08.27	13:40:00	4576.91	4577.51	4576.18	4577.49	366	0	10
2026.08.27	13:41:00	4577.49	4581.46	4577.20	4581.01	313	0	10
2026.08.27	13:42:00	4581.01	4584.46	4580.99	4583.93	385	0	10
2026.08.27	13:43:00	4583.93	4585.56	4583.68	4585.17	248	0	10
2026.08.27	13:44:00	4585.15	4586.05	4585.15	4585.65	199	0	10
2026.08.27	13:45:00	4585.65	4587.84	4585.58	4587.15	304	0	10
2026.08.27	13:46:00	4587.15	4587.46	4585.78	4586.06	356	0	10
2026.08.27	13:47:00	4586.06	4587.26	4585.83	4586.80	270	0	10
2026.08.27	13:48:00	4586.80	4587.18	4586.34	4587.05	213	0	10
2026.08.27	13:49:00	4587.05	4587.91	4586.72	4586.81	285	0	10
2026.08.27	13:50:00	4586.82	4587.77	4586.78	4587.75	254	0	10
2026.08.27	13:51:00	4587.75	4588.95	4586.22	4588.71	298	0	10
2026.08.27	13:52:00	4588.71	4588.76	4587.16	4587.51	241	0	10
2026.08.27	13:53:00	4587.52	4588.99	4587.35	4588.95	238	0	10
2026.08.27	13:54:00	4588.95	4589.53	4588.02	4589.12	229	0	10
2026.08.27	13:55:00	4589.12	4589.14	4588.54	4589.14	198	0	10
2026.08.27	13:56:00	4589.14	4589.54	4588.31	4588.48	199	0	10
2026.08.27	13:57:00	4588.48	4589.83	4588.44	4589.65	239	0	10
2026.08.27	13:58:00	4589.65	4590.61	4589.16	4590.10	276	0	10
2026.08.27	13:59:00	4590.10	4590.40	4589.55	4590.08	271	0	10
2026.08.27	14:00:00	4590.07	4590.42	4587.26	4588.03	431	0	10
2026.08.27	14:01:00	4588.01	4589.87	4587.99	4589.87	311	0	10
2026.08.27	14:02:00	4589.89	4591.31	4589.27	4590.60	303	0	10
2026.08.27	14:03:00	4590.60	4590.88	4589.20	4589.39	244	0	10
2026.08.27	14:04:00	4589.41	4589.85	4588.67	4588.99	246	0	10
2026.08.27	14:05:00	4589.00	4589.88	4588.98	4589.44	291	0	10
2026.08.27	14:06:00	4589.52	4589.75	4588.94	4589.48	237	0	10
2026.08.27	14:07:00	4589.48	4590.57	4589.40	4590.26	247	0	10
2026.08.27	14:08:00	4590.26	4590.56	4589.79	4590.28	273	0	10
2026.08.27	14:09:00	4590.28	4591.32	4590.27	4590.67	256	0	10
2026.08.27	14:10:00	4590.67	4590.82	4589.83	4590.29	249	0	10
2026.08.27	14:11:00	4590.29	4591.21	4589.81	4590.30	213	0	10
2026.08.27	14:12:00	4590.30	4590.51	4589.83	4590.17	181	0	10
2026.08.27	14:13:00	4590.17	4591.08	4589.82	4591.07	242	0	10
2026.08.27	14:14:00	4591.07	4592.62	4590.47	4592.51	259	0	10
2026.08.27	14:15:00	4592.51	4592.79	4591.57	4591.67	174	0	10
2026.08.27	14:16:00	4591.67	4592.18	4591.55	4591.69	158	0	10
2026.08.27	14:17:00	4591.69	4592.27	4591.31	4591.88	261	0	10
2026.08.27	14:18:00	4591.88	4592.26	4591.66	4591.80	259	0	10
2026.08.27	14:19:00	4591.80	4592.64	4591.11	4592.32	219	0	10
2026.08.27	14:20:00	4592.32	4594.73	4592.28	4594.25	340	0	10
2026.08.27	14:21:00	4594.24	4594.65	4593.52	4594.43	259	0	10
2026.08.27	14:22:00	4594.54	4595.52	4593.63	4594.19	241	0	10
2026.08.27	14:23:00	4594.18	4594.46	4593.30	4593.50	170	0	10
2026.08.27	14:24:00	4593.50	4596.41	4593.50	4596.37	236	0	10
2026.08.27	14:25:00	4596.37	4596.51	4594.55	4595.04	245	0	10
2026.08.27	14:26:00	4595.01	4596.88	4594.95	4595.97	285	0	10
2026.08.27	14:27:00	4595.96	4595.96	4592.96	4593.16	244	0	10
2026.08.27	14:28:00	4593.16	4594.58	4592.84	4594.32	188	0	10
2026.08.27	14:29:00	4594.32	4594.89	4594.26	4594.47	235	0	10
2026.08.27	14:30:00	4594.46	4594.81	4594.09	4594.17	255	0	10
2026.08.27	14:31:00	4594.17	4598.29	4593.82	4596.05	443	0	10
2026.08.27	14:32:00	4596.04	4599.01	4595.01	4598.67	511	0	10
2026.08.27	14:33:00	4598.67	4598.82	4597.48	4597.81	389	0	10
2026.08.27	14:34:00	4597.81	4598.14	4595.59	4595.74	258	0	10
2026.08.27	14:35:00	4595.74	4596.45	4594.00	4595.28	339	0	10
2026.08.27	14:36:00	4595.28	4596.61	4594.94	4595.29	236	0	10
2026.08.27	14:37:00	4595.30	4596.75	4595.19	4595.31	248	0	10
2026.08.27	14:38:00	4595.31	4596.02	4594.89	4595.91	238	0	10
2026.08.27	14:39:00	4595.94	4597.18	4595.33	4596.98	246	0	10
2026.08.27	14:40:00	4596.98	4598.55	4596.69	4598.35	228	0	10
2026.08.27	14:41:00	4598.35	4599.55	4598.31	4599.12	237	0	10
2026.08.27	14:42:00	4599.12	4599.73	4597.94	4598.79	299	0	10
2026.08.27	14:43:00	4598.79	4599.67	4598.25	4599.38	219	0	10
2026.08.27	14:44:00	4599.38	4599.53	4597.57	4597.57	186	0	10
2026.08.27	14:45:00	4597.60	4597.80	4596.99	4597.04	209	0	10
2026.08.27	14:46:00	4597.04	4597.48	4596.76	4596.95	282	0	10
2026.08.27	14:47:00	4596.95	4597.23	4596.15	4596.18	256	0	10
2026.08.27	14:48:00	4596.18	4596.29	4595.06	4595.64	304	0	10
2026.08.27	14:49:00	4595.64	4595.64	4594.81	4595.30	287	0	10
2026.08.27	14:50:00	4595.30	4595.98	4594.54	4595.32	228	0	10
2026.08.27	14:51:00	4595.32	4595.67	4594.89	4595.05	202	0	10
2026.08.27	14:52:00	4595.05	4596.29	4594.98	4595.74	209	0	10
2026.08.27	14:53:00	4595.79	4596.85	4594.95	4596.18	274	0	10
2026.08.27	14:54:00	4596.18	4599.97	4596.18	4599.96	289	0	10
2026.08.27	14:55:00	4600.00	4600.00	4596.97	4597.28	321	0	10
2026.08.27	14:56:00	4597.28	4598.71	4597.17	4598.71	268	0	10
2026.08.27	14:57:00	4598.71	4600.42	4598.32	4598.33	356	0	10
2026.08.27	14:58:00	4598.33	4598.74	4597.50	4598.01	273	0	10
2026.08.27	14:59:00	4598.01	4598.59	4597.94	4598.31	238	0	10
2026.08.27	15:00:00	4598.29	4599.36	4597.85	4599.13	377	0	10
2026.08.27	15:01:00	4599.13	4600.26	4598.62	4600.04	335	0	10
2026.08.27	15:02:00	4600.04	4600.91	4598.83	4600.56	360	0	10
2026.08.27	15:03:00	4600.56	4601.13	4600.30	4600.61	291	0	10
2026.08.27	15:04:00	4600.64	4600.64	4598.19	4598.38	330	0	10
2026.08.27	15:05:00	4598.38	4598.54	4596.18	4596.27	279	0	10
2026.08.27	15:06:00	4596.29	4596.80	4593.86	4594.01	360	0	10
2026.08.27	15:07:00	4594.01	4594.73	4594.01	4594.11	265	0	10
2026.08.27	15:08:00	4594.11	4595.04	4593.97	4594.46	243	0	10
2026.08.27	15:09:00	4594.46	4595.41	4594.37	4595.14	324	0	10
2026.08.27	15:10:00	4595.15	4595.40	4593.71	4594.78	286	0	10
2026.08.27	15:11:00	4594.78	4595.57	4593.84	4594.07	210	0	10
2026.08.27	15:12:00	4594.07	4594.97	4594.05	4594.55	177	0	10
2026.08.27	15:13:00	4594.54	4594.91	4593.97	4594.49	240	0	10
2026.08.27	15:14:00	4594.49	4594.49	4592.57	4592.83	252	0	10
2026.08.27	15:15:00	4592.83	4593.59	4591.81	4593.25	304	0	10
2026.08.27	15:16:00	4593.25	4596.19	4593.25	4594.79	275	0	10
2026.08.27	15:17:00	4594.79	4594.94	4593.43	4594.37	255	0	10
2026.08.27	15:18:00	4594.37	4595.87	4594.01	4594.58	344	0	10
2026.08.27	15:19:00	4594.58	4595.22	4594.02	4594.71	291	0	10
2026.08.27	15:20:00	4594.71	4600.71	4594.71	4596.69	533	0	10
2026.08.27	15:21:00	4596.69	4597.66	4595.00	4596.33	417	0	10
2026.08.27	15:22:00	4596.34	4597.48	4594.94	4596.98	294	0	10
2026.08.27	15:23:00	4596.98	4598.80	4596.86	4598.13	345	0	10
2026.08.27	15:24:00	4598.13	4598.53	4595.72	4596.47	237	0	10
2026.08.27	15:25:00	4596.48	4596.67	4595.37	4595.64	186	0	10
2026.08.27	15:26:00	4595.65	4596.36	4595.21	4595.88	253	0	10
2026.08.27	15:27:00	4595.88	4596.32	4594.94	4595.14	201	0	10
2026.08.27	15:28:00	4595.24	4595.91	4592.57	4592.57	334	0	10
2026.08.27	15:29:00	4592.57	4595.82	4592.55	4595.82	286	0	10
2026.08.27	15:30:00	4595.82	4596.73	4593.17	4593.83	323	0	10
2026.08.27	15:31:00	4593.83	4595.47	4593.08	4593.24	260	0	10
2026.08.27	15:32:00	4593.24	4596.13	4593.24	4595.92	266	0	10
2026.08.27	15:33:00	4595.92	4596.37	4594.19	4594.50	222	0	10
2026.08.27	15:34:00	4594.49	4595.18	4593.12	4593.49	273	0	10
2026.08.27	15:35:00	4593.49	4595.08	4593.26	4594.86	313	0	10
2026.08.27	15:36:00	4594.72	4595.70	4592.47	4592.92	371	0	10
2026.08.27	15:37:00	4592.92	4593.06	4589.13	4589.16	332	0	10
2026.08.27	15:38:00	4589.16	4589.97	4587.89	4588.74	303	0	10
2026.08.27	15:39:00	4588.74	4590.49	4588.13	4589.08	338	0	10
2026.08.27	15:40:00	4589.08	4589.08	4587.19	4588.11	308	0	10
2026.08.27	15:41:00	4588.11	4589.48	4587.06	4588.72	304	0	10
2026.08.27	15:42:00	4588.72	4590.52	4588.72	4589.63	314	0	10
2026.08.27	15:43:00	4589.63	4589.65	4587.34	4588.56	347	0	10
2026.08.27	15:44:00	4588.55	4589.21	4587.57	4587.65	303	0	10
2026.08.27	15:45:00	4587.65	4588.13	4585.82	4586.10	343	0	10
2026.08.27	15:46:00	4586.11	4587.16	4584.93	4585.19	284	0	10
2026.08.27	15:47:00	4585.19	4586.67	4584.72	4586.05	313	0	10
2026.08.27	15:48:00	4585.93	4586.38	4584.37	4584.93	316	0	10
2026.08.27	15:49:00	4585.04	4585.23	4583.27	4583.54	265	0	10
2026.08.27	15:50:00	4583.54	4583.94	4582.32	4583.52	322	0	10
2026.08.27	15:51:00	4583.52	4584.04	4580.39	4581.05	397	0	10
2026.08.27	15:52:00	4581.20	4582.14	4580.78	4581.41	290	0	10
2026.08.27	15:53:00	4581.42	4583.61	4580.83	4583.61	241	0	10
2026.08.27	15:54:00	4583.65	4585.04	4583.54	4584.79	249	0	10
2026.08.27	15:55:00	4584.79	4585.12	4583.90	4584.24	209	0	10
2026.08.27	15:56:00	4584.24	4585.43	4584.05	4585.37	243	0	10
2026.08.27	15:57:00	4585.37	4587.59	4584.96	4586.98	317	0	10
2026.08.27	15:58:00	4586.96	4586.96	4583.55	4583.63	381	0	10
2026.08.27	15:59:00	4583.63	4588.16	4583.58	4585.97	386	0	10
2026.08.27	16:00:00	4586.03	4586.03	4579.69	4584.39	883	0	10
2026.08.27	16:01:00	4584.48	4587.96	4583.33	4585.87	666	0	10
2026.08.27	16:02:00	4585.87	4587.69	4584.52	4587.69	571	0	10
2026.08.27	16:03:00	4587.93	4589.20	4586.78	4588.44	491	0	10
2026.08.27	16:04:00	4588.44	4590.06	4587.67	4588.57	499	0	10
2026.08.27	16:05:00	4588.57	4590.47	4587.20	4589.87	542	0	10
2026.08.27	16:06:00	4589.87	4591.03	4587.54	4587.62	511	0	10
2026.08.27	16:07:00	4587.56	4588.70	4586.17	4586.18	574	0	10
2026.08.27	16:08:00	4586.18	4587.98	4586.12	4587.16	511	0	10
2026.08.27	16:09:00	4587.16	4589.31	4586.44	4586.92	467	0	10
2026.08.27	16:10:00	4586.91	4588.26	4586.06	4588.02	479	0	10
2026.08.27	16:11:00	4588.02	4589.40	4587.65	4589.37	411	0	10
2026.08.27	16:12:00	4589.37	4590.77	4588.07	4590.15	404	0	10
2026.08.27	16:13:00	4590.17	4590.27	4588.73	4589.40	393	0	10
2026.08.27	16:14:00	4589.40	4589.68	4584.49	4585.39	495	0	10
2026.08.27	16:15:00	4585.37	4586.72	4583.15	4586.34	437	0	10
2026.08.27	16:16:00	4586.35	4587.56	4585.46	4585.83	499	0	10
2026.08.27	16:17:00	4585.82	4586.67	4585.50	4586.65	422	0	10
2026.08.27	16:18:00	4586.66	4588.87	4586.40	4586.84	495	0	10
2026.08.27	16:19:00	4586.84	4588.54	4585.62	4586.73	533	0	10
2026.08.27	16:20:00	4586.73	4587.75	4586.51	4587.63	399	0	10
2026.08.27	16:21:00	4587.63	4588.78	4586.86	4587.85	345	0	10
2026.08.27	16:22:00	4587.85	4588.51	4586.51	4587.80	481	0	10
2026.08.27	16:23:00	4587.81	4588.20	4585.29	4587.28	597	0	10
2026.08.27	16:24:00	4587.28	4588.09	4586.68	4587.60	498	0	10
2026.08.27	16:25:00	4587.60	4589.69	4587.18	4589.69	477	0	10
2026.08.27	16:26:00	4589.67	4592.96	4587.81	4592.71	600	0	10
2026.08.27	16:27:00	4592.69	4593.36	4591.38	4592.22	538	0	10
2026.08.27	16:28:00	4592.32	4593.11	4591.39	4592.41	522	0	10
2026.08.27	16:29:00	4592.41	4592.41	4588.49	4590.16	612	0	10
2026.08.27	16:30:00	4590.14	4593.09	4589.90	4590.16	807	0	10
2026.08.27	16:31:00	4590.15	4590.25	4586.59	4586.69	813	0	10
2026.08.27	16:32:00	4586.72	4586.74	4581.54	4583.49	791	0	10
2026.08.27	16:33:00	4583.49	4585.11	4581.44	4584.27	814	0	10
2026.08.27	16:34:00	4584.26	4584.32	4575.67	4575.83	784	0	10
2026.08.27	16:35:00	4575.82	4579.95	4574.75	4577.76	881	0	10
2026.08.27	16:36:00	4577.83	4581.36	4577.83	4579.48	888	0	10
2026.08.27	16:37:00	4579.38	4579.57	4576.97	4578.95	830	0	10
2026.08.27	16:38:00	4578.95	4579.67	4574.15	4575.90	852	0	10
2026.08.27	16:39:00	4575.96	4577.05	4574.94	4575.51	651	0	10
2026.08.27	16:40:00	4575.51	4576.24	4572.42	4572.81	642	0	10
2026.08.27	16:41:00	4572.81	4575.73	4572.40	4574.75	688	0	10
2026.08.27	16:42:00	4574.72	4581.76	4574.72	4581.61	668	0	10
2026.08.27	16:43:00	4581.62	4581.94	4578.43	4581.73	628	0	10
2026.08.27	16:44:00	4581.73	4583.68	4577.30	4578.69	681	0	10
2026.08.27	16:45:00	4578.69	4579.30	4576.09	4579.28	687	0	10
2026.08.27	16:46:00	4579.28	4579.74	4572.59	4573.15	707	0	10
2026.08.27	16:47:00	4573.15	4574.24	4571.90	4572.36	683	0	10
2026.08.27	16:48:00	4572.30	4572.33	4565.34	4570.04	786	0	10
2026.08.27	16:49:00	4570.04	4577.17	4570.03	4577.15	703	0	10
2026.08.27	16:50:00	4577.12	4581.43	4577.08	4580.91	726	0	10
2026.08.27	16:51:00	4580.91	4582.24	4580.49	4581.42	642	0	10
2026.08.27	16:52:00	4581.40	4582.84	4578.40	4580.55	669	0	10
2026.08.27	16:53:00	4580.55	4580.55	4572.74	4573.02	678	0	10
2026.08.27	16:54:00	4573.03	4574.11	4570.64	4572.30	757	0	10
2026.08.27	16:55:00	4572.30	4573.93	4571.34	4572.46	805	0	10
2026.08.27	16:56:00	4572.41	4575.71	4571.24	4574.82	709	0	10
2026.08.27	16:57:00	4574.82	4575.97	4572.38	4573.46	708	0	10
2026.08.27	16:58:00	4573.44	4574.37	4572.37	4573.27	607	0	10
2026.08.27	16:59:00	4573.27	4573.87	4571.55	4572.46	583	0	10
2026.08.27	17:00:00	4572.47	4572.82	4569.61	4572.32	827	0	10
2026.08.27	17:01:00	4572.28	4573.54	4568.60	4570.64	752	0	10
2026.08.27	17:02:00	4570.86	4573.05	4568.87	4570.68	695	0	10
2026.08.27	17:03:00	4570.54	4571.85	4568.45	4571.45	648	0	10
2026.08.27	17:04:00	4571.45	4576.18	4570.65	4575.82	598	0	10
2026.08.27	17:05:00	4575.81	4579.35	4575.81	4577.79	584	0	10
2026.08.27	17:06:00	4577.79	4578.02	4573.57	4573.72	707	0	10
2026.08.27	17:07:00	4573.75	4577.99	4571.65	4577.30	729	0	10
2026.08.27	17:08:00	4577.31	4577.76	4574.99	4576.37	601	0	10
2026.08.27	17:09:00	4576.36	4577.03	4574.74	4574.76	647	0	10
2026.08.27	17:10:00	4574.76	4576.58	4574.70	4575.22	465	0	10
2026.08.27	17:11:00	4575.21	4577.21	4574.71	4577.13	470	0	10
2026.08.27	17:12:00	4577.13	4577.86	4574.51	4574.98	575	0	10
2026.08.27	17:13:00	4575.03	4576.50	4572.17	4575.57	554	0	10
2026.08.27	17:14:00	4575.59	4575.75	4572.25	4573.69	545	0	10
2026.08.27	17:15:00	4573.69	4577.66	4573.65	4577.14	618	0	10
2026.08.27	17:16:00	4577.21	4579.11	4576.19	4578.35	574	0	10
2026.08.27	17:17:00	4578.35	4581.72	4578.35	4579.75	550	0	10
2026.08.27	17:18:00	4579.75	4581.69	4579.63	4581.50	471	0	10
2026.08.27	17:19:00	4581.53	4582.40	4579.26	4579.38	590	0	10
2026.08.27	17:20:00	4579.38	4583.98	4579.37	4583.81	561	0	10
2026.08.27	17:21:00	4583.81	4583.93	4581.51	4581.53	507	0	10
2026.08.27	17:22:00	4581.53	4584.16	4581.19	4581.85	603	0	10
2026.08.27	17:23:00	4581.68	4582.64	4580.89	4581.63	584	0	10
2026.08.27	17:24:00	4581.60	4581.76	4575.12	4578.21	743	0	10
2026.08.27	17:25:00	4578.21	4578.24	4574.10	4575.73	674	0	10
2026.08.27	17:26:00	4575.73	4576.70	4574.88	4576.07	540	0	10
2026.08.27	17:27:00	4576.07	4576.79	4575.36	4576.77	537	0	10
2026.08.27	17:28:00	4576.77	4579.27	4576.57	4579.26	548	0	10
2026.08.27	17:29:00	4579.18	4581.83	4579.05	4581.42	575	0	10
2026.08.27	17:30:00	4581.42	4585.36	4581.29	4583.00	624	0	10
2026.08.27	17:31:00	4583.00	4584.62	4582.03	4584.06	470	0	10
2026.08.27	17:32:00	4584.06	4584.18	4582.53	4583.03	445	0	10
2026.08.27	17:33:00	4583.09	4585.06	4582.83	4584.86	468	0	10
2026.08.27	17:34:00	4584.86	4586.15	4584.58	4585.91	450	0	10
2026.08.27	17:35:00	4585.91	4588.19	4585.71	4588.11	579	0	10
2026.08.27	17:36:00	4588.11	4591.00	4588.06	4590.00	499	0	10
2026.08.27	17:37:00	4590.02	4590.77	4589.51	4590.27	442	0	10
2026.08.27	17:38:00	4590.27	4591.11	4588.63	4590.69	557	0	10
2026.08.27	17:39:00	4590.67	4590.81	4588.67	4589.32	483	0	10
2026.08.27	17:40:00	4589.31	4590.89	4588.46	4588.57	513	0	10
2026.08.27	17:41:00	4588.54	4588.62	4586.83	4587.00	597	0	10
2026.08.27	17:42:00	4587.00	4589.22	4586.86	4589.22	608	0	10
2026.08.27	17:43:00	4589.22	4595.46	4589.20	4595.13	644	0	10
2026.08.27	17:44:00	4595.09	4597.36	4594.72	4595.24	654	0	10
2026.08.27	17:45:00	4595.24	4598.02	4594.68	4597.89	651	0	10
2026.08.27	17:46:00	4597.89	4598.19	4595.87	4596.19	603	0	10
2026.08.27	17:47:00	4596.18	4596.20	4592.40	4593.76	578	0	10
2026.08.27	17:48:00	4593.79	4596.14	4593.79	4594.81	511	0	10
2026.08.27	17:49:00	4594.80	4594.80	4592.52	4593.19	528	0	10
2026.08.27	17:50:00	4593.19	4594.06	4592.60	4592.61	429	0	10
2026.08.27	17:51:00	4592.61	4593.11	4590.85	4592.51	405	0	10
2026.08.27	17:52:00	4592.43	4594.05	4592.18	4592.62	438	0	10
2026.08.27	17:53:00	4592.39	4592.97	4590.89	4592.76	549	0	10
2026.08.27	17:54:00	4592.64	4593.13	4591.32	4591.32	452	0	10
2026.08.27	17:55:00	4591.32	4591.72	4588.20	4589.25	572	0	10
2026.08.27	17:56:00	4589.25	4590.88	4588.52	4590.52	487	0	10
2026.08.27	17:57:00	4590.52	4593.19	4590.29	4590.53	509	0	10
2026.08.27	17:58:00	4590.52	4591.59	4589.97	4591.26	397	0	10
2026.08.27	17:59:00	4591.26	4591.59	4590.60	4591.36	453	0	10
2026.08.27	18:00:00	4591.37	4594.13	4591.27	4593.53	583	0	10
2026.08.27	18:01:00	4593.53	4595.38	4592.97	4595.12	473	0	10
2026.08.27	18:02:00	4595.17	4595.38	4592.88	4593.17	518	0	10
2026.08.27	18:03:00	4593.17	4595.43	4592.56	4592.99	531	0	10
2026.08.27	18:04:00	4592.99	4594.41	4592.41	4594.00	408	0	10
2026.08.27	18:05:00	4593.91	4594.32	4592.37	4593.93	467	0	10
2026.08.27	18:06:00	4593.93	4595.17	4592.81	4592.90	438	0	10
2026.08.27	18:07:00	4592.85	4594.48	4591.20	4591.76	439	0	10
2026.08.27	18:08:00	4591.76	4592.11	4591.12	4591.83	425	0	10
2026.08.27	18:09:00	4591.84	4592.75	4591.46	4592.05	479	0	10
2026.08.27	18:10:00	4592.03	4593.94	4591.75	4593.15	377	0	10
2026.08.27	18:11:00	4593.15	4594.38	4592.50	4593.39	282	0	10
2026.08.27	18:12:00	4593.31	4594.21	4591.77	4593.98	436	0	10
2026.08.27	18:13:00	4593.98	4595.21	4593.53	4595.17	366	0	10
2026.08.27	18:14:00	4595.17	4595.17	4592.02	4592.55	349	0	10
2026.08.27	18:15:00	4592.55	4596.41	4592.50	4596.40	476	0	10
2026.08.27	18:16:00	4596.31	4596.93	4595.54	4596.01	514	0	10
2026.08.27	18:17:00	4596.00	4596.12	4594.14	4596.00	466	0	10
2026.08.27	18:18:00	4596.00	4597.78	4595.35	4597.46	382	0	10
2026.08.27	18:19:00	4597.46	4598.08	4597.08	4597.08	448	0	10
2026.08.27	18:20:00	4597.08	4597.24	4593.74	4594.50	366	0	10
2026.08.27	18:21:00	4594.50	4595.69	4592.61	4592.96	307	0	10
2026.08.27	18:22:00	4592.96	4593.13	4591.10	4591.19	457	0	10
2026.08.27	18:23:00	4591.17	4592.39	4589.26	4592.15	482	0	10
2026.08.27	18:24:00	4592.14	4592.33	4589.94	4590.41	422	0	10
2026.08.27	18:25:00	4590.41	4590.94	4588.92	4590.82	531	0	10
2026.08.27	18:26:00	4590.82	4591.86	4590.60	4591.29	429	0	10
2026.08.27	18:27:00	4591.29	4592.51	4591.20	4592.24	404	0	10
2026.08.27	18:28:00	4592.23	4595.45	4592.16	4595.45	443	0	10
2026.08.27	18:29:00	4595.45	4595.65	4592.34	4592.99	484	0	10
2026.08.27	18:30:00	4592.97	4595.81	4592.14	4595.81	548	0	10
2026.08.27	18:31:00	4595.81	4597.92	4595.35	4597.83	485	0	10
2026.08.27	18:32:00	4597.83	4598.81	4596.49	4596.54	566	0	10
2026.08.27	18:33:00	4596.54	4597.18	4595.19	4597.01	412	0	10
2026.08.27	18:34:00	4597.00	4597.68	4595.82	4597.20	507	0	10
2026.08.27	18:35:00	4597.21	4599.24	4596.04	4598.69	506	0	10
2026.08.27	18:36:00	4598.69	4599.25	4596.45	4597.06	504	0	10
2026.08.27	18:37:00	4597.06	4599.25	4597.06	4599.00	516	0	10
2026.08.27	18:38:00	4599.05	4599.29	4598.75	4598.93	303	0	10
2026.08.27	18:39:00	4598.93	4599.59	4598.57	4599.55	366	0	10
2026.08.27	18:40:00	4599.56	4602.44	4599.33	4600.34	509	0	10
2026.08.27	18:41:00	4600.34	4604.29	4599.92	4604.04	543	0	10
2026.08.27	18:42:00	4604.11	4605.78	4602.98	4605.45	602	0	10
2026.08.27	18:43:00	4605.45	4605.50	4602.54	4602.79	513	0	10
2026.08.27	18:44:00	4602.80	4602.81	4600.97	4601.17	492	0	10
2026.08.27	18:45:00	4601.18	4603.13	4600.19	4602.06	606	0	10
2026.08.27	18:46:00	4602.06	4602.11	4600.23	4601.55	549	0	10
2026.08.27	18:47:00	4601.55	4604.30	4601.50	4603.20	462	0	10
2026.08.27	18:48:00	4603.20	4604.02	4602.12	4603.29	477	0	10
2026.08.27	18:49:00	4603.29	4604.57	4603.03	4604.19	417	0	10
2026.08.27	18:50:00	4604.19	4606.04	4604.16	4605.58	471	0	10
2026.08.27	18:51:00	4605.58	4605.59	4604.40	4605.03	435	0	10
2026.08.27	18:52:00	4605.03	4605.05	4603.38	4604.54	398	0	10
2026.08.27	18:53:00	4604.54	4608.37	4604.35	4607.90	492	0	10
2026.08.27	18:54:00	4607.90	4609.91	4607.76	4609.43	593	0	10
2026.08.27	18:55:00	4609.43	4610.70	4609.03	4609.06	457	0	10
2026.08.27	18:56:00	4609.08	4610.05	4608.17	4609.65	464	0	10
2026.08.27	18:57:00	4609.65	4611.24	4608.64	4610.53	447	0	10
2026.08.27	18:58:00	4610.53	4611.02	4609.96	4610.08	376	0	10
2026.08.27	18:59:00	4610.08	4610.87	4609.22	4610.48	448	0	10
2026.08.27	19:00:00	4610.46	4611.53	4610.04	4611.35	542	0	10
2026.08.27	19:01:00	4611.35	4612.59	4610.67	4611.27	441	0	10
2026.08.27	19:02:00	4611.27	4611.36	4609.26	4609.92	390	0	10
2026.08.27	19:03:00	4609.92	4610.73	4609.12	4610.73	281	0	10
2026.08.27	19:04:00	4610.73	4613.02	4610.73	4611.61	382	0	10
2026.08.27	19:05:00	4611.61	4611.61	4608.21	4608.37	410	0	10
2026.08.27	19:06:00	4608.36	4608.52	4607.04	4607.45	462	0	10
2026.08.27	19:07:00	4607.45	4607.68	4606.05	4606.13	425	0	10
2026.08.27	19:08:00	4606.13	4607.20	4605.97	4606.16	457	0	10
2026.08.27	19:09:00	4606.14	4608.15	4605.94	4607.10	451	0	10
2026.08.27	19:10:00	4607.19	4607.51	4606.16	4607.38	333	0	10
2026.08.27	19:11:00	4607.38	4607.77	4606.01	4606.53	430	0	10
2026.08.27	19:12:00	4606.53	4607.20	4605.37	4606.33	365	0	10
2026.08.27	19:13:00	4606.33	4606.79	4605.47	4606.71	340	0	10
2026.08.27	19:14:00	4606.71	4606.77	4604.46	4604.54	371	0	10
2026.08.27	19:15:00	4604.45	4605.32	4604.06	4605.01	404	0	10
2026.08.27	19:16:00	4605.01	4605.59	4603.77	4604.18	367	0	10
2026.08.27	19:17:00	4604.18	4605.34	4604.08	4604.75	348	0	10
2026.08.27	19:18:00	4604.75	4604.82	4602.44	4604.11	371	0	10
2026.08.27	19:19:00	4604.11	4604.27	4602.93	4603.10	305	0	10
2026.08.27	19:20:00	4603.10	4606.04	4603.08	4605.06	325	0	10
2026.08.27	19:21:00	4605.06	4605.92	4604.98	4605.72	302	0	10
2026.08.27	19:22:00	4605.72	4605.78	4604.07	4605.17	337	0	10
2026.08.27	19:23:00	4605.17	4608.09	4605.12	4606.67	395	0	10
2026.08.27	19:24:00	4606.67	4606.77	4606.13	4606.38	284	0	10
2026.08.27	19:25:00	4606.38	4606.95	4605.92	4606.22	277	0	10
2026.08.27	19:26:00	4606.22	4607.75	4605.91	4607.44	360	0	10
2026.08.27	19:27:00	4607.44	4607.85	4606.93	4607.48	368	0	10
2026.08.27	19:28:00	4607.47	4608.63	4606.91	4607.71	333	0	10
2026.08.27	19:29:00	4607.71	4608.02	4607.46	4607.74	287	0	10
2026.08.27	19:30:00	4607.74	4608.15	4606.11	4606.65	428	0	10
2026.08.27	19:31:00	4606.65	4607.72	4606.64	4607.29	324	0	10
2026.08.27	19:32:00	4607.29	4607.98	4607.05	4607.86	257	0	10
2026.08.27	19:33:00	4607.86	4608.61	4607.19	4608.50	311	0	10
2026.08.27	19:34:00	4608.50	4608.98	4608.11	4608.84	325	0	10
2026.08.27	19:35:00	4608.84	4609.05	4607.75	4608.64	341	0	10
2026.08.27	19:36:00	4608.64	4609.26	4608.11	4608.79	315	0	10
2026.08.27	19:37:00	4608.79	4612.84	4608.54	4612.67	437	0	10
2026.08.27	19:38:00	4612.67	4612.68	4608.29	4608.74	432	0	10
2026.08.27	19:39:00	4608.75	4612.21	4608.43	4611.84	357	0	10
2026.08.27	19:40:00	4611.84	4611.96	4610.28	4610.71	347	0	10
2026.08.27	19:41:00	4610.72	4610.89	4609.95	4610.03	273	0	10
2026.08.27	19:42:00	4610.03	4610.70	4610.01	4610.41	277	0	10
2026.08.27	19:43:00	4610.41	4611.27	4610.27	4611.17	301	0	10
2026.08.27	19:44:00	4611.16	4611.56	4610.79	4611.53	325	0	10
2026.08.27	19:45:00	4611.54	4613.67	4611.35	4613.57	460	0	10
2026.08.27	19:46:00	4613.56	4614.51	4612.08	4612.64	528	0	10
2026.08.27	19:47:00	4612.64	4612.64	4610.64	4610.92	462	0	10
2026.08.27	19:48:00	4610.92	4612.73	4610.34	4611.11	437	0	10
2026.08.27	19:49:00	4611.11	4611.62	4610.68	4611.04	326	0	10
2026.08.27	19:50:00	4611.02	4612.41	4610.23	4612.08	283	0	10
2026.08.27	19:51:00	4612.08	4612.73	4611.85	4612.30	326	0	10
2026.08.27	19:52:00	4612.28	4615.20	4612.28	4614.93	406	0	10
2026.08.27	19:53:00	4614.93	4616.19	4614.93	4616.02	472	0	10
2026.08.27	19:54:00	4616.01	4616.65	4615.74	4616.01	411	0	10
2026.08.27	19:55:00	4616.04	4616.24	4613.51	4614.14	452	0	10
2026.08.27	19:56:00	4614.14	4614.14	4612.30	4613.38	392	0	10
2026.08.27	19:57:00	4613.39	4613.84	4612.91	4613.79	300	0	10
2026.08.27	19:58:00	4613.79	4614.70	4613.41	4614.28	248	0	10
2026.08.27	19:59:00	4614.28	4615.01	4614.02	4614.94	340	0	10
2026.08.27	20:00:00	4615.00	4616.59	4614.82	4615.48	530	0	10
2026.08.27	20:01:00	4615.48	4615.93	4614.16	4614.28	387	0	10
2026.08.27	20:02:00	4614.28	4614.28	4612.37	4613.13	445	0	10
2026.08.27	20:03:00	4613.13	4615.44	4612.83	4615.28	409	0	10
2026.08.27	20:04:00	4615.28	4615.40	4614.03	4614.13	430	0	10
2026.08.27	20:05:00	4614.13	4614.21	4611.97	4612.09	380	0	10
2026.08.27	20:06:00	4612.09	4612.26	4610.59	4611.36	314	0	10
2026.08.27	20:07:00	4611.34	4611.68	4611.04	4611.10	255	0	10
2026.08.27	20:08:00	4611.09	4611.54	4610.09	4610.59	352	0	10
2026.08.27	20:09:00	4610.59	4612.32	4610.47	4610.48	340	0	10
2026.08.27	20:10:00	4610.48	4610.61	4608.63	4609.68	328	0	10
2026.08.27	20:11:00	4609.72	4611.29	4609.66	4611.24	281	0	10
2026.08.27	20:12:00	4611.24	4611.54	4610.99	4611.01	282	0	10
2026.08.27	20:13:00	4611.01	4611.38	4610.37	4611.25	308	0	10
2026.08.27	20:14:00	4611.25	4611.48	4610.08	4610.21	380	0	10
2026.08.27	20:15:00	4610.28	4610.54	4609.51	4609.60	264	0	10
2026.08.27	20:16:00	4609.60	4610.11	4609.02	4609.37	325	0	10
2026.08.27	20:17:00	4609.36	4609.62	4608.56	4608.70	398	0	10
2026.08.27	20:18:00	4608.70	4609.92	4608.41	4608.82	361	0	10
2026.08.27	20:19:00	4608.82	4609.99	4608.61	4609.01	350	0	10
2026.08.27	20:20:00	4609.09	4610.09	4609.07	4609.99	313	0	10
2026.08.27	20:21:00	4609.99	4610.96	4609.51	4610.54	359	0	10
2026.08.27	20:22:00	4610.54	4610.85	4609.99	4610.06	307	0	10
2026.08.27	20:23:00	4610.06	4611.01	4609.97	4610.99	314	0	10
2026.08.27	20:24:00	4610.99	4612.07	4609.54	4611.73	494	0	10
2026.08.27	20:25:00	4611.73	4612.07	4610.55	4610.64	343	0	10
2026.08.27	20:26:00	4610.64	4611.90	4610.27	4611.73	299	0	10
2026.08.27	20:27:00	4611.73	4611.74	4610.00	4610.23	291	0	10
2026.08.27	20:28:00	4610.23	4611.35	4609.70	4610.48	287	0	10
2026.08.27	20:29:00	4610.49	4611.23	4608.87	4610.39	588	0	10
2026.08.27	20:30:00	4610.39	4610.56	4609.30	4610.03	435	0	10
2026.08.27	20:31:00	4610.03	4611.18	4609.31	4610.15	394	0	10
2026.08.27	20:32:00	4610.15	4611.53	4609.73	4611.33	407	0	10
2026.08.27	20:33:00	4611.33	4611.66	4610.75	4610.81	388	0	10
2026.08.27	20:34:00	4610.80	4611.45	4609.88	4610.05	281	0	10
2026.08.27	20:35:00	4610.05	4610.15	4609.11	4609.67	265	0	10
2026.08.27	20:36:00	4609.67	4609.75	4608.43	4608.71	347	0	10
2026.08.27	20:37:00	4608.71	4609.52	4608.42	4609.09	303	0	10
2026.08.27	20:38:00	4609.09	4610.57	4608.98	4610.26	290	0	10
2026.08.27	20:39:00	4610.31	4611.34	4609.71	4611.23	322	0	10
2026.08.27	20:40:00	4611.23	4614.34	4611.02	4613.59	408	0	10
2026.08.27	20:41:00	4613.59	4613.60	4612.39	4613.29	240	0	10
2026.08.27	20:42:00	4613.30	4613.33	4612.27	4613.12	212	0	10
2026.08.27	20:43:00	4613.16	4613.16	4612.05	4612.67	257	0	10
2026.08.27	20:44:00	4612.67	4613.64	4609.70	4611.12	397	0	10
2026.08.27	20:45:00	4611.14	4611.69	4609.42	4611.19	597	0	10
2026.08.27	20:46:00	4611.19	4611.68	4610.43	4610.78	530	0	10
2026.08.27	20:47:00	4610.79	4610.79	4608.52	4608.71	472	0	10
2026.08.27	20:48:00	4608.71	4608.84	4606.68	4607.35	475	0	10
2026.08.27	20:49:00	4607.35	4610.25	4607.29	4609.93	422	0	10
2026.08.27	20:50:00	4609.93	4610.28	4609.45	4609.86	386	0	10
2026.08.27	20:51:00	4609.86	4609.99	4606.73	4608.32	424	0	10
2026.08.27	20:52:00	4608.32	4609.64	4608.09	4609.64	390	0	10
2026.08.27	20:53:00	4609.64	4609.67	4608.05	4608.19	431	0	10
2026.08.27	20:54:00	4608.19	4608.46	4607.50	4607.98	519	0	10
2026.08.27	20:55:00	4607.98	4609.04	4607.85	4607.97	370	0	10
2026.08.27	20:56:00	4607.97	4608.22	4607.02	4607.34	394	0	10
2026.08.27	20:57:00	4607.27	4607.45	4605.56	4605.89	477	0	10
2026.08.27	20:58:00	4605.83	4606.41	4605.15	4606.32	343	0	10
2026.08.27	20:59:00	4606.32	4606.89	4606.29	4606.55	305	0	10
2026.08.27	21:00:00	4606.55	4607.45	4605.97	4606.26	466	0	10
2026.08.27	21:01:00	4606.29	4606.35	4604.03	4604.37	497	0	10
2026.08.27	21:02:00	4604.20	4604.20	4602.71	4603.83	569	0	10
2026.08.27	21:03:00	4603.84	4604.35	4603.14	4603.81	442	0	10
2026.08.27	21:04:00	4603.82	4603.97	4602.13	4602.99	544	0	10
2026.08.27	21:05:00	4603.01	4604.30	4602.77	4603.57	423	0	10
2026.08.27	21:06:00	4603.59	4605.51	4603.29	4605.46	416	0	10
2026.08.27	21:07:00	4605.46	4607.43	4604.82	4607.38	429	0	10
2026.08.27	21:08:00	4607.38	4608.10	4606.91	4607.24	268	0	10
2026.08.27	21:09:00	4607.24	4607.33	4604.52	4604.66	449	0	10
2026.08.27	21:10:00	4604.66	4606.49	4604.43	4605.55	339	0	10
2026.08.27	21:11:00	4605.55	4605.95	4605.00	4605.22	396	0	10
2026.08.27	21:12:00	4605.22	4605.36	4603.82	4604.65	433	0	10
2026.08.27	21:13:00	4604.57	4606.39	4604.57	4605.05	497	0	10
2026.08.27	21:14:00	4605.13	4605.64	4604.27	4605.64	485	0	10
2026.08.27	21:15:00	4605.64	4606.45	4604.93	4606.43	375	0	10
2026.08.27	21:16:00	4606.42	4606.85	4605.48	4606.78	354	0	10
2026.08.27	21:17:00	4606.78	4607.23	4605.52	4606.23	394	0	10
2026.08.27	21:18:00	4606.23	4607.03	4605.83	4607.00	375	0	10
2026.08.27	21:19:00	4606.99	4607.95	4606.90	4607.84	433	0	10
2026.08.27	21:20:00	4607.86	4608.04	4606.63	4607.04	351	0	10
2026.08.27	21:21:00	4606.98	4606.99	4604.38	4604.85	464	0	10
2026.08.27	21:22:00	4604.86	4605.87	4604.52	4605.65	359	0	10
2026.08.27	21:23:00	4605.65	4605.82	4604.38	4604.42	383	0	10
2026.08.27	21:24:00	4604.43	4604.55	4603.19	4603.49	316	0	10
2026.08.27	21:25:00	4603.49	4603.59	4602.56	4602.62	386	0	10
2026.08.27	21:26:00	4602.62	4603.41	4602.29	4603.13	367	0	10
2026.08.27	21:27:00	4603.13	4603.28	4602.32	4602.70	390	0	10
2026.08.27	21:28:00	4602.70	4602.89	4602.05	4602.46	437	0	10
2026.08.27	21:29:00	4602.46	4603.00	4601.47	4601.74	352	0	10
2026.08.27	21:30:00	4601.73	4603.86	4601.24	4603.38	403	0	10
2026.08.27	21:31:00	4603.38	4603.39	4601.92	4602.29	339	0	10
2026.08.27	21:32:00	4602.30	4603.82	4602.16	4603.04	340	0	10
2026.08.27	21:33:00	4603.04	4603.15	4601.55	4601.57	271	0	10
2026.08.27	21:34:00	4601.51	4602.44	4600.95	4602.17	273	0	10
2026.08.27	21:35:00	4602.15	4602.78	4601.81	4602.54	348	0	10
2026.08.27	21:36:00	4602.54	4603.75	4602.38	4603.63	315	0	10
2026.08.27	21:37:00	4603.63	4604.15	4603.46	4603.65	313	0	10
2026.08.27	21:38:00	4603.65	4605.16	4603.63	4604.99	294	0	10
2026.08.27	21:39:00	4605.00	4605.00	4603.62	4604.41	337	0	10
2026.08.27	21:40:00	4604.41	4604.67	4603.85	4604.34	303	0	10
2026.08.27	21:41:00	4604.34	4604.80	4604.02	4604.02	256	0	10
2026.08.27	21:42:00	4604.05	4604.69	4603.80	4604.42	255	0	10
2026.08.27	21:43:00	4604.42	4604.58	4604.15	4604.28	218	0	10
2026.08.27	21:44:00	4604.28	4604.82	4604.16	4604.60	215	0	10
2026.08.27	21:45:00	4604.61	4605.38	4604.31	4604.81	193	0	10
2026.08.27	21:46:00	4604.81	4606.63	4604.41	4606.26	243	0	10
2026.08.27	21:47:00	4606.26	4606.35	4605.53	4606.34	232	0	10
2026.08.27	21:48:00	4606.34	4606.91	4606.22	4606.36	240	0	10
2026.08.27	21:49:00	4606.36	4606.43	4605.71	4605.88	248	0	10
2026.08.27	21:50:00	4605.88	4606.75	4604.99	4606.66	382	0	10
2026.08.27	21:51:00	4606.66	4608.49	4605.67	4608.42	287	0	10
2026.08.27	21:52:00	4608.42	4611.12	4608.17	4610.99	304	0	10
2026.08.27	21:53:00	4611.05	4611.20	4609.79	4609.83	295	0	10
2026.08.27	21:54:00	4609.83	4610.47	4609.23	4609.23	329	0	10
2026.08.27	21:55:00	4609.23	4610.26	4608.74	4610.01	412	0	10
2026.08.27	21:56:00	4610.01	4610.18	4609.28	4609.54	341	0	10
2026.08.27	21:57:00	4609.54	4609.95	4609.12	4609.80	304	0	10
2026.08.27	21:58:00	4609.80	4610.73	4609.46	4610.66	222	0	10
2026.08.27	21:59:00	4610.66	4610.70	4609.61	4610.33	381	0	10
2026.08.27	22:00:00	4610.33	4612.36	4610.33	4612.24	517	0	10
2026.08.27	22:01:00	4612.24	4613.20	4612.13	4612.47	344	0	10
2026.08.27	22:02:00	4612.47	4615.57	4612.27	4615.51	343	0	10
2026.08.27	22:03:00	4615.48	4616.73	4613.58	4614.04	344	0	10
2026.08.27	22:04:00	4614.04	4614.17	4613.27	4613.47	223	0	10
2026.08.27	22:05:00	4613.47	4616.10	4612.71	4613.82	537	0	10
2026.08.27	22:06:00	4613.82	4615.06	4613.38	4614.85	344	0	10
2026.08.27	22:07:00	4614.85	4616.72	4614.60	4615.71	431	0	10
2026.08.27	22:08:00	4615.71	4617.26	4615.43	4617.15	391	0	10
2026.08.27	22:09:00	4617.15	4618.04	4616.50	4616.91	391	0	10
2026.08.27	22:10:00	4616.91	4617.00	4615.18	4615.18	336	0	10
2026.08.27	22:11:00	4615.18	4615.46	4614.91	4615.11	243	0	10
2026.08.27	22:12:00	4615.11	4616.53	4614.96	4615.81	278	0	10
2026.08.27	22:13:00	4615.81	4616.15	4614.92	4614.94	280	0	10
2026.08.27	22:14:00	4614.93	4615.96	4614.91	4615.58	276	0	10
2026.08.27	22:15:00	4615.58	4616.12	4611.54	4611.59	428	0	10
2026.08.27	22:16:00	4611.59	4612.28	4611.52	4612.13	286	0	10
2026.08.27	22:17:00	4612.14	4612.20	4610.17	4610.48	275	0	10
2026.08.27	22:18:00	4610.48	4611.01	4609.51	4610.68	381	0	10
2026.08.27	22:19:00	4610.68	4611.49	4610.38	4611.49	316	0	10
2026.08.27	22:20:00	4611.45	4611.67	4608.16	4608.39	333	0	10
2026.08.27	22:21:00	4608.39	4608.47	4607.20	4607.20	259	0	10
2026.08.27	22:22:00	4607.20	4607.80	4606.49	4606.84	259	0	10
2026.08.27	22:23:00	4606.84	4607.91	4606.67	4607.61	282	0	10
2026.08.27	22:24:00	4607.61	4607.88	4607.31	4607.48	238	0	10
2026.08.27	22:25:00	4607.49	4607.92	4606.12	4607.81	287	0	10
2026.08.27	22:26:00	4607.70	4608.06	4607.03	4607.92	228	0	10
2026.08.27	22:27:00	4607.92	4608.37	4604.47	4604.82	335	0	10
2026.08.27	22:28:00	4604.82	4605.79	4604.28	4605.54	178	0	10
2026.08.27	22:29:00	4605.54	4606.56	4605.54	4605.93	230	0	10
2026.08.27	22:30:00	4605.93	4606.39	4604.96	4605.66	453	0	10
2026.08.27	22:31:00	4605.66	4607.12	4604.86	4607.08	369	0	10
2026.08.27	22:32:00	4607.08	4608.12	4606.22	4606.43	356	0	10
2026.08.27	22:33:00	4606.43	4607.00	4606.01	4606.81	291	0	10
2026.08.27	22:34:00	4606.81	4607.82	4606.64	4607.25	328	0	10
2026.08.27	22:35:00	4607.25	4608.13	4607.00	4607.95	334	0	10
2026.08.27	22:36:00	4607.95	4608.17	4607.65	4607.87	368	0	10
2026.08.27	22:37:00	4607.87	4608.40	4607.41	4608.06	278	0	10
2026.08.27	22:38:00	4608.06	4608.14	4606.77	4608.12	331	0	10
2026.08.27	22:39:00	4608.12	4608.13	4607.61	4607.75	349	0	10
2026.08.27	22:40:00	4607.75	4608.59	4607.73	4607.94	311	0	10
2026.08.27	22:41:00	4607.94	4610.26	4607.90	4609.69	257	0	10
2026.08.27	22:42:00	4609.68	4609.91	4609.38	4609.91	210	0	10
2026.08.27	22:43:00	4609.91	4609.92	4608.68	4608.71	282	0	10
2026.08.27	22:44:00	4608.71	4609.93	4608.66	4609.84	234	0	10
2026.08.27	22:45:00	4609.87	4610.35	4608.60	4609.90	388	0	10
2026.08.27	22:46:00	4609.90	4611.64	4609.87	4611.48	306	0	10
2026.08.27	22:47:00	4611.49	4612.75	4611.49	4611.81	309	0	10
2026.08.27	22:48:00	4611.81	4612.04	4610.93	4611.10	344	0	10
2026.08.27	22:49:00	4611.10	4611.48	4610.30	4610.30	323	0	10
2026.08.27	22:50:00	4610.17	4610.36	4608.51	4608.55	467	0	10
2026.08.27	22:51:00	4608.55	4608.89	4607.29	4607.37	416	0	10
2026.08.27	22:52:00	4607.37	4607.91	4606.74	4607.14	341	0	10
2026.08.27	22:53:00	4607.15	4607.69	4606.83	4607.12	314	0	10
2026.08.27	22:54:00	4607.10	4608.64	4607.05	4608.14	305	0	10
2026.08.27	22:55:00	4608.14	4608.14	4605.36	4606.28	447	0	10
2026.08.27	22:56:00	4606.27	4607.61	4605.73	4607.56	378	0	10
2026.08.27	22:57:00	4607.53	4608.61	4607.37	4608.56	351	0	10
2026.08.27	22:58:00	4608.59	4609.86	4607.68	4609.45	504	0	10
2026.08.27	22:59:00	4609.45	4609.92	4608.70	4609.41	508	0	10
2026.08.27	23:00:00	4609.37	4609.70	4607.07	4607.07	327	0	10
2026.08.27	23:01:00	4607.07	4607.50	4606.41	4606.41	133	0	10
2026.08.27	23:02:00	4606.32	4606.36	4605.75	4605.77	124	0	10
2026.08.27	23:03:00	4605.77	4606.28	4604.90	4605.15	187	0	10
2026.08.27	23:04:00	4605.15	4605.52	4604.75	4605.19	137	0	10
2026.08.27	23:05:00	4605.19	4605.30	4604.15	4604.83	184	0	10
2026.08.27	23:06:00	4604.71	4605.04	4604.10	4604.10	144	0	10
2026.08.27	23:07:00	4604.10	4604.45	4604.03	4604.20	74	0	10
2026.08.27	23:08:00	4604.20	4604.66	4604.10	4604.15	91	0	10
2026.08.27	23:09:00	4604.15	4604.38	4603.95	4604.17	111	0	10
2026.08.27	23:10:00	4604.17	4606.09	4604.17	4605.58	210	0	10
2026.08.27	23:11:00	4605.58	4606.27	4604.80	4605.09	115	0	10
2026.08.27	23:12:00	4605.09	4605.30	4604.78	4605.05	132	0	10
2026.08.27	23:13:00	4605.05	4605.05	4603.85	4603.88	123	0	10
2026.08.27	23:14:00	4603.88	4605.35	4603.71	4604.96	128	0	10
2026.08.27	23:15:00	4604.96	4605.12	4604.58	4605.01	145	0	10
2026.08.27	23:16:00	4605.01	4605.26	4604.94	4605.14	89	0	10
2026.08.27	23:17:00	4605.14	4605.14	4604.79	4605.01	92	0	10
2026.08.27	23:18:00	4605.01	4605.16	4604.85	4605.00	70	0	10
2026.08.27	23:19:00	4605.00	4605.40	4604.90	4605.39	109	0	10
2026.08.27	23:20:00	4605.39	4605.50	4605.29	4605.33	99	0	10
2026.08.27	23:21:00	4605.33	4605.52	4604.87	4605.03	102	0	10
2026.08.27	23:22:00	4605.01	4605.47	4605.01	4605.41	79	0	10
2026.08.27	23:23:00	4605.44	4605.47	4604.69	4604.76	96	0	10
2026.08.27	23:24:00	4604.79	4604.98	4604.76	4604.83	57	0	10
2026.08.27	23:25:00	4604.82	4604.83	4603.19	4603.20	113	0	10
2026.08.27	23:26:00	4603.20	4603.47	4602.75	4603.17	85	0	10
2026.08.27	23:27:00	4603.17	4603.29	4602.92	4603.23	96	0	10
2026.08.27	23:28:00	4603.23	4603.88	4603.19	4603.30	105	0	10
2026.08.27	23:29:00	4603.30	4603.80	4603.06	4603.75	122	0	10
2026.08.27	23:30:00	4603.75	4604.14	4603.66	4603.75	116	0	10
2026.08.27	23:31:00	4603.75	4603.76	4603.22	4603.48	81	0	10
2026.08.27	23:32:00	4603.48	4603.76	4603.44	4603.54	78	0	10
2026.08.27	23:33:00	4603.50	4603.72	4603.47	4603.65	76	0	10
2026.08.27	23:34:00	4603.65	4603.67	4603.44	4603.57	107	0	10
2026.08.27	23:35:00	4603.57	4603.58	4602.55	4602.73	93	0	10
2026.08.27	23:36:00	4602.73	4602.76	4602.06	4602.63	102	0	10
2026.08.27	23:37:00	4602.62	4603.12	4602.47	4602.96	96	0	10
2026.08.27	23:38:00	4602.96	4603.65	4602.94	4603.53	104	0	10
2026.08.27	23:39:00	4603.51	4603.54	4603.27	4603.29	60	0	10
2026.08.27	23:40:00	4603.28	4603.50	4603.15	4603.50	65	0	10
2026.08.27	23:41:00	4603.50	4604.40	4603.41	4604.33	89	0	10
2026.08.27	23:42:00	4604.33	4604.54	4603.89	4604.00	84	0	10
2026.08.27	23:43:00	4603.99	4604.27	4603.67	4603.81	105	0	10
2026.08.27	23:44:00	4603.84	4604.09	4603.78	4603.87	121	0	10
2026.08.27	23:45:00	4603.87	4604.15	4603.39	4603.99	123	0	10
2026.08.27	23:46:00	4603.99	4603.99	4602.91	4603.20	106	0	10
2026.08.27	23:47:00	4603.18	4603.32	4602.92	4603.26	95	0	10
2026.08.27	23:48:00	4603.26	4603.27	4602.61	4602.69	95	0	10
2026.08.27	23:49:00	4602.69	4604.72	4602.18	4604.71	198	0	10
2026.08.27	23:50:00	4604.71	4604.81	4603.13	4603.16	173	0	10
2026.08.27	23:51:00	4603.13	4603.76	4602.46	4602.59	171	0	10
2026.08.27	23:52:00	4602.59	4602.86	4601.52	4602.22	167	0	10
2026.08.27	23:53:00	4602.18	4602.61	4601.93	4602.00	98	0	10
2026.08.27	23:54:00	4602.02	4602.02	4600.91	4601.05	140	0	10
2026.08.27	23:55:00	4601.06	4601.06	4600.17	4600.47	120	0	10
2026.08.27	23:56:00	4600.49	4600.87	4600.15	4600.74	133	0	10
2026.08.27	23:57:00	4600.74	4600.86	4600.28	4600.67	180	0	10
2026.08.27	23:58:00	4600.67	4601.82	4600.55	4601.75	151	0	10
2026.08.28	01:00:00	4603.14	4608.40	4600.72	4607.90	503	0	10
2026.08.28	01:01:00	4607.18	4607.79	4605.56	4606.53	333	0	10
2026.08.28	01:02:00	4606.53	4606.91	4603.00	4603.05	216	0	10
2026.08.28	01:03:00	4603.02	4604.21	4602.06	4603.14	253	0	10
2026.08.28	01:04:00	4603.09	4603.25	4601.69	4601.99	125	0	10
2026.08.28	01:05:00	4602.00	4602.06	4601.08	4601.71	134	0	10
2026.08.28	01:06:00	4601.73	4602.49	4601.33	4602.20	101	0	10
2026.08.28	01:07:00	4602.20	4602.57	4601.92	4602.40	124	0	10
2026.08.28	01:08:00	4602.41	4604.01	4602.41	4603.85	151	0	10
2026.08.28	01:09:00	4604.00	4605.44	4603.94	4605.07	112	0	10
2026.08.28	01:10:00	4605.07	4605.07	4604.21	4604.70	142	0	10
2026.08.28	01:11:00	4604.70	4604.86	4604.53	4604.79	85	0	10
2026.08.28	01:12:00	4604.76	4605.26	4604.32	4605.14	80	0	10
2026.08.28	01:13:00	4605.08	4605.13	4604.18	4604.33	77	0	10
2026.08.28	01:14:00	4604.33	4605.01	4603.86	4604.89	120	0	10
2026.08.28	01:15:00	4604.87	4605.37	4604.42	4604.78	115	0	10
2026.08.28	01:16:00	4604.78	4605.46	4604.70	4605.11	103	0	10
2026.08.28	01:17:00	4605.12	4605.91	4605.12	4605.61	107	0	10
2026.08.28	01:18:00	4605.59	4605.78	4605.00	4605.78	89	0	10
2026.08.28	01:19:00	4605.78	4606.33	4605.57	4605.98	97	0	10
2026.08.28	01:20:00	4605.97	4607.41	4605.97	4607.24	122	0	10
2026.08.28	01:21:00	4607.24	4607.87	4607.02	4607.67	105	0	10
2026.08.28	01:22:00	4607.67	4608.41	4607.67	4608.03	135	0	10
2026.08.28	01:23:00	4608.05	4608.44	4607.67	4608.04	104	0	10
2026.08.28	01:24:00	4608.09	4608.45	4608.00	4608.35	99	0	10
2026.08.28	01:25:00	4608.35	4608.38	4607.64	4607.75	84	0	10
2026.08.28	01:26:00	4607.75	4608.20	4606.50	4606.61	156	0	10
2026.08.28	01:27:00	4606.61	4607.82	4606.60	4607.50	159	0	10
2026.08.28	01:28:00	4607.50	4607.93	4607.14	4607.54	119	0	10
2026.08.28	01:29:00	4607.54	4607.85	4607.25	4607.73	89	0	10
2026.08.28	01:30:00	4607.73	4608.32	4607.67	4608.21	86	0	10
2026.08.28	01:31:00	4608.21	4608.42	4607.25	4607.43	123	0	10
2026.08.28	01:32:00	4607.43	4608.27	4606.84	4608.02	155	0	10
2026.08.28	01:33:00	4608.02	4609.03	4607.74	4608.54	135	0	10
2026.08.28	01:34:00	4608.54	4609.16	4608.37	4608.89	100	0	10
2026.08.28	01:35:00	4608.89	4608.89	4608.03	4608.81	118	0	10
2026.08.28	01:36:00	4608.81	4609.40	4608.81	4609.26	70	0	10
2026.08.28	01:37:00	4609.26	4609.31	4608.95	4609.09	87	0	10
2026.08.28	01:38:00	4609.09	4609.45	4608.98	4609.30	108	0	10
2026.08.28	01:39:00	4609.30	4609.39	4608.81	4609.39	105	0	10
2026.08.28	01:40:00	4609.39	4610.15	4608.85	4610.15	104	0	10
2026.08.28	01:41:00	4610.05	4610.21	4609.57	4609.92	90	0	10
2026.08.28	01:42:00	4609.92	4609.92	4608.72	4608.86	89	0	10
2026.08.28	01:43:00	4608.86	4608.86	4607.77	4607.77	93	0	10
2026.08.28	01:44:00	4607.82	4608.20	4607.42	4607.95	90	0	10
2026.08.28	01:45:00	4607.95	4607.95	4607.28	4607.67	63	0	10
2026.08.28	01:46:00	4607.67	4607.67	4606.99	4607.67	74	0	10
2026.08.28	01:47:00	4607.67	4608.20	4607.34	4608.02	92	0	10
2026.08.28	01:48:00	4608.02	4608.10	4607.68	4607.83	88	0	10
2026.08.28	01:49:00	4607.82	4607.85	4607.26	4607.68	89	0	10
2026.08.28	01:50:00	4607.68	4608.20	4606.81	4607.91	99	0	10
2026.08.28	01:51:00	4607.91	4608.47	4607.87	4608.35	63	0	10
2026.08.28	01:52:00	4608.35	4609.84	4608.35	4609.72	75	0	10
2026.08.28	01:53:00	4609.72	4610.16	4609.65	4609.73	70	0	10
2026.08.28	01:54:00	4609.73	4609.75	4608.99	4609.08	89	0	10
2026.08.28	01:55:00	4609.11	4609.75	4609.05	4609.63	64	0	10
2026.08.28	01:56:00	4609.63	4610.44	4609.59	4610.41	64	0	10
2026.08.28	01:57:00	4610.41	4610.63	4610.23	4610.41	83	0	10
2026.08.28	01:58:00	4610.38	4610.80	4610.19	4610.67	89	0	10
2026.08.28	01:59:00	4610.67	4610.90	4610.49	4610.71	83	0	10
2026.08.28	02:00:00	4610.71	4611.51	4610.71	4611.32	76	0	10
2026.08.28	02:01:00	4611.30	4611.39	4609.12	4609.12	107	0	10
2026.08.28	02:02:00	4609.12	4609.80	4609.12	4609.71	95	0	10
2026.08.28	02:03:00	4609.71	4610.28	4609.62	4609.77	72	0	10
2026.08.28	02:04:00	4609.77	4609.84	4609.13	4609.47	96	0	10
2026.08.28	02:05:00	4609.39	4609.48	4609.06	4609.26	84	0	10
2026.08.28	02:06:00	4609.26	4609.26	4608.20	4608.20	84	0	10
2026.08.28	02:07:00	4608.20	4608.82	4608.20	4608.68	63	0	10
2026.08.28	02:08:00	4608.69	4609.72	4608.69	4609.24	72	0	10
2026.08.28	02:09:00	4609.24	4609.70	4605.32	4605.33	126	0	10
2026.08.28	02:10:00	4605.36	4605.69	4604.10	4604.38	227	0	10
2026.08.28	02:11:00	4604.38	4604.55	4603.38	4603.63	159	0	10
2026.08.28	02:12:00	4603.63	4604.02	4603.54	4603.90	117	0	10
2026.08.28	02:13:00	4603.90	4604.30	4603.55	4603.84	125	0	10
2026.08.28	02:14:00	4603.84	4604.03	4603.01	4603.05	110	0	10
2026.08.28	02:15:00	4603.05	4603.89	4602.90	4602.90	113	0	10
2026.08.28	02:16:00	4602.90	4603.33	4602.48	4603.14	114	0	10
2026.08.28	02:17:00	4603.15	4603.25	4602.89	4603.08	62	0	10
2026.08.28	02:18:00	4603.00	4603.32	4602.75	4602.97	79	0	10
2026.08.28	02:19:00	4602.97	4602.97	4602.38	4602.90	57	0	10
2026.08.28	02:20:00	4602.85	4602.90	4600.14	4601.98	170	0	10
2026.08.28	02:21:00	4601.98	4601.98	4601.16	4601.53	87	0	10
2026.08.28	02:22:00	4601.53	4602.69	4601.21	4602.68	116	0	10
2026.08.28	02:23:00	4602.68	4603.42	4602.44	4603.06	92	0	10
2026.08.28	02:24:00	4603.06	4603.06	4602.48	4602.55	38	0	10
2026.08.28	02:25:00	4602.55	4602.84	4602.48	4602.64	68	0	10
2026.08.28	02:26:00	4602.64	4602.64	4601.55	4601.95	98	0	10
2026.08.28	02:27:00	4601.95	4602.03	4601.84	4601.96	67	0	10
2026.08.28	02:28:00	4601.84	4601.95	4600.26	4600.30	95	0	10
2026.08.28	02:29:00	4600.30	4601.71	4600.30	4601.09	92	0	10
2026.08.28	02:30:00	4601.09	4601.65	4600.93	4601.13	86	0	10
2026.08.28	02:31:00	4601.13	4601.40	4600.46	4600.82	84	0	10
2026.08.28	02:32:00	4600.82	4600.93	4599.78	4599.95	104	0	10
2026.08.28	02:33:00	4599.93	4600.14	4599.87	4599.96	48	0	10
2026.08.28	02:34:00	4599.90	4600.45	4599.37	4599.43	101	0	10
2026.08.28	02:35:00	4599.50	4599.69	4598.59	4599.37	170	0	10
2026.08.28	02:36:00	4599.37	4601.45	4599.36	4601.45	128	0	10
2026.08.28	02:37:00	4601.45	4602.44	4600.08	4600.45	199	0	10
2026.08.28	02:38:00	4600.45	4600.48	4599.85	4599.88	74	0	10
2026.08.28	02:39:00	4599.88	4601.26	4599.38	4601.21	87	0	10
2026.08.28	02:40:00	4601.21	4601.56	4600.61	4600.97	131	0	10
2026.08.28	02:41:00	4600.97	4600.97	4600.46	4600.48	86	0	10
2026.08.28	02:42:00	4600.48	4600.77	4600.09	4600.22	76	0	10
2026.08.28	02:43:00	4600.22	4600.41	4599.91	4600.04	81	0	10
2026.08.28	02:44:00	4600.04	4600.04	4599.25	4599.77	90	0	10
2026.08.28	02:45:00	4599.77	4599.77	4598.31	4598.67	174	0	10
2026.08.28	02:46:00	4598.67	4599.30	4598.42	4598.55	152	0	10
2026.08.28	02:47:00	4598.55	4598.55	4596.99	4597.39	156	0	10
2026.08.28	02:48:00	4597.39	4597.40	4595.97	4596.64	200	0	10
2026.08.28	02:49:00	4596.63	4597.30	4596.11	4596.59	175	0	10
2026.08.28	02:50:00	4596.59	4596.69	4595.84	4596.11	161	0	10
2026.08.28	02:51:00	4596.11	4596.12	4595.34	4595.52	182	0	10
2026.08.28	02:52:00	4595.75	4596.20	4595.19	4595.41	218	0	10
2026.08.28	02:53:00	4595.41	4595.66	4594.78	4595.20	143	0	10
2026.08.28	02:54:00	4595.22	4596.00	4594.71	4595.20	190	0	10
2026.08.28	02:55:00	4595.20	4595.40	4594.72	4594.72	134	0	10
2026.08.28	02:56:00	4594.72	4595.13	4594.46	4594.72	117	0	10
2026.08.28	02:57:00	4594.72	4595.45	4594.47	4594.73	177	0	10
2026.08.28	02:58:00	4594.73	4595.17	4594.41	4594.87	148	0	10
2026.08.28	02:59:00	4594.87	4595.08	4594.32	4594.53	157	0	10
2026.08.28	03:00:00	4594.53	4596.55	4593.17	4595.96	499	0	10
2026.08.28	03:01:00	4596.01	4598.16	4595.37	4597.20	336	0	10
2026.08.28	03:02:00	4597.20	4600.06	4597.20	4599.76	276	0	10
2026.08.28	03:03:00	4599.76	4600.14	4599.14	4599.16	253	0	10
2026.08.28	03:04:00	4599.16	4599.44	4596.56	4596.76	323	0	10
2026.08.28	03:05:00	4596.76	4598.14	4596.26	4597.72	293	0	10
2026.08.28	03:06:00	4597.76	4599.09	4597.10	4597.75	343	0	10
2026.08.28	03:07:00	4597.77	4599.34	4597.52	4598.93	225	0	10
2026.08.28	03:08:00	4598.93	4599.37	4597.04	4597.89	251	0	10
2026.08.28	03:09:00	4597.89	4600.19	4597.81	4599.91	239	0	10
2026.08.28	03:10:00	4599.91	4602.38	4599.72	4602.04	265	0	10
2026.08.28	03:11:00	4602.04	4602.57	4601.01	4601.23	252	0	10
2026.08.28	03:12:00	4601.23	4601.71	4600.74	4601.14	180	0	10
2026.08.28	03:13:00	4601.14	4602.60	4600.62	4601.11	206	0	10
2026.08.28	03:14:00	4601.10	4601.11	4600.21	4600.70	201	0	10
2026.08.28	03:15:00	4600.70	4600.90	4597.74	4597.87	302	0	10
2026.08.28	03:16:00	4597.87	4598.25	4595.89	4596.56	296	0	10
2026.08.28	03:17:00	4596.56	4596.58	4594.65	4594.77	239	0	10
2026.08.28	03:18:00	4594.77	4595.88	4593.41	4595.31	338	0	10
2026.08.28	03:19:00	4595.32	4595.38	4593.32	4593.37	266	0	10
2026.08.28	03:20:00	4593.37	4594.77	4592.71	4593.96	329	0	10
2026.08.28	03:21:00	4593.92	4593.98	4591.48	4591.59	284	0	10
2026.08.28	03:22:00	4591.59	4595.67	4591.59	4595.59	308	0	10
2026.08.28	03:23:00	4595.59	4595.76	4594.08	4594.13	206	0	10
2026.08.28	03:24:00	4594.15	4594.45	4593.24	4593.58	159	0	10
2026.08.28	03:25:00	4593.65	4593.73	4591.67	4592.91	210	0	10
2026.08.28	03:26:00	4592.91	4592.95	4590.70	4591.41	233	0	10
2026.08.28	03:27:00	4591.41	4591.41	4590.88	4591.04	167	0	10
2026.08.28	03:28:00	4591.04	4591.94	4591.04	4591.55	184	0	10
2026.08.28	03:29:00	4591.55	4594.10	4591.40	4594.08	196	0	10
2026.08.28	03:30:00	4593.98	4594.31	4591.26	4591.38	259	0	10
2026.08.28	03:31:00	4591.38	4592.23	4590.10	4590.58	269	0	10
2026.08.28	03:32:00	4590.58	4591.61	4590.21	4590.29	227	0	10
2026.08.28	03:33:00	4590.29	4590.72	4587.81	4588.88	238	0	10
2026.08.28	03:34:00	4588.80	4590.10	4588.61	4589.52	298	0	10
2026.08.28	03:35:00	4589.52	4590.28	4588.86	4589.93	264	0	10
2026.08.28	03:36:00	4589.93	4590.45	4589.39	4590.00	234	0	10
2026.08.28	03:37:00	4590.00	4590.48	4589.08	4590.36	196	0	10
2026.08.28	03:38:00	4590.36	4590.39	4588.43	4588.76	224	0	10
2026.08.28	03:39:00	4588.75	4590.39	4588.45	4589.85	243	0	10
2026.08.28	03:40:00	4589.85	4590.90	4589.63	4589.82	224	0	10
2026.08.28	03:41:00	4589.82	4590.74	4589.59	4590.39	215	0	10
2026.08.28	03:42:00	4590.39	4591.38	4589.75	4591.14	264	0	10
2026.08.28	03:43:00	4591.14	4591.18	4589.22	4589.38	176	0	10
2026.08.28	03:44:00	4589.38	4591.22	4589.10	4591.13	186	0	10
2026.08.28	03:45:00	4591.16	4591.20	4589.72	4590.56	282	0	10
2026.08.28	03:46:00	4590.56	4590.56	4588.14	4588.42	253	0	10
2026.08.28	03:47:00	4588.42	4588.42	4587.28	4587.39	185	0	10
2026.08.28	03:48:00	4587.39	4588.14	4586.37	4587.27	265	0	10
2026.08.28	03:49:00	4587.27	4587.72	4586.84	4587.40	217	0	10
2026.08.28	03:50:00	4587.40	4588.41	4586.87	4587.53	293	0	10
2026.08.28	03:51:00	4587.53	4588.74	4587.24	4588.39	241	0	10
2026.08.28	03:52:00	4588.40	4589.35	4588.10	4588.13	166	0	10
2026.08.28	03:53:00	4588.14	4588.53	4586.88	4587.68	218	0	10
2026.08.28	03:54:00	4587.68	4588.00	4586.73	4587.68	324	0	10
2026.08.28	03:55:00	4587.68	4587.96	4587.07	4587.08	300	0	10
2026.08.28	03:56:00	4587.06	4587.74	4586.16	4586.19	238	0	10
2026.08.28	03:57:00	4586.19	4586.47	4585.67	4586.39	216	0	10
2026.08.28	03:58:00	4586.39	4587.92	4586.38	4587.67	221	0	10
2026.08.28	03:59:00	4587.67	4588.87	4587.08	4588.81	199	0	10
2026.08.28	04:00:00	4588.80	4590.84	4586.52	4587.99	746	0	10
2026.08.28	04:01:00	4588.02	4590.93	4586.49	4589.24	509	0	10
2026.08.28	04:02:00	4589.24	4589.95	4587.19	4589.95	492	0	10
2026.08.28	04:03:00	4589.95	4595.41	4589.95	4594.12	504	0	10
2026.08.28	04:04:00	4594.12	4595.98	4593.96	4594.69	439	0	10
2026.08.28	04:05:00	4594.69	4595.20	4593.24	4593.90	401	0	10
2026.08.28	04:06:00	4593.85	4594.01	4591.68	4592.34	433	0	10
2026.08.28	04:07:00	4592.34	4596.83	4592.05	4596.80	450	0	10
2026.08.28	04:08:00	4596.79	4598.04	4595.76	4597.71	355	0	10
2026.08.28	04:09:00	4597.70	4600.34	4597.20	4599.94	422	0	10
2026.08.28	04:10:00	4599.93	4602.29	4599.10	4599.57	463	0	10
2026.08.28	04:11:00	4599.59	4599.59	4596.33	4597.95	421	0	10
2026.08.28	04:12:00	4597.96	4597.96	4593.52	4594.16	399	0	10
2026.08.28	04:13:00	4594.22	4594.95	4593.17	4593.51	372	0	10
2026.08.28	04:14:00	4593.51	4593.96	4592.20	4593.96	365	0	10
2026.08.28	04:15:00	4594.02	4595.78	4592.37	4595.06	529	0	10
2026.08.28	04:16:00	4595.06	4595.42	4591.56	4593.65	557	0	10
2026.08.28	04:17:00	4593.65	4595.32	4592.79	4594.12	420	0	10
2026.08.28	04:18:00	4594.12	4598.03	4593.71	4597.93	421	0	10
2026.08.28	04:19:00	4597.93	4598.18	4596.01	4596.01	408	0	10
2026.08.28	04:20:00	4596.01	4597.01	4594.63	4595.25	529	0	10
2026.08.28	04:21:00	4595.25	4596.98	4594.32	4596.86	349	0	10
2026.08.28	04:22:00	4596.86	4597.35	4596.39	4596.63	300	0	10
2026.08.28	04:23:00	4596.63	4596.95	4594.39	4595.68	274	0	10
2026.08.28	04:24:00	4595.68	4595.68	4590.74	4592.36	413	0	10
2026.08.28	04:25:00	4592.32	4593.48	4589.51	4589.67	465	0	10
2026.08.28	04:26:00	4589.67	4591.73	4588.50	4589.22	447	0	10
2026.08.28	04:27:00	4589.21	4589.24	4584.26	4584.26	607	0	10
2026.08.28	04:28:00	4584.26	4586.68	4583.98	4584.64	566	0	10
2026.08.28	04:29:00	4584.64	4585.76	4583.97	4585.76	471	0	10
2026.08.28	04:30:00	4585.76	4589.14	4584.00	4587.61	652	0	10
2026.08.28	04:31:00	4587.64	4588.04	4584.94	4584.94	464	0	10
2026.08.28	04:32:00	4584.94	4588.69	4584.94	4587.52	499	0	10
2026.08.28	04:33:00	4587.53	4587.77	4585.42	4587.33	471	0	10
2026.08.28	04:34:00	4587.33	4588.02	4585.97	4587.42	408	0	10
2026.08.28	04:35:00	4587.42	4588.96	4586.48	4587.72	339	0	10
2026.08.28	04:36:00	4587.72	4588.49	4585.28	4585.95	392	0	10
2026.08.28	04:37:00	4586.02	4587.79	4584.88	4586.44	446	0	10
2026.08.28	04:38:00	4586.34	4586.34	4582.52	4583.07	513	0	10
2026.08.28	04:39:00	4583.07	4583.53	4580.58	4581.00	521	0	10
2026.08.28	04:40:00	4581.00	4581.09	4578.45	4578.75	465	0	10
2026.08.28	04:41:00	4578.67	4580.02	4578.42	4579.39	443	0	10
2026.08.28	04:42:00	4579.39	4581.49	4579.25	4581.47	392	0	10
2026.08.28	04:43:00	4581.47	4583.10	4580.84	4580.97	396	0	10
2026.08.28	04:44:00	4580.97	4582.90	4580.97	4582.32	387	0	10
2026.08.28	04:45:00	4582.32	4582.45	4579.12	4579.33	429	0	10
2026.08.28	04:46:00	4579.33	4581.92	4579.28	4581.64	454	0	10
2026.08.28	04:47:00	4581.68	4581.75	4578.23	4578.23	449	0	10
2026.08.28	04:48:00	4578.23	4581.26	4577.83	4580.27	425	0	10
2026.08.28	04:49:00	4580.27	4582.54	4580.10	4582.46	374	0	10
2026.08.28	04:50:00	4582.46	4583.04	4581.43	4582.93	388	0	10
2026.08.28	04:51:00	4582.94	4583.27	4581.12	4581.76	355	0	10
2026.08.28	04:52:00	4581.76	4582.02	4578.57	4578.80	345	0	10
2026.08.28	04:53:00	4578.80	4578.97	4575.89	4576.10	442	0	10
2026.08.28	04:54:00	4576.10	4577.44	4575.97	4577.09	391	0	10
2026.08.28	04:55:00	4577.09	4578.88	4576.97	4577.95	339	0	10
2026.08.28	04:56:00	4577.95	4578.07	4576.26	4576.93	332	0	10
2026.08.28	04:57:00	4576.93	4576.96	4575.74	4575.98	266	0	10
2026.08.28	04:58:00	4575.98	4577.01	4575.86	4576.51	284	0	10
2026.08.28	04:59:00	4576.50	4576.59	4575.43	4575.96	282	0	10
2026.08.28	05:00:00	4575.96	4577.33	4575.24	4575.40	432	0	10
2026.08.28	05:01:00	4575.40	4577.23	4575.12	4576.52	325	0	10
2026.08.28	05:02:00	4576.52	4577.16	4575.74	4577.01	330	0	10
2026.08.28	05:03:00	4577.01	4577.96	4576.40	4576.60	362	0	10
2026.08.28	05:04:00	4576.60	4577.25	4575.49	4577.24	285	0	10
2026.08.28	05:05:00	4577.24	4578.63	4577.17	4578.33	321	0	10
2026.08.28	05:06:00	4578.33	4579.19	4578.07	4578.66	241	0	10
2026.08.28	05:07:00	4578.66	4579.32	4578.38	4578.60	268	0	10
2026.08.28	05:08:00	4578.60	4581.05	4578.34	4580.98	309	0	10
2026.08.28	05:09:00	4580.98	4581.55	4580.42	4580.57	322	0	10
2026.08.28	05:10:00	4580.57	4581.77	4580.45	4581.66	289	0	10
2026.08.28	05:11:00	4581.66	4581.90	4579.68	4579.68	268	0	10
2026.08.28	05:12:00	4579.68	4581.16	4578.86	4578.89	390	0	10
2026.08.28	05:13:00	4578.89	4582.80	4578.50	4581.25	369	0	10
2026.08.28	05:14:00	4581.25	4582.04	4581.15	4581.56	261	0	10
2026.08.28	05:15:00	4581.58	4581.58	4580.06	4580.86	165	0	10
2026.08.28	05:16:00	4580.86	4580.99	4578.73	4579.11	172	0	10
2026.08.28	05:17:00	4579.11	4580.12	4579.01	4579.88	180	0	10
2026.08.28	05:18:00	4579.88	4580.70	4579.78	4580.67	139	0	10
2026.08.28	05:19:00	4580.67	4581.48	4580.57	4581.48	124	0	10
2026.08.28	05:20:00	4581.47	4581.59	4580.43	4580.78	228	0	10
2026.08.28	05:21:00	4580.78	4581.82	4580.77	4581.20	164	0	10
2026.08.28	05:22:00	4581.20	4581.69	4581.05	4581.67	172	0	10
2026.08.28	05:23:00	4581.67	4583.10	4581.59	4582.83	194	0	10
2026.08.28	05:24:00	4582.83	4584.69	4582.75	4584.25	230	0	10
2026.08.28	05:25:00	4584.25	4584.70	4583.85	4584.14	194	0	10
2026.08.28	05:26:00	4584.14	4584.21	4583.15	4583.15	167	0	10
2026.08.28	05:27:00	4583.19	4583.89	4582.86	4583.70	194	0	10
2026.08.28	05:28:00	4583.70	4584.87	4583.54	4584.71	183	0	10
2026.08.28	05:29:00	4584.71	4584.96	4583.38	4583.56	217	0	10
2026.08.28	05:30:00	4583.56	4587.04	4583.34	4586.78	492	0	10
2026.08.28	05:31:00	4586.78	4587.15	4585.76	4585.96	310	0	10
2026.08.28	05:32:00	4585.97	4586.06	4583.25	4584.82	351	0	10
2026.08.28	05:33:00	4584.82	4585.38	4583.88	4584.17	304	0	10
2026.08.28	05:34:00	4584.17	4585.49	4583.80	4585.34	218	0	10
2026.08.28	05:35:00	4585.34	4587.33	4585.33	4586.88	289	0	10
2026.08.28	05:36:00	4586.88	4587.15	4585.83	4585.99	285	0	10
2026.08.28	05:37:00	4585.97	4587.24	4585.92	4587.06	227	0	10
2026.08.28	05:38:00	4587.05	4589.14	4586.91	4589.13	241	0	10
2026.08.28	05:39:00	4589.13	4589.79	4587.61	4588.35	287	0	10
2026.08.28	05:40:00	4588.35	4588.60	4586.88	4587.69	267	0	10
2026.08.28	05:41:00	4587.67	4587.83	4586.01	4586.08	231	0	10
2026.08.28	05:42:00	4586.09	4586.71	4585.41	4586.28	318	0	10
2026.08.28	05:43:00	4586.28	4586.38	4584.79	4584.79	307	0	10
2026.08.28	05:44:00	4584.79	4585.26	4583.91	4585.20	316	0	10
2026.08.28	05:45:00	4585.20	4585.88	4582.47	4583.42	352	0	10
2026.08.28	05:46:00	4583.43	4584.34	4582.86	4584.34	248	0	10
2026.08.28	05:47:00	4584.34	4584.57	4583.13	4583.75	212	0	10
2026.08.28	05:48:00	4583.75	4584.15	4582.43	4583.72	269	0	10
2026.08.28	05:49:00	4583.72	4586.53	4583.72	4586.36	313	0	10
2026.08.28	05:50:00	4586.36	4586.36	4584.76	4585.56	245	0	10
2026.08.28	05:51:00	4585.56	4587.14	4585.56	4587.01	243	0	10
2026.08.28	05:52:00	4587.01	4587.40	4586.64	4586.79	266	0	10
2026.08.28	05:53:00	4586.79	4587.25	4585.90	4586.21	263	0	10
2026.08.28	05:54:00	4586.22	4586.52	4585.69	4586.17	226	0	10
2026.08.28	05:55:00	4586.17	4586.32	4583.77	4584.05	322	0	10
2026.08.28	05:56:00	4584.05	4584.75	4583.08	4584.75	241	0	10
2026.08.28	05:57:00	4584.75	4585.15	4584.50	4584.60	200	0	10
2026.08.28	05:58:00	4584.60	4586.39	4584.36	4586.31	224	0	10
2026.08.28	05:59:00	4586.31	4586.66	4585.75	4586.46	208	0	10
2026.08.28	06:00:00	4586.46	4587.55	4585.60	4587.42	311	0	10
2026.08.28	06:01:00	4587.36	4587.43	4586.71	4587.16	225	0	10
2026.08.28	06:02:00	4587.15	4587.25	4584.58	4585.19	255	0	10
2026.08.28	06:03:00	4585.19	4586.53	4585.13	4585.76	249	0	10
2026.08.28	06:04:00	4585.76	4588.03	4585.76	4587.53	283	0	10
2026.08.28	06:05:00	4587.53	4588.46	4586.75	4587.88	261	0	10
2026.08.28	06:06:00	4587.87	4587.92	4586.07	4586.24	237	0	10
2026.08.28	06:07:00	4586.24	4587.01	4586.20	4586.33	214	0	10
2026.08.28	06:08:00	4586.33	4586.45	4585.45	4585.45	212	0	10
2026.08.28	06:09:00	4585.46	4586.55	4585.19	4586.49	188	0	10
2026.08.28	06:10:00	4586.49	4587.27	4585.72	4586.70	318	0	10
2026.08.28	06:11:00	4586.69	4587.97	4586.39	4587.19	229	0	10
2026.08.28	06:12:00	4587.19	4587.98	4586.92	4587.73	190	0	10
2026.08.28	06:13:00	4587.72	4587.73	4582.82	4583.85	383	0	10
2026.08.28	06:14:00	4583.85	4584.58	4583.79	4584.25	222	0	10
2026.08.28	06:15:00	4584.25	4586.94	4584.25	4586.44	304	0	10
2026.08.28	06:16:00	4586.44	4586.77	4585.90	4586.20	212	0	10
2026.08.28	06:17:00	4586.20	4587.87	4586.02	4586.34	276	0	10
2026.08.28	06:18:00	4586.34	4588.88	4586.15	4586.49	264	0	10
2026.08.28	06:19:00	4586.50	4587.62	4585.89	4587.35	213	0	10
2026.08.28	06:20:00	4587.35	4587.44	4585.83	4586.76	258	0	10
2026.08.28	06:21:00	4586.75	4588.38	4585.97	4588.30	230	0	10
2026.08.28	06:22:00	4588.30	4589.14	4588.27	4588.95	186	0	10
2026.08.28	06:23:00	4588.95	4589.38	4588.38	4589.01	219	0	10
2026.08.28	06:24:00	4589.01	4589.84	4588.17	4589.65	180	0	10
2026.08.28	06:25:00	4589.65	4590.18	4587.75	4588.03	261	0	10
2026.08.28	06:26:00	4588.03	4588.25	4587.06	4587.22	232	0	10
2026.08.28	06:27:00	4587.20	4587.80	4586.64	4586.87	284	0	10
2026.08.28	06:28:00	4586.87	4588.62	4586.68	4588.17	238	0	10
2026.08.28	06:29:00	4588.19	4588.96	4587.07	4588.06	288	0	10
2026.08.28	06:30:00	4588.06	4588.42	4584.55	4584.79	275	0	10
2026.08.28	06:31:00	4584.79	4586.11	4584.61	4585.54	179	0	10
2026.08.28	06:32:00	4585.54	4585.67	4584.62	4585.37	170	0	10
2026.08.28	06:33:00	4585.37	4585.48	4583.90	4584.06	189	0	10
2026.08.28	06:34:00	4584.06	4584.49	4583.39	4584.45	155	0	10
2026.08.28	06:35:00	4584.45	4584.45	4583.19	4583.36	136	0	10
2026.08.28	06:36:00	4583.36	4583.84	4582.48	4582.77	145	0	10
2026.08.28	06:37:00	4582.77	4584.12	4582.74	4583.50	184	0	10
2026.08.28	06:38:00	4583.50	4583.82	4582.48	4582.68	113	0	10
2026.08.28	06:39:00	4582.69	4583.07	4582.56	4583.03	112	0	10
2026.08.28	06:40:00	4583.03	4583.08	4582.57	4582.87	138	0	10
2026.08.28	06:41:00	4582.83	4583.77	4581.71	4581.77	173	0	10
2026.08.28	06:42:00	4581.78	4582.12	4581.15	4582.12	206	0	10
2026.08.28	06:43:00	4582.17	4582.77	4581.67	4582.30	150	0	10
2026.08.28	06:44:00	4582.30	4582.46	4581.78	4582.03	131	0	10
2026.08.28	06:45:00	4582.06	4582.23	4580.43	4580.91	158	0	10
2026.08.28	06:46:00	4580.91	4580.91	4579.65	4579.75	187	0	10
2026.08.28	06:47:00	4579.75	4580.94	4579.75	4580.64	169	0	10
2026.08.28	06:48:00	4580.64	4580.67	4579.68	4580.10	183	0	10
2026.08.28	06:49:00	4580.10	4580.77	4579.79	4580.72	179	0	10
2026.08.28	06:50:00	4580.72	4581.10	4580.24	4580.33	102	0	10
2026.08.28	06:51:00	4580.33	4580.56	4579.66	4580.53	123	0	10
2026.08.28	06:52:00	4580.48	4580.50	4579.74	4579.81	120	0	10
2026.08.28	06:53:00	4579.81	4580.11	4579.60	4579.60	125	0	10
2026.08.28	06:54:00	4579.60	4579.60	4578.74	4579.24	130	0	10
2026.08.28	06:55:00	4579.24	4579.93	4579.11	4579.16	187	0	10
2026.08.28	06:56:00	4579.16	4579.37	4578.87	4579.33	117	0	10
2026.08.28	06:57:00	4579.33	4580.15	4578.95	4579.31	143	0	10
2026.08.28	06:58:00	4579.30	4579.44	4579.15	4579.41	77	0	10
2026.08.28	06:59:00	4579.41	4580.15	4579.16	4580.05	95	0	10
2026.08.28	07:00:00	4580.05	4580.29	4578.89	4579.10	202	0	10
2026.08.28	07:01:00	4579.10	4580.48	4578.99	4579.30	178	0	10
2026.08.28	07:02:00	4579.29	4579.60	4578.88	4579.16	144	0	10
2026.08.28	07:03:00	4579.16	4579.66	4578.98	4579.14	127	0	10
2026.08.28	07:04:00	4579.15	4579.53	4579.09	4579.29	124	0	10
2026.08.28	07:05:00	4579.29	4579.53	4579.17	4579.31	88	0	10
2026.08.28	07:06:00	4579.31	4579.37	4578.28	4578.33	146	0	10
2026.08.28	07:07:00	4578.33	4578.51	4578.02	4578.46	128	0	10
2026.08.28	07:08:00	4578.46	4578.96	4578.10	4578.72	79	0	10
2026.08.28	07:09:00	4578.70	4579.56	4578.53	4579.19	133	0	10
2026.08.28	07:10:00	4579.19	4580.20	4579.17	4579.72	108	0	10
2026.08.28	07:11:00	4579.72	4580.14	4579.48	4579.87	120	0	10
2026.08.28	07:12:00	4579.87	4580.12	4578.95	4580.04	146	0	10
2026.08.28	07:13:00	4580.04	4580.28	4579.58	4579.59	117	0	10
2026.08.28	07:14:00	4579.59	4580.56	4579.49	4579.53	140	0	10
2026.08.28	07:15:00	4579.53	4580.77	4578.84	4580.21	161	0	10
2026.08.28	07:16:00	4580.21	4581.26	4580.21	4580.53	161	0	10
2026.08.28	07:17:00	4580.53	4581.15	4580.45	4580.80	136	0	10
2026.08.28	07:18:00	4580.80	4582.24	4580.49	4582.08	146	0	10
2026.08.28	07:19:00	4582.08	4583.45	4582.01	4583.38	146	0	10
2026.08.28	07:20:00	4583.38	4583.89	4582.92	4583.67	152	0	10
2026.08.28	07:21:00	4583.66	4584.36	4583.38	4583.79	149	0	10
2026.08.28	07:22:00	4583.79	4584.49	4583.59	4584.39	87	0	10
2026.08.28	07:23:00	4584.39	4584.39	4582.87	4582.87	121	0	10
2026.08.28	07:24:00	4582.89	4584.70	4582.76	4584.55	163	0	10
2026.08.28	07:25:00	4584.57	4585.44	4584.36	4584.87	111	0	10
2026.08.28	07:26:00	4584.89	4584.89	4583.75	4583.82	143	0	10
2026.08.28	07:27:00	4583.82	4584.60	4583.68	4584.37	155	0	10
2026.08.28	07:28:00	4584.37	4584.37	4583.72	4583.81	79	0	10
2026.08.28	07:29:00	4583.81	4584.97	4583.17	4584.82	136	0	10
2026.08.28	07:30:00	4584.82	4584.85	4582.75	4584.26	183	0	10
2026.08.28	07:31:00	4584.27	4584.44	4582.96	4583.10	128	0	10
2026.08.28	07:32:00	4583.11	4583.27	4582.24	4582.35	99	0	10
2026.08.28	07:33:00	4582.35	4582.79	4582.35	4582.54	84	0	10
2026.08.28	07:34:00	4582.54	4583.03	4581.76	4581.77	149	0	10
2026.08.28	07:35:00	4581.77	4582.01	4581.07	4581.15	154	0	10
2026.08.28	07:36:00	4581.15	4581.56	4580.14	4580.63	160	0	10
2026.08.28	07:37:00	4580.63	4580.94	4580.23	4580.66	171	0	10
2026.08.28	07:38:00	4580.66	4580.71	4578.96	4579.07	161	0	10
2026.08.28	07:39:00	4579.06	4579.06	4578.21	4578.48	123	0	10
2026.08.28	07:40:00	4578.49	4579.56	4578.30	4579.25	128	0	10
2026.08.28	07:41:00	4579.26	4579.69	4579.16	4579.54	88	0	10
2026.08.28	07:42:00	4579.54	4579.93	4579.34	4579.40	109	0	10
2026.08.28	07:43:00	4579.39	4579.97	4579.24	4579.69	123	0	10
2026.08.28	07:44:00	4579.69	4580.31	4579.41	4579.99	109	0	10
2026.08.28	07:45:00	4579.99	4580.00	4578.79	4579.29	151	0	10
2026.08.28	07:46:00	4579.29	4579.97	4578.37	4579.97	118	0	10
2026.08.28	07:47:00	4579.97	4580.84	4579.80	4580.84	119	0	10
2026.08.28	07:48:00	4580.84	4582.40	4580.66	4582.08	191	0	10
2026.08.28	07:49:00	4582.08	4582.22	4580.87	4580.90	117	0	10
2026.08.28	07:50:00	4580.90	4582.10	4580.89	4581.86	104	0	10
2026.08.28	07:51:00	4581.86	4582.65	4581.78	4582.65	121	0	10
2026.08.28	07:52:00	4582.66	4582.70	4582.10	4582.23	108	0	10
2026.08.28	07:53:00	4582.23	4582.27	4581.96	4582.11	83	0	10
2026.08.28	07:54:00	4582.11	4582.32	4581.93	4582.09	80	0	10
2026.08.28	07:55:00	4582.09	4582.13	4581.46	4581.87	88	0	10
2026.08.28	07:56:00	4581.88	4583.84	4581.76	4583.68	144	0	10
2026.08.28	07:57:00	4583.68	4584.46	4583.55	4584.16	123	0	10
2026.08.28	07:58:00	4584.16	4585.34	4584.15	4585.06	121	0	10
2026.08.28	07:59:00	4585.06	4585.16	4584.17	4584.36	129	0	10
2026.08.28	08:00:00	4584.36	4585.12	4583.85	4584.65	199	0	10
2026.08.28	08:01:00	4584.65	4585.38	4584.24	4584.24	136	0	10
2026.08.28	08:02:00	4584.24	4584.56	4583.26	4583.59	157	0	10
2026.08.28	08:03:00	4583.59	4583.59	4582.96	4583.08	109	0	10
2026.08.28	08:04:00	4583.08	4583.40	4582.13	4582.54	152	0	10
2026.08.28	08:05:00	4582.55	4582.93	4581.45	4582.53	150	0	10
2026.08.28	08:06:00	4582.53	4582.72	4581.15	4581.26	157	0	10
2026.08.28	08:07:00	4581.26	4581.29	4579.84	4580.06	234	0	10
2026.08.28	08:08:00	4580.06	4580.55	4579.88	4580.17	204	0	10
2026.08.28	08:09:00	4580.19	4580.69	4579.03	4579.10	173	0	10
2026.08.28	08:10:00	4579.11	4579.57	4578.34	4579.50	205	0	10
2026.08.28	08:11:00	4579.50	4579.90	4579.02	4579.88	197	0	10
2026.08.28	08:12:00	4579.89	4580.36	4579.58	4580.09	107	0	10
2026.08.28	08:13:00	4580.09	4580.70	4579.46	4580.17	145	0	10
2026.08.28	08:14:00	4580.17	4580.46	4579.41	4579.93	159	0	10
2026.08.28	08:15:00	4579.93	4580.71	4579.55	4580.24	168	0	10
2026.08.28	08:16:00	4580.24	4580.24	4579.08	4579.53	96	0	10
2026.08.28	08:17:00	4579.53	4580.45	4579.52	4579.99	90	0	10
2026.08.28	08:18:00	4579.99	4580.62	4579.99	4580.59	114	0	10
2026.08.28	08:19:00	4580.59	4582.05	4580.56	4581.99	132	0	10
2026.08.28	08:20:00	4581.99	4582.44	4580.69	4581.39	127	0	10
2026.08.28	08:21:00	4581.39	4581.75	4580.93	4581.74	115	0	10
2026.08.28	08:22:00	4581.74	4581.76	4581.20	4581.76	83	0	10
2026.08.28	08:23:00	4581.82	4584.34	4581.74	4583.87	197	0	10
2026.08.28	08:24:00	4583.87	4584.55	4583.66	4584.24	99	0	10
2026.08.28	08:25:00	4584.24	4584.41	4583.81	4584.06	131	0	10
2026.08.28	08:26:00	4584.06	4586.36	4583.83	4585.26	206	0	10
2026.08.28	08:27:00	4585.26	4585.47	4583.43	4583.43	168	0	10
2026.08.28	08:28:00	4583.43	4583.72	4582.51	4582.51	159	0	10
2026.08.28	08:29:00	4582.51	4584.60	4582.37	4584.11	156	0	10
2026.08.28	08:30:00	4584.06	4584.11	4578.46	4580.49	570	0	10
2026.08.28	08:31:00	4580.49	4582.97	4580.27	4582.00	376	0	10
2026.08.28	08:32:00	4582.00	4583.19	4580.11	4581.04	393	0	10
2026.08.28	08:33:00	4581.04	4581.05	4578.26	4578.64	368	0	10
2026.08.28	08:34:00	4578.65	4580.31	4577.72	4579.03	391	0	10
2026.08.28	08:35:00	4579.03	4579.54	4577.93	4579.11	323	0	10
2026.08.28	08:36:00	4579.15	4579.29	4575.16	4576.41	443	0	10
2026.08.28	08:37:00	4576.41	4579.31	4576.41	4577.94	423	0	10
2026.08.28	08:38:00	4577.94	4577.95	4575.28	4575.48	374	0	10
2026.08.28	08:39:00	4575.48	4575.91	4574.85	4574.85	318	0	10
2026.08.28	08:40:00	4574.85	4576.19	4573.93	4575.62	414	0	10
2026.08.28	08:41:00	4575.60	4576.23	4574.80	4575.12	313	0	10
2026.08.28	08:42:00	4575.07	4576.34	4573.60	4573.63	324	0	10
2026.08.28	08:43:00	4573.63	4574.00	4571.72	4572.55	313	0	10
2026.08.28	08:44:00	4572.55	4573.20	4572.13	4572.75	247	0	10
2026.08.28	08:45:00	4572.75	4573.18	4571.70	4573.02	287	0	10
2026.08.28	08:46:00	4573.02	4573.91	4571.84	4573.43	330	0	10
2026.08.28	08:47:00	4573.45	4575.28	4573.36	4574.59	300	0	10
2026.08.28	08:48:00	4574.59	4575.74	4573.54	4574.20	247	0	10
2026.08.28	08:49:00	4574.20	4574.21	4572.61	4574.10	326	0	10
2026.08.28	08:50:00	4574.10	4575.98	4574.10	4574.68	310	0	10
2026.08.28	08:51:00	4574.68	4575.65	4574.47	4575.58	254	0	10
2026.08.28	08:52:00	4575.58	4575.58	4573.50	4574.98	235	0	10
2026.08.28	08:53:00	4574.98	4575.45	4574.20	4575.45	207	0	10
2026.08.28	08:54:00	4575.45	4577.11	4575.25	4576.89	235	0	10
2026.08.28	08:55:00	4576.89	4577.42	4575.57	4576.16	311	0	10
2026.08.28	08:56:00	4576.15	4576.15	4574.70	4575.04	253	0	10
2026.08.28	08:57:00	4575.04	4576.86	4574.55	4576.74	297	0	10
2026.08.28	08:58:00	4576.74	4577.05	4575.19	4575.50	311	0	10
2026.08.28	08:59:00	4575.50	4575.97	4572.66	4573.43	254	0	10
2026.08.28	09:00:00	4573.43	4574.68	4572.38	4573.18	414	0	10
2026.08.28	09:01:00	4573.18	4575.02	4573.15	4574.67	380	0	10
2026.08.28	09:02:00	4574.67	4576.14	4574.06	4574.21	338	0	10
2026.08.28	09:03:00	4574.21	4575.16	4573.38	4574.77	297	0	10
2026.08.28	09:04:00	4574.79	4577.57	4574.71	4576.97	366	0	10
2026.08.28	09:05:00	4576.97	4577.43	4574.31	4574.45	293	0	10
2026.08.28	09:06:00	4574.44	4575.71	4574.32	4575.42	217	0	10
2026.08.28	09:07:00	4575.42	4576.47	4575.24	4575.99	230	0	10
2026.08.28	09:08:00	4575.99	4580.04	4575.99	4579.73	289	0	10
2026.08.28	09:09:00	4579.73	4580.70	4579.60	4580.66	312	0	10
2026.08.28	09:10:00	4580.66	4582.12	4580.50	4581.46	361	0	10
2026.08.28	09:11:00	4581.46	4582.66	4581.25	4582.55	329	0	10
2026.08.28	09:12:00	4582.55	4583.24	4581.58	4583.11	288	0	10
2026.08.28	09:13:00	4583.10	4583.61	4581.97	4581.99	318	0	10
2026.08.28	09:14:00	4582.01	4582.53	4581.42	4581.84	333	0	10
2026.08.28	09:15:00	4581.84	4582.85	4580.71	4580.76	318	0	10
2026.08.28	09:16:00	4580.76	4583.67	4580.75	4583.45	348	0	10
2026.08.28	09:17:00	4583.45	4584.99	4583.25	4584.53	356	0	10
2026.08.28	09:18:00	4584.53	4584.98	4581.79	4581.96	276	0	10
2026.08.28	09:19:00	4581.96	4583.16	4581.28	4582.97	223	0	10
2026.08.28	09:20:00	4582.96	4583.67	4582.19	4583.51	301	0	10
2026.08.28	09:21:00	4583.51	4583.88	4582.59	4583.21	267	0	10
2026.08.28	09:22:00	4583.21	4584.37	4582.54	4584.36	275	0	10
2026.08.28	09:23:00	4584.36	4585.63	4584.36	4584.86	306	0	10
2026.08.28	09:24:00	4584.86	4585.18	4583.12	4583.55	270	0	10
2026.08.28	09:25:00	4583.55	4584.34	4583.35	4583.35	149	0	10
2026.08.28	09:26:00	4583.35	4584.65	4583.31	4584.08	211	0	10
2026.08.28	09:27:00	4584.08	4585.61	4584.08	4584.57	320	0	10
2026.08.28	09:28:00	4584.57	4584.77	4583.82	4584.43	299	0	10
2026.08.28	09:29:00	4584.43	4585.35	4584.32	4585.06	242	0	10
2026.08.28	09:30:00	4585.08	4585.26	4584.43	4584.79	347	0	10
2026.08.28	09:31:00	4584.79	4585.77	4584.79	4585.68	258	0	10
2026.08.28	09:32:00	4585.68	4585.79	4583.67	4584.25	240	0	10
2026.08.28	09:33:00	4584.25	4584.69	4582.88	4583.54	378	0	10
2026.08.28	09:34:00	4583.54	4586.48	4583.33	4584.04	284	0	10
2026.08.28	09:35:00	4584.04	4586.66	4583.96	4586.65	306	0	10
2026.08.28	09:36:00	4586.65	4588.08	4585.84	4585.92	302	0	10
2026.08.28	09:37:00	4585.92	4586.76	4585.22	4586.37	266	0	10
2026.08.28	09:38:00	4586.37	4586.82	4585.24	4586.67	224	0	10
2026.08.28	09:39:00	4586.67	4587.02	4585.85	4586.26	248	0	10
2026.08.28	09:40:00	4586.26	4586.29	4584.62	4585.56	276	0	10
2026.08.28	09:41:00	4585.56	4585.84	4584.36	4585.54	262	0	10
2026.08.28	09:42:00	4585.39	4586.96	4585.12	4585.41	303	0	10
2026.08.28	09:43:00	4585.41	4587.19	4585.11	4586.87	291	0	10
2026.08.28	09:44:00	4586.87	4588.52	4586.31	4588.28	388	0	10
2026.08.28	09:45:00	4588.27	4591.07	4588.15	4590.97	495	0	10
2026.08.28	09:46:00	4590.97	4592.50	4590.54	4591.53	307	0	10
2026.08.28	09:47:00	4591.53	4594.10	4591.31	4593.88	407	0	10
2026.08.28	09:48:00	4593.87	4595.40	4592.22	4595.40	455	0	10
2026.08.28	09:49:00	4595.40	4599.99	4595.19	4599.50	676	0	10
2026.08.28	09:50:00	4599.51	4600.81	4596.60	4598.68	621	0	10
2026.08.28	09:51:00	4598.68	4603.09	4598.50	4603.09	686	0	10
2026.08.28	09:52:00	4603.13	4606.12	4602.48	4605.47	669	0	10
2026.08.28	09:53:00	4605.47	4606.61	4602.86	4604.51	541	0	10
2026.08.28	09:54:00	4604.51	4605.64	4603.23	4604.15	513	0	10
2026.08.28	09:55:00	4604.15	4607.04	4603.88	4606.49	486	0	10
2026.08.28	09:56:00	4606.50	4609.03	4606.10	4608.83	571	0	10
2026.08.28	09:57:00	4608.83	4610.84	4608.49	4609.95	482	0	10
2026.08.28	09:58:00	4609.95	4611.24	4609.45	4610.65	414	0	10
2026.08.28	09:59:00	4610.64	4613.22	4610.17	4612.61	479	0	10
2026.08.28	10:00:00	4612.54	4613.40	4607.01	4607.27	600	0	10
2026.08.28	10:01:00	4607.31	4608.65	4605.62	4608.35	437	0	10
2026.08.28	10:02:00	4608.41	4609.03	4607.26	4607.37	425	0	10
2026.08.28	10:03:00	4607.37	4609.11	4606.63	4607.98	371	0	10
2026.08.28	10:04:00	4607.98	4608.64	4606.19	4606.93	381	0	10
2026.08.28	10:05:00	4606.94	4607.51	4605.55	4605.63	391	0	10
2026.08.28	10:06:00	4605.63	4605.98	4604.30	4604.82	325	0	10
2026.08.28	10:07:00	4604.82	4604.98	4601.82	4602.66	366	0	10
2026.08.28	10:08:00	4602.66	4602.81	4600.45	4600.51	397	0	10
2026.08.28	10:09:00	4600.51	4601.91	4599.26	4601.03	351	0	10
2026.08.28	10:10:00	4601.03	4601.78	4596.75	4597.39	423	0	10
2026.08.28	10:11:00	4597.41	4599.32	4597.10	4599.13	399	0	10
2026.08.28	10:12:00	4599.13	4601.02	4599.09	4600.96	362	0	10
2026.08.28	10:13:00	4600.96	4602.64	4600.18	4602.58	330	0	10
2026.08.28	10:14:00	4602.58	4603.48	4600.75	4600.77	280	0	10
2026.08.28	10:15:00	4600.77	4602.34	4600.06	4600.06	339	0	10
2026.08.28	10:16:00	4600.06	4602.50	4599.44	4601.35	339	0	10
2026.08.28	10:17:00	4601.35	4604.89	4600.75	4604.02	303	0	10
2026.08.28	10:18:00	4604.02	4605.24	4602.63	4605.14	337	0	10
2026.08.28	10:19:00	4605.14	4606.71	4604.89	4606.10	341	0	10
2026.08.28	10:20:00	4606.07	4608.20	4605.81	4607.91	335	0	10
2026.08.28	10:21:00	4607.89	4609.20	4607.16	4608.23	280	0	10
2026.08.28	10:22:00	4608.23	4610.11	4607.82	4609.21	345	0	10
2026.08.28	10:23:00	4609.21	4610.11	4608.07	4608.76	374	0	10
2026.08.28	10:24:00	4608.75	4608.98	4606.27	4607.51	299	0	10
2026.08.28	10:25:00	4607.51	4609.75	4607.40	4609.44	338	0	10
2026.08.28	10:26:00	4609.43	4609.66	4608.41	4608.62	316	0	10
2026.08.28	10:27:00	4608.62	4609.42	4607.25	4607.38	249	0	10
2026.08.28	10:28:00	4607.39	4608.06	4606.69	4607.53	261	0	10
2026.08.28	10:29:00	4607.53	4607.95	4606.98	4607.51	249	0	10
2026.08.28	10:30:00	4607.51	4609.03	4607.15	4608.84	232	0	10
2026.08.28	10:31:00	4608.84	4610.44	4608.76	4609.83	375	0	10
2026.08.28	10:32:00	4609.83	4610.03	4609.11	4609.53	315	0	10
2026.08.28	10:33:00	4609.53	4611.72	4609.51	4611.68	263	0	10
2026.08.28	10:34:00	4611.67	4611.88	4610.99	4611.59	226	0	10
2026.08.28	10:35:00	4611.59	4612.38	4610.83	4612.26	303	0	10
2026.08.28	10:36:00	4612.26	4614.37	4612.26	4613.45	402	0	10
2026.08.28	10:37:00	4613.45	4614.01	4612.60	4612.82	257	0	10
2026.08.28	10:38:00	4612.82	4613.03	4610.37	4611.35	268	0	10
2026.08.28	10:39:00	4611.35	4611.97	4609.68	4610.41	266	0	10
2026.08.28	10:40:00	4610.41	4610.70	4609.09	4609.76	239	0	10
2026.08.28	10:41:00	4609.81	4610.45	4608.45	4608.52	268	0	10
2026.08.28	10:42:00	4608.51	4609.37	4608.45	4609.18	182	0	10
2026.08.28	10:43:00	4609.18	4609.70	4608.96	4609.42	200	0	10
2026.08.28	10:44:00	4609.42	4610.20	4608.83	4609.17	203	0	10
2026.08.28	10:45:00	4609.17	4610.20	4608.29	4609.48	306	0	10
2026.08.28	10:46:00	4609.48	4609.88	4609.06	4609.13	295	0	10
2026.08.28	10:47:00	4609.13	4609.23	4607.43	4609.02	285	0	10
2026.08.28	10:48:00	4608.98	4610.68	4608.80	4610.64	198	0	10
2026.08.28	10:49:00	4610.64	4611.36	4609.71	4610.17	214	0	10
2026.08.28	10:50:00	4610.17	4611.30	4610.17	4611.29	166	0	10
2026.08.28	10:51:00	4611.29	4611.29	4609.96	4610.40	240	0	10
2026.08.28	10:52:00	4610.42	4611.57	4610.42	4611.03	140	0	10
2026.08.28	10:53:00	4611.03	4613.02	4610.61	4612.88	234	0	10
2026.08.28	10:54:00	4612.89	4612.91	4610.16	4611.58	286	0	10
2026.08.28	10:55:00	4611.54	4612.62	4611.48	4612.56	169	0	10
2026.08.28	10:56:00	4612.57	4613.44	4611.69	4612.24	290	0	10
2026.08.28	10:57:00	4612.24	4612.29	4609.67	4610.89	252	0	10
2026.08.28	10:58:00	4610.91	4612.01	4610.42	4611.95	157	0	10
2026.08.28	10:59:00	4611.94	4612.18	4611.77	4611.80	101	0	10
2026.08.28	11:00:00	4611.80	4613.66	4610.70	4613.15	437	0	10
2026.08.28	11:01:00	4613.16	4614.34	4613.16	4613.99	410	0	10
2026.08.28	11:02:00	4613.99	4614.55	4613.80	4614.20	248	0	10
2026.08.28	11:03:00	4614.20	4614.56	4612.94	4613.41	266	0	10
2026.08.28	11:04:00	4613.41	4613.41	4611.97	4612.60	272	0	10
2026.08.28	11:05:00	4612.60	4613.13	4612.29	4612.75	268	0	10
2026.08.28	11:06:00	4612.74	4613.12	4612.41	4612.64	227	0	10
2026.08.28	11:07:00	4612.64	4612.95	4610.99	4611.23	266	0	10
2026.08.28	11:08:00	4611.23	4611.52	4609.99	4611.01	304	0	10
2026.08.28	11:09:00	4611.01	4612.34	4610.91	4611.72	272	0	10
2026.08.28	11:10:00	4611.73	4612.62	4611.30	4612.59	192	0	10
2026.08.28	11:11:00	4612.59	4613.04	4611.25	4611.62	307	0	10
2026.08.28	11:12:00	4611.68	4612.33	4611.29	4612.25	256	0	10
2026.08.28	11:13:00	4612.25	4612.45	4611.13	4611.42	277	0	10
2026.08.28	11:14:00	4611.42	4612.33	4611.03	4611.76	211	0	10
2026.08.28	11:15:00	4611.76	4612.28	4611.50	4612.04	197	0	10
2026.08.28	11:16:00	4612.04	4612.44	4611.29	4611.45	203	0	10
2026.08.28	11:17:00	4611.48	4612.04	4610.91	4611.00	218	0	10
2026.08.28	11:18:00	4611.00	4611.00	4609.19	4609.27	249	0	10
2026.08.28	11:19:00	4609.27	4609.72	4609.16	4609.31	239	0	10
2026.08.28	11:20:00	4609.31	4610.14	4609.00	4609.15	215	0	10
2026.08.28	11:21:00	4609.15	4609.54	4608.01	4609.48	268	0	10
2026.08.28	11:22:00	4609.51	4609.71	4608.56	4609.58	216	0	10
2026.08.28	11:23:00	4609.58	4610.05	4608.93	4609.56	196	0	10
2026.08.28	11:24:00	4609.56	4611.43	4609.56	4610.95	206	0	10
2026.08.28	11:25:00	4610.95	4611.31	4610.52	4611.29	219	0	10
2026.08.28	11:26:00	4611.29	4611.34	4609.49	4609.62	157	0	10
2026.08.28	11:27:00	4609.62	4611.27	4609.62	4610.37	207	0	10
2026.08.28	11:28:00	4610.37	4610.94	4609.69	4609.74	176	0	10
2026.08.28	11:29:00	4609.74	4610.01	4608.69	4609.12	209	0	10
2026.08.28	11:30:00	4609.10	4610.21	4608.88	4610.03	314	0	10
2026.08.28	11:31:00	4610.03	4611.41	4609.44	4609.61	290	0	10
2026.08.28	11:32:00	4609.35	4610.18	4608.22	4610.04	273	0	10
2026.08.28	11:33:00	4610.04	4610.43	4609.50	4609.65	234	0	10
2026.08.28	11:34:00	4609.65	4609.89	4608.76	4609.58	231	0	10
2026.08.28	11:35:00	4609.58	4609.86	4609.11	4609.67	318	0	10
2026.08.28	11:36:00	4609.67	4611.40	4609.26	4610.95	295	0	10
2026.08.28	11:37:00	4610.95	4610.96	4607.52	4607.87	259	0	10
2026.08.28	11:38:00	4607.87	4608.33	4606.56	4607.99	232	0	10
2026.08.28	11:39:00	4607.99	4608.17	4607.25	4607.51	201	0	10
2026.08.28	11:40:00	4607.51	4607.74	4605.48	4605.74	237	0	10
2026.08.28	11:41:00	4605.74	4606.09	4604.83	4604.84	181	0	10
2026.08.28	11:42:00	4604.84	4605.26	4604.54	4604.64	174	0	10
2026.08.28	11:43:00	4604.64	4605.31	4604.03	4604.32	201	0	10
2026.08.28	11:44:00	4604.32	4604.59	4603.31	4603.67	209	0	10
2026.08.28	11:45:00	4603.67	4603.69	4601.97	4602.63	253	0	10
2026.08.28	11:46:00	4602.63	4603.43	4601.06	4602.02	269	0	10
2026.08.28	11:47:00	4602.02	4602.97	4601.38	4602.40	244	0	10
2026.08.28	11:48:00	4602.37	4602.74	4601.35	4602.11	219	0	10
2026.08.28	11:49:00	4602.10	4602.53	4601.71	4601.90	204	0	10
2026.08.28	11:50:00	4601.90	4603.20	4601.65	4603.20	218	0	10
2026.08.28	11:51:00	4603.20	4604.59	4602.97	4603.91	246	0	10
2026.08.28	11:52:00	4603.91	4604.61	4603.69	4604.56	144	0	10
2026.08.28	11:53:00	4604.56	4606.23	4604.56	4605.96	178	0	10
2026.08.28	11:54:00	4605.96	4605.96	4604.32	4604.71	190	0	10
2026.08.28	11:55:00	4604.71	4605.08	4603.95	4604.02	189	0	10
2026.08.28	11:56:00	4604.02	4604.02	4602.18	4602.95	205	0	10
2026.08.28	11:57:00	4602.95	4603.50	4602.33	4602.34	175	0	10
2026.08.28	11:58:00	4602.34	4602.91	4601.29	4602.87	147	0	10
2026.08.28	11:59:00	4602.87	4603.37	4602.30	4603.01	183	0	10
2026.08.28	12:00:00	4602.92	4604.36	4602.70	4603.87	185	0	10
2026.08.28	12:01:00	4603.89	4604.17	4603.17	4603.87	218	0	10
2026.08.28	12:02:00	4603.87	4604.10	4602.34	4603.25	336	0	10
2026.08.28	12:03:00	4603.25	4603.67	4602.24	4603.60	232	0	10
2026.08.28	12:04:00	4603.60	4604.32	4602.92	4604.16	238	0	10
2026.08.28	12:05:00	4604.16	4604.40	4602.86	4603.54	252	0	10
2026.08.28	12:06:00	4603.54	4604.15	4603.21	4603.81	185	0	10
2026.08.28	12:07:00	4603.81	4604.22	4602.95	4603.44	270	0	10
2026.08.28	12:08:00	4603.42	4603.42	4602.68	4603.29	194	0	10
2026.08.28	12:09:00	4603.29	4603.54	4601.37	4601.83	233	0	10
2026.08.28	12:10:00	4601.83	4602.44	4601.48	4602.34	208	0	10
2026.08.28	12:11:00	4602.34	4602.98	4602.16	4602.45	201	0	10
2026.08.28	12:12:00	4602.45	4602.50	4600.80	4601.62	215	0	10
2026.08.28	12:13:00	4601.62	4602.17	4601.39	4601.52	167	0	10
2026.08.28	12:14:00	4601.52	4602.24	4601.42	4601.73	147	0	10
2026.08.28	12:15:00	4601.73	4602.82	4601.53	4602.67	197	0	10
2026.08.28	12:16:00	4602.67	4602.83	4601.66	4602.13	285	0	10
2026.08.28	12:17:00	4602.13	4602.84	4601.54	4601.77	296	0	10
2026.08.28	12:18:00	4601.77	4601.95	4600.54	4601.56	238	0	10
2026.08.28	12:19:00	4601.56	4602.52	4601.48	4602.26	186	0	10
2026.08.28	12:20:00	4602.30	4603.04	4601.18	4601.57	270	0	10
2026.08.28	12:21:00	4601.57	4603.35	4600.94	4602.94	248	0	10
2026.08.28	12:22:00	4602.94	4604.07	4602.84	4603.79	243	0	10
2026.08.28	12:23:00	4603.79	4604.01	4603.41	4603.84	201	0	10
2026.08.28	12:24:00	4603.82	4603.85	4601.87	4603.12	206	0	10
2026.08.28	12:25:00	4603.10	4603.25	4602.72	4602.85	190	0	10
2026.08.28	12:26:00	4602.87	4603.25	4602.45	4602.94	228	0	10
2026.08.28	12:27:00	4602.94	4603.29	4602.24	4602.62	214	0	10
2026.08.28	12:28:00	4602.62	4602.95	4600.54	4600.82	328	0	10
2026.08.28	12:29:00	4600.82	4602.30	4600.67	4601.88	266	0	10
2026.08.28	12:30:00	4601.88	4603.66	4601.84	4603.23	256	0	10
2026.08.28	12:31:00	4603.23	4603.93	4602.25	4603.88	313	0	10
2026.08.28	12:32:00	4604.07	4604.23	4603.02	4603.91	293	0	10
2026.08.28	12:33:00	4603.91	4603.91	4602.04	4602.66	208	0	10
2026.08.28	12:34:00	4602.66	4602.78	4602.19	4602.64	195	0	10
2026.08.28	12:35:00	4602.62	4602.66	4601.04	4602.12	192	0	10
2026.08.28	12:36:00	4602.12	4605.19	4602.12	4603.82	315	0	10
2026.08.28	12:37:00	4603.82	4603.82	4602.46	4602.48	216	0	10
2026.08.28	12:38:00	4602.48	4602.73	4602.09	4602.49	202	0	10
2026.08.28	12:39:00	4602.49	4603.94	4602.15	4603.70	178	0	10
2026.08.28	12:40:00	4603.70	4605.08	4603.00	4604.68	247	0	10
2026.08.28	12:41:00	4604.67	4604.91	4604.07	4604.33	149	0	10
2026.08.28	12:42:00	4604.33	4604.33	4602.71	4603.72	166	0	10
2026.08.28	12:43:00	4603.72	4604.45	4602.98	4604.24	217	0	10
2026.08.28	12:44:00	4604.24	4604.44	4603.55	4604.12	212	0	10
2026.08.28	12:45:00	4604.12	4604.86	4603.72	4604.85	149	0	10
2026.08.28	12:46:00	4604.85	4605.37	4604.08	4604.28	193	0	10
2026.08.28	12:47:00	4604.20	4604.31	4603.16	4603.58	222	0	10
2026.08.28	12:48:00	4603.58	4604.98	4603.50	4604.66	211	0	10
2026.08.28	12:49:00	4604.66	4604.84	4603.99	4604.65	203	0	10
2026.08.28	12:50:00	4604.67	4606.27	4604.51	4606.00	239	0	10
2026.08.28	12:51:00	4606.00	4606.51	4605.77	4606.37	182	0	10
2026.08.28	12:52:00	4606.37	4606.99	4606.37	4606.52	204	0	10
2026.08.28	12:53:00	4606.52	4606.95	4606.31	4606.88	232	0	10
2026.08.28	12:54:00	4606.88	4607.21	4606.62	4607.07	199	0	10
2026.08.28	12:55:00	4607.07	4607.47	4605.72	4605.95	248	0	10
2026.08.28	12:56:00	4605.95	4606.18	4605.51	4606.03	163	0	10
2026.08.28	12:57:00	4606.03	4606.22	4605.59	4605.98	140	0	10
2026.08.28	12:58:00	4605.98	4606.77	4605.35	4605.38	196	0	10
2026.08.28	12:59:00	4605.38	4605.72	4605.18	4605.23	180	0	10
2026.08.28	13:00:00	4605.23	4605.49	4604.25	4604.28	262	0	10
2026.08.28	13:01:00	4604.28	4604.65	4603.46	4604.65	232	0	10
2026.08.28	13:02:00	4604.65	4605.06	4604.14	4604.28	165	0	10
2026.08.28	13:03:00	4604.28	4605.73	4604.28	4605.16	184	0	10
2026.08.28	13:04:00	4605.18	4606.56	4604.83	4605.79	231	0	10
2026.08.28	13:05:00	4605.79	4607.32	4605.67	4607.26	180	0	10
2026.08.28	13:06:00	4607.25	4607.34	4605.67	4606.01	198	0	10
2026.08.28	13:07:00	4606.01	4607.12	4605.84	4606.21	192	0	10
2026.08.28	13:08:00	4606.21	4606.36	4605.81	4606.35	186	0	10
2026.08.28	13:09:00	4606.35	4607.64	4606.25	4607.47	153	0	10
2026.08.28	13:10:00	4607.47	4608.37	4607.15	4607.40	135	0	10
2026.08.28	13:11:00	4607.40	4608.76	4607.18	4608.19	191	0	10
2026.08.28	13:12:00	4608.19	4609.01	4607.84	4608.23	220	0	10
2026.08.28	13:13:00	4608.23	4608.29	4606.97	4608.14	284	0	10
2026.08.28	13:14:00	4608.17	4609.08	4607.56	4608.73	209	0	10
2026.08.28	13:15:00	4608.73	4610.00	4608.40	4609.72	218	0	10
2026.08.28	13:16:00	4609.72	4609.76	4606.92	4606.98	225	0	10
2026.08.28	13:17:00	4606.97	4607.12	4605.80	4606.70	241	0	10
2026.08.28	13:18:00	4606.73	4606.73	4604.60	4604.60	289	0	10
2026.08.28	13:19:00	4604.61	4605.44	4604.44	4604.49	210	0	10
2026.08.28	13:20:00	4604.49	4604.65	4602.96	4603.38	228	0	10
2026.08.28	13:21:00	4603.38	4603.82	4602.71	4603.81	182	0	10
2026.08.28	13:22:00	4603.81	4604.60	4603.64	4604.21	148	0	10
2026.08.28	13:23:00	4604.21	4604.30	4603.66	4604.18	154	0	10
2026.08.28	13:24:00	4604.18	4604.18	4603.81	4604.10	155	0	10
2026.08.28	13:25:00	4604.10	4604.46	4602.64	4603.24	209	0	10
2026.08.28	13:26:00	4603.24	4603.24	4602.71	4602.71	147	0	10
2026.08.28	13:27:00	4602.71	4603.33	4602.01	4603.33	257	0	10
2026.08.28	13:28:00	4603.33	4603.62	4602.49	4602.99	225	0	10
2026.08.28	13:29:00	4602.99	4605.43	4602.94	4605.41	240	0	10
2026.08.28	13:30:00	4605.41	4608.02	4605.30	4606.83	272	0	10
2026.08.28	13:31:00	4606.83	4607.58	4606.42	4607.29	231	0	10
2026.08.28	13:32:00	4607.29	4607.33	4606.14	4606.54	187	0	10
2026.08.28	13:33:00	4606.54	4607.76	4606.54	4607.46	197	0	10
2026.08.28	13:34:00	4607.46	4607.50	4606.75	4607.38	146	0	10
2026.08.28	13:35:00	4607.38	4607.43	4605.11	4605.11	166	0	10
2026.08.28	13:36:00	4605.10	4605.54	4604.85	4605.31	154	0	10
2026.08.28	13:37:00	4605.31	4605.85	4604.85	4604.88	168	0	10
2026.08.28	13:38:00	4604.88	4605.15	4603.46	4603.59	221	0	10
2026.08.28	13:39:00	4603.58	4603.81	4602.98	4603.79	199	0	10
2026.08.28	13:40:00	4603.81	4604.27	4602.73	4603.47	261	0	10
2026.08.28	13:41:00	4603.46	4603.56	4602.83	4603.42	169	0	10
2026.08.28	13:42:00	4603.42	4603.75	4602.81	4602.82	177	0	10
2026.08.28	13:43:00	4602.82	4603.15	4601.93	4603.07	223	0	10
2026.08.28	13:44:00	4603.07	4603.24	4602.65	4602.93	256	0	10
2026.08.28	13:45:00	4602.94	4603.29	4602.53	4602.89	278	0	10
2026.08.28	13:46:00	4602.89	4603.36	4601.18	4601.20	230	0	10
2026.08.28	13:47:00	4601.20	4601.84	4601.20	4601.44	193	0	10
2026.08.28	13:48:00	4601.44	4601.85	4601.14	4601.45	209	0	10
2026.08.28	13:49:00	4601.41	4601.51	4600.09	4601.34	196	0	10
2026.08.28	13:50:00	4601.37	4601.37	4600.20	4601.07	281	0	10
2026.08.28	13:51:00	4601.07	4601.09	4598.99	4600.62	242	0	10
2026.08.28	13:52:00	4600.61	4600.61	4597.69	4598.65	323	0	10
2026.08.28	13:53:00	4598.70	4598.99	4597.89	4598.15	158	0	10
2026.08.28	13:54:00	4598.15	4598.87	4597.84	4598.41	215	0	10
2026.08.28	13:55:00	4598.36	4599.83	4598.03	4599.09	224	0	10
2026.08.28	13:56:00	4599.12	4599.13	4597.95	4598.63	224	0	10
2026.08.28	13:57:00	4598.63	4599.04	4598.32	4598.74	188	0	10
2026.08.28	13:58:00	4598.74	4599.14	4598.43	4599.10	236	0	10
2026.08.28	13:59:00	4599.10	4600.55	4598.97	4600.27	205	0	10
2026.08.28	14:00:00	4600.27	4601.45	4598.54	4599.85	431	0	10
2026.08.28	14:01:00	4599.86	4600.32	4597.80	4598.56	420	0	10
2026.08.28	14:02:00	4598.53	4599.02	4597.53	4598.94	242	0	10
2026.08.28	14:03:00	4598.94	4599.44	4597.98	4597.98	240	0	10
2026.08.28	14:04:00	4597.97	4598.91	4597.57	4598.91	246	0	10
2026.08.28	14:05:00	4598.91	4599.14	4597.64	4597.68	236	0	10
2026.08.28	14:06:00	4597.68	4598.23	4595.87	4595.97	287	0	10
2026.08.28	14:07:00	4595.97	4597.14	4595.08	4597.06	321	0	10
2026.08.28	14:08:00	4597.05	4597.28	4595.57	4595.68	198	0	10
2026.08.28	14:09:00	4595.68	4596.54	4595.47	4596.07	295	0	10
2026.08.28	14:10:00	4596.07	4596.85	4595.49	4596.23	294	0	10
2026.08.28	14:11:00	4596.23	4596.61	4595.45	4596.07	216	0	10
2026.08.28	14:12:00	4596.07	4596.53	4595.33	4596.37	271	0	10
2026.08.28	14:13:00	4596.37	4597.54	4596.16	4597.54	228	0	10
2026.08.28	14:14:00	4597.54	4598.83	4596.98	4598.82	250	0	10
2026.08.28	14:15:00	4598.82	4599.84	4598.30	4599.81	258	0	10
2026.08.28	14:16:00	4599.81	4600.31	4599.35	4600.28	229	0	10
2026.08.28	14:17:00	4600.28	4601.34	4599.81	4600.33	223	0	10
2026.08.28	14:18:00	4600.33	4601.01	4599.62	4600.84	178	0	10
2026.08.28	14:19:00	4600.86	4601.01	4600.10	4600.20	200	0	10
2026.08.28	14:20:00	4600.20	4600.20	4598.13	4599.09	300	0	10
2026.08.28	14:21:00	4599.09	4599.71	4598.42	4598.97	209	0	10
2026.08.28	14:22:00	4598.97	4599.33	4598.36	4599.31	191	0	10
2026.08.28	14:23:00	4599.30	4600.56	4599.23	4600.00	184	0	10
2026.08.28	14:24:00	4600.00	4600.48	4599.58	4600.46	134	0	10
2026.08.28	14:25:00	4600.46	4601.04	4600.18	4600.28	188	0	10
2026.08.28	14:26:00	4600.28	4600.91	4599.96	4600.04	231	0	10
2026.08.28	14:27:00	4600.04	4600.25	4597.93	4597.97	227	0	10
2026.08.28	14:28:00	4597.97	4598.43	4597.75	4598.05	196	0	10
2026.08.28	14:29:00	4598.05	4599.09	4597.73	4599.03	293	0	10
2026.08.28	14:30:00	4598.94	4600.96	4598.94	4599.22	346	0	10
2026.08.28	14:31:00	4599.21	4599.99	4598.67	4598.67	244	0	10
2026.08.28	14:32:00	4598.71	4599.53	4598.33	4598.77	228	0	10
2026.08.28	14:33:00	4598.77	4598.92	4598.35	4598.56	164	0	10
2026.08.28	14:34:00	4598.56	4598.87	4597.87	4598.64	190	0	10
2026.08.28	14:35:00	4598.64	4598.94	4597.26	4597.42	231	0	10
2026.08.28	14:36:00	4597.42	4597.97	4596.84	4597.34	248	0	10
2026.08.28	14:37:00	4597.35	4597.96	4597.05	4597.71	224	0	10
2026.08.28	14:38:00	4597.70	4597.92	4594.94	4595.26	269	0	10
2026.08.28	14:39:00	4595.26	4595.64	4593.53	4593.55	265	0	10
2026.08.28	14:40:00	4593.55	4593.69	4591.80	4592.02	277	0	10
2026.08.28	14:41:00	4592.02	4593.89	4591.38	4592.93	285	0	10
2026.08.28	14:42:00	4592.93	4594.53	4591.65	4594.31	270	0	10
2026.08.28	14:43:00	4594.31	4594.84	4593.87	4594.02	175	0	10
2026.08.28	14:44:00	4594.02	4595.02	4593.69	4594.73	184	0	10
2026.08.28	14:45:00	4594.74	4595.99	4593.90	4594.14	266	0	10
2026.08.28	14:46:00	4594.20	4595.95	4594.15	4595.84	174	0	10
2026.08.28	14:47:00	4595.84	4596.08	4594.71	4595.01	190	0	10
2026.08.28	14:48:00	4595.00	4595.01	4593.40	4594.35	266	0	10
2026.08.28	14:49:00	4594.35	4595.18	4594.14	4594.62	192	0	10
2026.08.28	14:50:00	4594.62	4595.31	4594.62	4594.79	229	0	10
2026.08.28	14:51:00	4594.79	4596.02	4594.40	4595.35	236	0	10
2026.08.28	14:52:00	4595.35	4595.99	4593.68	4594.16	302	0	10
2026.08.28	14:53:00	4594.19	4594.82	4593.73	4594.69	221	0	10
2026.08.28	14:54:00	4594.67	4594.83	4593.68	4594.52	181	0	10
2026.08.28	14:55:00	4594.52	4594.57	4592.19	4592.40	221	0	10
2026.08.28	14:56:00	4592.40	4592.63	4591.68	4592.60	208	0	10
2026.08.28	14:57:00	4592.60	4593.71	4592.60	4593.16	246	0	10
2026.08.28	14:58:00	4593.17	4593.82	4592.77	4593.80	212	0	10
2026.08.28	14:59:00	4593.87	4593.90	4592.31	4593.47	236	0	10
2026.08.28	15:00:00	4593.47	4593.76	4592.69	4593.04	323	0	10
2026.08.28	15:01:00	4593.08	4593.32	4591.97	4592.28	283	0	10
2026.08.28	15:02:00	4592.27	4592.30	4590.92	4591.68	350	0	10
2026.08.28	15:03:00	4591.68	4595.23	4591.38	4594.61	230	0	10
2026.08.28	15:04:00	4594.61	4595.88	4594.40	4594.66	264	0	10
2026.08.28	15:05:00	4594.66	4595.68	4594.57	4595.05	298	0	10
2026.08.28	15:06:00	4595.05	4595.87	4593.11	4593.93	295	0	10
2026.08.28	15:07:00	4593.93	4593.93	4592.01	4593.46	358	0	10
2026.08.28	15:08:00	4593.46	4595.25	4593.46	4595.21	250	0	10
2026.08.28	15:09:00	4595.21	4595.78	4594.32	4594.37	240	0	10
2026.08.28	15:10:00	4594.36	4594.67	4592.64	4592.93	326	0	10
2026.08.28	15:11:00	4592.91	4594.66	4592.48	4594.51	248	0	10
2026.08.28	15:12:00	4594.51	4595.74	4594.37	4595.37	274	0	10
2026.08.28	15:13:00	4595.37	4596.59	4594.35	4596.59	317	0	10
2026.08.28	15:14:00	4596.59	4597.18	4594.26	4594.39	290	0	10
2026.08.28	15:15:00	4594.41	4594.69	4592.79	4592.79	357	0	10
2026.08.28	15:16:00	4592.79	4593.61	4592.57	4593.25	238	0	10
2026.08.28	15:17:00	4593.25	4593.74	4592.53	4593.42	276	0	10
2026.08.28	15:18:00	4593.52	4594.87	4593.29	4594.52	272	0	10
2026.08.28	15:19:00	4594.52	4595.71	4594.10	4594.43	318	0	10
2026.08.28	15:20:00	4594.59	4598.20	4594.05	4597.99	412	0	10
2026.08.28	15:21:00	4597.99	4599.45	4597.64	4599.39	400	0	10
2026.08.28	15:22:00	4599.39	4600.64	4599.14	4600.56	244	0	10
2026.08.28	15:23:00	4600.55	4601.32	4599.31	4600.87	304	0	10
2026.08.28	15:24:00	4600.87	4601.56	4600.42	4601.31	320	0	10
2026.08.28	15:25:00	4601.31	4603.14	4601.31	4603.08	364	0	10
2026.08.28	15:26:00	4603.08	4603.39	4602.32	4602.66	287	0	10
2026.08.28	15:27:00	4602.66	4603.72	4601.35	4601.40	317	0	10
2026.08.28	15:28:00	4601.41	4602.82	4601.38	4602.16	274	0	10
2026.08.28	15:29:00	4602.16	4602.76	4600.13	4601.39	306	0	10
2026.08.28	15:30:00	4601.39	4602.17	4597.59	4597.88	392	0	10
2026.08.28	15:31:00	4597.88	4600.90	4597.62	4600.15	443	0	10
2026.08.28	15:32:00	4600.18	4600.40	4593.11	4593.32	527	0	10
2026.08.28	15:33:00	4593.32	4594.91	4592.81	4594.31	352	0	10
2026.08.28	15:34:00	4594.22	4594.43	4591.97	4593.29	366	0	10
2026.08.28	15:35:00	4593.41	4593.83	4590.90	4590.97	456	0	10
2026.08.28	15:36:00	4591.08	4592.67	4589.22	4592.54	423	0	10
2026.08.28	15:37:00	4592.54	4592.57	4589.31	4591.07	414	0	10
2026.08.28	15:38:00	4591.07	4591.82	4589.54	4591.81	422	0	10
2026.08.28	15:39:00	4591.78	4592.11	4589.19	4589.53	450	0	10
2026.08.28	15:40:00	4589.53	4591.65	4589.51	4590.07	358	0	10
2026.08.28	15:41:00	4590.09	4591.19	4589.72	4589.89	386	0	10
2026.08.28	15:42:00	4589.89	4592.11	4589.86	4591.95	401	0	10
2026.08.28	15:43:00	4591.95	4591.96	4590.42	4591.30	348	0	10
2026.08.28	15:44:00	4591.30	4592.79	4591.30	4592.01	302	0	10
2026.08.28	15:45:00	4592.01	4592.97	4591.60	4591.62	411	0	10
2026.08.28	15:46:00	4591.62	4592.27	4590.38	4592.14	366	0	10
2026.08.28	15:47:00	4592.14	4592.47	4590.51	4591.66	366	0	10
2026.08.28	15:48:00	4591.64	4594.86	4591.41	4594.59	502	0	10
2026.08.28	15:49:00	4594.59	4595.33	4593.51	4594.11	263	0	10
2026.08.28	15:50:00	4594.11	4596.52	4593.80	4594.66	354	0	10
2026.08.28	15:51:00	4594.66	4595.25	4592.02	4595.01	283	0	10
2026.08.28	15:52:00	4595.01	4597.39	4594.66	4595.68	345	0	10
2026.08.28	15:53:00	4595.68	4596.50	4595.43	4595.72	290	0	10
2026.08.28	15:54:00	4595.72	4596.41	4594.55	4596.32	268	0	10
2026.08.28	15:55:00	4596.32	4601.75	4596.32	4600.36	406	0	10
2026.08.28	15:56:00	4600.33	4600.80	4599.51	4600.50	267	0	10
2026.08.28	15:57:00	4600.49	4602.22	4600.30	4601.93	358	0	10
2026.08.28	15:58:00	4602.01	4602.34	4601.57	4602.23	311	0	10
2026.08.28	15:59:00	4602.23	4602.79	4601.53	4601.72	318	0	10
2026.08.28	16:00:00	4601.79	4603.71	4597.21	4597.71	705	0	10
2026.08.28	16:01:00	4597.71	4600.93	4596.18	4600.26	582	0	10
2026.08.28	16:02:00	4600.26	4600.51	4597.11	4599.85	587	0	10
2026.08.28	16:03:00	4599.85	4599.91	4597.86	4599.36	459	0	10
2026.08.28	16:04:00	4599.36	4600.43	4598.16	4599.36	429	0	10
2026.08.28	16:05:00	4599.34	4601.71	4598.95	4600.06	532	0	10
2026.08.28	16:06:00	4600.06	4601.11	4599.15	4599.46	444	0	10
2026.08.28	16:07:00	4599.46	4603.73	4599.46	4603.71	435	0	10
2026.08.28	16:08:00	4603.71	4605.39	4603.31	4604.59	512	0	10
2026.08.28	16:09:00	4604.59	4604.62	4599.60	4600.36	518	0	10
2026.08.28	16:10:00	4600.38	4600.58	4598.44	4598.56	435	0	10
2026.08.28	16:11:00	4598.57	4599.63	4597.90	4598.97	380	0	10
2026.08.28	16:12:00	4598.97	4600.14	4598.37	4599.88	376	0	10
2026.08.28	16:13:00	4599.88	4600.37	4599.21	4599.33	236	0	10
2026.08.28	16:14:00	4599.33	4601.18	4597.79	4599.01	427	0	10
2026.08.28	16:15:00	4599.01	4599.90	4594.78	4595.20	513	0	10
2026.08.28	16:16:00	4595.21	4597.14	4593.79	4597.02	496	0	10
2026.08.28	16:17:00	4597.01	4597.01	4594.85	4596.30	374	0	10
2026.08.28	16:18:00	4596.28	4598.74	4596.26	4596.95	327	0	10
2026.08.28	16:19:00	4596.95	4599.21	4596.11	4598.48	365	0	10
2026.08.28	16:20:00	4598.47	4599.68	4596.72	4599.45	421	0	10
2026.08.28	16:21:00	4599.29	4599.79	4597.36	4597.92	468	0	10
2026.08.28	16:22:00	4597.92	4598.61	4596.82	4596.82	380	0	10
2026.08.28	16:23:00	4596.82	4597.63	4596.49	4596.76	447	0	10
2026.08.28	16:24:00	4596.76	4601.24	4596.18	4601.18	432	0	10
2026.08.28	16:25:00	4601.17	4604.09	4600.29	4600.59	531	0	10
2026.08.28	16:26:00	4600.61	4601.95	4599.68	4600.67	359	0	10
2026.08.28	16:27:00	4600.67	4601.74	4599.59	4599.73	393	0	10
2026.08.28	16:28:00	4599.73	4602.54	4599.65	4601.21	471	0	10
2026.08.28	16:29:00	4601.21	4604.47	4601.21	4603.94	501	0	10
2026.08.28	16:30:00	4603.94	4604.67	4601.07	4602.59	799	0	10
2026.08.28	16:31:00	4602.59	4603.65	4599.83	4599.83	703	0	10
2026.08.28	16:32:00	4599.82	4601.64	4598.91	4600.61	765	0	10
2026.08.28	16:33:00	4600.61	4601.81	4599.74	4600.81	672	0	10
2026.08.28	16:34:00	4600.85	4605.56	4600.80	4605.04	610	0	10
2026.08.28	16:35:00	4605.04	4606.83	4604.78	4604.95	624	0	10
2026.08.28	16:36:00	4604.95	4607.24	4604.48	4607.00	555	0	10
2026.08.28	16:37:00	4606.99	4607.09	4601.54	4601.54	684	0	10
2026.08.28	16:38:00	4601.52	4604.57	4600.71	4604.43	596	0	10
2026.08.28	16:39:00	4604.43	4606.47	4603.89	4606.01	566	0	10
2026.08.28	16:40:00	4606.01	4606.01	4602.15	4602.62	593	0	10
2026.08.28	16:41:00	4602.62	4604.05	4601.85	4603.24	424	0	10
2026.08.28	16:42:00	4603.24	4607.94	4602.71	4607.13	472	0	10
2026.08.28	16:43:00	4607.13	4607.18	4602.90	4603.51	560	0	10
2026.08.28	16:44:00	4603.49	4605.86	4603.06	4604.80	478	0	10
2026.08.28	16:45:00	4604.80	4607.83	4604.80	4606.21	518	0	10
2026.08.28	16:46:00	4606.21	4608.68	4605.08	4608.30	523	0	10
2026.08.28	16:47:00	4608.33	4609.90	4607.53	4608.94	527	0	10
2026.08.28	16:48:00	4608.94	4612.29	4608.91	4610.28	653	0	10
2026.08.28	16:49:00	4610.28	4610.81	4608.76	4609.82	646	0	10
2026.08.28	16:50:00	4609.79	4610.72	4609.46	4609.46	653	0	10
2026.08.28	16:51:00	4609.46	4610.06	4607.28	4608.30	718	0	10
2026.08.28	16:52:00	4608.31	4610.01	4608.00	4609.24	679	0	10
2026.08.28	16:53:00	4609.24	4611.70	4607.35	4611.05	632	0	10
2026.08.28	16:54:00	4611.05	4612.16	4610.05	4610.20	570	0	10
2026.08.28	16:55:00	4610.21	4612.19	4609.89	4612.11	450	0	10
2026.08.28	16:56:00	4612.11	4612.75	4611.51	4612.61	485	0	10
2026.08.28	16:57:00	4612.63	4618.68	4612.45	4618.10	580	0	10
2026.08.28	16:58:00	4618.11	4626.30	4618.11	4625.39	757	0	10
2026.08.28	16:59:00	4625.42	4627.30	4606.11	4606.30	792	0	10
2026.08.28	17:00:00	4606.33	4631.71	4594.05	4615.19	1067	0	10
2026.08.28	17:01:00	4615.16	4615.81	4592.92	4593.80	1081	0	10
2026.08.28	17:02:00	4593.79	4599.94	4581.45	4595.58	1046	0	10
2026.08.28	17:03:00	4595.43	4598.59	4580.50	4582.63	1050	0	10
2026.08.28	17:04:00	4582.57	4582.73	4574.19	4577.41	1076	0	10
2026.08.28	17:05:00	4577.38	4579.38	4555.73	4558.73	1095	0	10
2026.08.28	17:06:00	4559.03	4560.68	4548.99	4559.77	1111	0	10
2026.08.28	17:07:00	4559.43	4563.84	4551.14	4563.84	1088	0	10
2026.08.28	17:08:00	4563.64	4575.50	4558.23	4575.24	1071	0	10
2026.08.28	17:09:00	4575.14	4581.92	4572.42	4573.93	1043	0	10
2026.08.28	17:10:00	4573.83	4574.24	4566.78	4567.48	1008	0	10
2026.08.28	17:11:00	4567.57	4569.74	4556.97	4558.40	1053	0	10
2026.08.28	17:12:00	4558.36	4560.67	4549.84	4557.99	1094	0	10
2026.08.28	17:13:00	4557.95	4557.95	4544.57	4550.94	1089	0	10
2026.08.28	17:14:00	4549.99	4550.15	4543.72	4546.20	1053	0	10
2026.08.28	17:15:00	4546.31	4554.75	4545.17	4554.45	1077	0	10
2026.08.28	17:16:00	4554.62	4557.09	4548.58	4557.09	1013	0	10
2026.08.28	17:17:00	4557.08	4565.61	4555.20	4564.80	1033	0	10
2026.08.28	17:18:00	4564.76	4566.50	4559.40	4564.52	972	0	10
2026.08.28	17:19:00	4564.51	4564.76	4553.50	4553.99	987	0	10
2026.08.28	17:20:00	4553.99	4564.04	4552.48	4561.47	991	0	10
2026.08.28	17:21:00	4561.42	4568.52	4560.99	4566.39	856	0	10
2026.08.28	17:22:00	4566.55	4568.24	4562.72	4567.33	923	0	10
2026.08.28	17:23:00	4567.31	4567.33	4549.55	4549.89	1000	0	10
2026.08.28	17:24:00	4549.64	4557.86	4548.37	4557.77	939	0	10
2026.08.28	17:25:00	4557.75	4559.50	4549.60	4549.80	907	0	10
2026.08.28	17:26:00	4549.80	4550.81	4543.58	4550.63	1017	0	10
2026.08.28	17:27:00	4550.69	4551.71	4537.02	4537.22	1059	0	10
2026.08.28	17:28:00	4537.20	4538.21	4530.00	4534.47	1069	0	10
2026.08.28	17:29:00	4534.47	4552.46	4531.76	4552.04	1066	0	10
2026.08.28	17:30:00	4552.05	4558.82	4551.83	4558.66	1037	0	10
2026.08.28	17:31:00	4558.64	4564.66	4558.05	4561.11	997	0	10
2026.08.28	17:32:00	4561.12	4566.01	4557.82	4560.36	959	0	10
2026.08.28	17:33:00	4560.36	4567.05	4558.08	4566.44	948	0	10
2026.08.28	17:34:00	4566.60	4570.05	4565.44	4569.83	933	0	10
2026.08.28	17:35:00	4569.80	4575.40	4568.81	4575.19	978	0	10
2026.08.28	17:36:00	4575.19	4577.04	4570.56	4573.34	914	0	10
2026.08.28	17:37:00	4573.31	4574.15	4569.66	4572.70	891	0	10
2026.08.28	17:38:00	4572.69	4575.35	4572.17	4575.21	855	0	10
2026.08.28	17:39:00	4575.24	4576.17	4564.62	4564.78	937	0	10
2026.08.28	17:40:00	4564.82	4568.69	4563.29	4567.78	920	0	10
2026.08.28	17:41:00	4567.78	4567.78	4559.82	4562.89	903	0	10
2026.08.28	17:42:00	4562.80	4567.97	4561.71	4565.40	863	0	10
2026.08.28	17:43:00	4565.40	4566.13	4557.58	4561.32	882	0	10
2026.08.28	17:44:00	4561.30	4566.79	4560.45	4561.23	891	0	10
2026.08.28	17:45:00	4560.92	4562.82	4553.67	4553.67	946	0	10
2026.08.28	17:46:00	4553.43	4555.91	4552.15	4554.33	978	0	10
2026.08.28	17:47:00	4554.28	4558.61	4553.08	4557.83	890	0	10
2026.08.28	17:48:00	4557.83	4559.21	4554.61	4555.22	905	0	10
2026.08.28	17:49:00	4555.18	4556.54	4551.93	4553.07	835	0	10
2026.08.28	17:50:00	4553.07	4557.61	4550.63	4552.59	829	0	10
2026.08.28	17:51:00	4552.61	4563.05	4552.49	4560.76	875	0	10
2026.08.28	17:52:00	4560.87	4564.54	4559.28	4563.30	770	0	10
2026.08.28	17:53:00	4563.30	4567.68	4562.86	4566.63	753	0	10
2026.08.28	17:54:00	4566.63	4571.04	4566.63	4570.92	768	0	10
2026.08.28	17:55:00	4570.91	4575.79	4570.08	4575.60	802	0	10
2026.08.28	17:56:00	4575.61	4580.09	4574.46	4574.46	800	0	10
2026.08.28	17:57:00	4574.45	4580.78	4573.40	4579.84	875	0	10
2026.08.28	17:58:00	4580.03	4580.15	4577.04	4579.26	832	0	10
2026.08.28	17:59:00	4579.22	4580.63	4576.49	4576.70	784	0	10
2026.08.28	18:00:00	4576.72	4582.44	4576.72	4580.28	872	0	10
2026.08.28	18:01:00	4580.38	4581.53	4575.15	4577.02	901	0	10
2026.08.28	18:02:00	4577.00	4577.59	4572.06	4573.96	953	0	10
2026.08.28	18:03:00	4574.04	4579.94	4573.67	4575.98	919	0	10
2026.08.28	18:04:00	4575.99	4582.87	4575.70	4580.15	846	0	10
2026.08.28	18:05:00	4580.13	4581.81	4577.42	4578.06	867	0	10
2026.08.28	18:06:00	4578.20	4581.06	4574.67	4576.75	823	0	10
2026.08.28	18:07:00	4576.84	4576.84	4572.64	4574.11	822	0	10
2026.08.28	18:08:00	4574.10	4578.02	4572.32	4577.37	751	0	10
2026.08.28	18:09:00	4577.37	4578.95	4572.28	4573.02	777	0	10
2026.08.28	18:10:00	4573.00	4574.09	4566.14	4566.86	811	0	10
2026.08.28	18:11:00	4566.91	4568.53	4562.37	4567.48	912	0	10
2026.08.28	18:12:00	4567.48	4568.09	4564.72	4565.23	759	0	10
2026.08.28	18:13:00	4565.24	4565.35	4558.64	4561.37	799	0	10
2026.08.28	18:14:00	4561.36	4561.59	4557.02	4559.27	861	0	10
2026.08.28	18:15:00	4559.25	4564.48	4557.67	4563.83	843	0	10
2026.08.28	18:16:00	4563.83	4564.54	4560.28	4560.44	798	0	10
2026.08.28	18:17:00	4560.31	4560.54	4556.30	4559.20	775	0	10
2026.08.28	18:18:00	4559.22	4559.24	4554.73	4555.26	816	0	10
2026.08.28	18:19:00	4555.26	4556.63	4554.05	4555.45	719	0	10
2026.08.28	18:20:00	4555.44	4559.72	4555.27	4558.52	747	0	10
2026.08.28	18:21:00	4558.59	4559.46	4551.65	4557.57	816	0	10
2026.08.28	18:22:00	4557.49	4564.76	4556.73	4563.82	858	0	10
2026.08.28	18:23:00	4563.86	4565.64	4560.15	4562.89	749	0	10
2026.08.28	18:24:00	4562.94	4566.31	4562.60	4565.83	715	0	10
2026.08.28	18:25:00	4565.82	4568.15	4562.88	4567.85	669	0	10
2026.08.28	18:26:00	4567.84	4569.31	4566.39	4566.45	656	0	10
2026.08.28	18:27:00	4566.42	4567.41	4561.11	4563.87	799	0	10
2026.08.28	18:28:00	4563.81	4566.57	4558.88	4563.93	927	0	10
2026.08.28	18:29:00	4563.92	4567.17	4562.19	4566.77	758	0	10
2026.08.28	18:30:00	4566.88	4567.58	4565.83	4566.29	674	0	10
2026.08.28	18:31:00	4566.29	4567.32	4559.75	4559.77	790	0	10
2026.08.28	18:32:00	4559.74	4560.66	4555.08	4556.23	763	0	10
2026.08.28	18:33:00	4555.87	4562.31	4555.83	4559.34	754	0	10
2026.08.28	18:34:00	4559.34	4562.54	4556.25	4557.46	756	0	10
2026.08.28	18:35:00	4557.51	4559.03	4555.55	4557.33	779	0	10
2026.08.28	18:36:00	4557.32	4562.55	4557.32	4560.16	641	0	10
2026.08.28	18:37:00	4560.27	4560.43	4556.44	4557.45	683	0	10
2026.08.28	18:38:00	4557.46	4557.58	4550.07	4550.16	831	0	10
2026.08.28	18:39:00	4550.16	4550.33	4547.01	4547.56	802	0	10
2026.08.28	18:40:00	4547.56	4548.28	4540.62	4541.12	913	0	10
2026.08.28	18:41:00	4541.04	4542.97	4536.65	4539.67	966	0	10
2026.08.28	18:42:00	4539.96	4542.34	4539.26	4541.17	834	0	10
2026.08.28	18:43:00	4541.17	4541.30	4538.11	4538.82	833	0	10
2026.08.28	18:44:00	4538.96	4539.62	4534.27	4539.35	853	0	10
2026.08.28	18:45:00	4539.35	4542.23	4537.72	4542.23	925	0	10
2026.08.28	18:46:00	4542.23	4542.28	4536.59	4540.08	894	0	10
2026.08.28	18:47:00	4540.07	4546.08	4540.07	4541.95	854	0	10
2026.08.28	18:48:00	4542.03	4542.24	4533.18	4533.82	849	0	10
2026.08.28	18:49:00	4533.80	4536.03	4531.83	4536.02	821	0	10
2026.08.28	18:50:00	4536.09	4538.42	4534.42	4537.83	801	0	10
2026.08.28	18:51:00	4537.83	4541.63	4537.83	4540.78	725	0	10
2026.08.28	18:52:00	4540.78	4545.73	4540.78	4545.00	735	0	10
2026.08.28	18:53:00	4545.00	4545.60	4539.54	4539.62	777	0	10
2026.08.28	18:54:00	4539.58	4541.63	4536.57	4539.95	845	0	10
2026.08.28	18:55:00	4539.95	4540.96	4530.68	4530.85	808	0	10
2026.08.28	18:56:00	4530.83	4533.66	4527.62	4529.82	880	0	10
2026.08.28	18:57:00	4529.82	4531.48	4524.68	4525.83	917	0	10
2026.08.28	18:58:00	4525.83	4529.04	4524.29	4528.46	977	0	10
2026.08.28	18:59:00	4528.46	4529.47	4524.07	4524.57	900	0	10
2026.08.28	19:00:00	4524.57	4527.55	4520.58	4524.41	962	0	10
2026.08.28	19:01:00	4524.47	4526.03	4521.33	4523.88	942	0	10
2026.08.28	19:02:00	4523.93	4528.19	4521.94	4527.67	920	0	10
2026.08.28	19:03:00	4527.68	4529.54	4522.07	4523.83	868	0	10
2026.08.28	19:04:00	4523.85	4526.89	4520.54	4520.72	856	0	10
2026.08.28	19:05:00	4520.67	4520.67	4512.47	4514.56	976	0	10
2026.08.28	19:06:00	4514.56	4516.76	4512.67	4516.33	923	0	10
2026.08.28	19:07:00	4516.52	4518.85	4514.72	4516.05	929	0	10
2026.08.28	19:08:00	4515.95	4515.98	4508.40	4510.95	889	0	10
2026.08.28	19:09:00	4510.81	4511.82	4508.58	4508.58	881	0	10
2026.08.28	19:10:00	4508.54	4509.40	4505.46	4509.18	925	0	10
2026.08.28	19:11:00	4509.16	4513.62	4507.52	4512.37	964	0	10
2026.08.28	19:12:00	4512.37	4515.93	4508.43	4508.79	833	0	10
2026.08.28	19:13:00	4508.80	4508.80	4504.07	4504.22	907	0	10
2026.08.28	19:14:00	4504.20	4505.18	4497.68	4497.99	850	0	10
2026.08.28	19:15:00	4497.99	4503.71	4496.90	4502.28	896	0	10
2026.08.28	19:16:00	4502.28	4503.67	4497.52	4500.10	910	0	10
2026.08.28	19:17:00	4500.15	4500.37	4496.23	4497.66	910	0	10
2026.08.28	19:18:00	4497.67	4497.67	4482.12	4484.76	1007	0	10
2026.08.28	19:19:00	4484.75	4488.90	4481.64	4481.64	943	0	10
2026.08.28	19:20:00	4481.65	4483.61	4474.59	4475.34	1009	0	10
2026.08.28	19:21:00	4475.37	4476.87	4467.69	4467.93	1034	0	10
2026.08.28	19:22:00	4467.99	4473.22	4464.26	4472.21	1031	0	10
2026.08.28	19:23:00	4472.22	4479.14	4471.23	4478.15	1005	0	10
2026.08.28	19:24:00	4478.12	4478.54	4468.39	4468.94	1005	0	10
2026.08.28	19:25:00	4468.91	4471.57	4464.76	4471.16	987	0	10
2026.08.28	19:26:00	4471.12	4477.15	4470.41	4474.90	920	0	10
2026.08.28	19:27:00	4475.12	4480.97	4473.23	4480.97	844	0	10
2026.08.28	19:28:00	4480.96	4481.64	4475.35	4478.28	865	0	10
2026.08.28	19:29:00	4478.33	4482.18	4478.15	4481.19	797	0	10
2026.08.28	19:30:00	4481.21	4485.32	4480.73	4483.67	942	0	10
2026.08.28	19:31:00	4483.68	4487.23	4483.24	4486.60	962	0	10
2026.08.28	19:32:00	4486.60	4487.69	4482.07	4485.37	882	0	10
2026.08.28	19:33:00	4485.37	4486.22	4474.19	4477.40	999	0	10
2026.08.28	19:34:00	4477.39	4478.35	4471.34	4474.19	992	0	10
2026.08.28	19:35:00	4474.19	4478.64	4473.78	4477.08	903	0	10
2026.08.28	19:36:00	4476.99	4482.68	4475.85	4480.72	884	0	10
2026.08.28	19:37:00	4480.66	4482.36	4478.96	4481.10	850	0	10
2026.08.28	19:38:00	4481.10	4485.43	4479.72	4485.16	859	0	10
2026.08.28	19:39:00	4485.23	4486.21	4482.31	4484.92	779	0	10
2026.08.28	19:40:00	4484.92	4486.49	4473.82	4475.41	852	0	10
2026.08.28	19:41:00	4475.41	4476.09	4472.46	4474.15	875	0	10
2026.08.28	19:42:00	4474.17	4475.73	4472.06	4474.83	840	0	10
2026.08.28	19:43:00	4474.87	4475.13	4471.21	4471.36	733	0	10
2026.08.28	19:44:00	4471.33	4472.13	4466.15	4469.33	845	0	10
2026.08.28	19:45:00	4469.16	4478.35	4469.16	4478.28	868	0	10
2026.08.28	19:46:00	4478.27	4480.21	4476.60	4478.14	838	0	10
2026.08.28	19:47:00	4478.12	4479.46	4474.27	4476.40	757	0	10
2026.08.28	19:48:00	4476.43	4480.29	4475.24	4479.95	747	0	10
2026.08.28	19:49:00	4479.89	4481.77	4477.87	4481.69	749	0	10
2026.08.28	19:50:00	4481.71	4483.40	4480.37	4481.11	764	0	10
2026.08.28	19:51:00	4481.11	4483.96	4480.35	4482.88	773	0	10
2026.08.28	19:52:00	4482.89	4484.82	4482.38	4483.33	573	0	10
2026.08.28	19:53:00	4483.33	4485.05	4481.75	4483.03	644	0	10
2026.08.28	19:54:00	4483.08	4484.55	4479.66	4480.72	695	0	10
2026.08.28	19:55:00	4480.85	4481.42	4477.30	4478.97	618	0	10
2026.08.28	19:56:00	4478.97	4479.52	4475.24	4478.60	761	0	10
2026.08.28	19:57:00	4478.60	4482.72	4478.49	4482.07	723	0	10
2026.08.28	19:58:00	4482.07	4482.07	4477.06	4477.17	653	0	10
2026.08.28	19:59:00	4477.12	4480.98	4476.44	4479.54	726	0	10
2026.08.28	20:00:00	4479.59	4480.10	4473.81	4474.92	880	0	10
2026.08.28	20:01:00	4474.92	4478.24	4473.42	4476.67	874	0	10
2026.08.28	20:02:00	4476.67	4480.86	4475.93	4479.04	784	0	10
2026.08.28	20:03:00	4479.04	4479.88	4475.78	4477.75	771	0	10
2026.08.28	20:04:00	4477.75	4480.08	4475.07	4475.92	745	0	10
2026.08.28	20:05:00	4475.93	4477.82	4475.55	4476.47	718	0	10
2026.08.28	20:06:00	4476.47	4480.11	4476.47	4478.02	665	0	10
2026.08.28	20:07:00	4478.03	4478.11	4474.93	4477.41	699	0	10
2026.08.28	20:08:00	4477.41	4482.87	4477.09	4482.06	665	0	10
2026.08.28	20:09:00	4482.06	4482.12	4478.68	4480.29	536	0	10
2026.08.28	20:10:00	4480.29	4480.92	4475.70	4475.70	711	0	10
2026.08.28	20:11:00	4475.70	4477.51	4471.20	4477.29	708	0	10
2026.08.28	20:12:00	4477.29	4478.70	4475.23	4477.47	643	0	10
2026.08.28	20:13:00	4477.49	4477.49	4474.66	4476.54	645	0	10
2026.08.28	20:14:00	4476.54	4480.88	4474.49	4480.81	677	0	10
2026.08.28	20:15:00	4480.81	4482.12	4478.31	4481.37	705	0	10
2026.08.28	20:16:00	4481.38	4482.02	4475.04	4477.08	620	0	10
2026.08.28	20:17:00	4477.12	4480.42	4477.08	4480.30	464	0	10
2026.08.28	20:18:00	4480.31	4480.31	4475.78	4478.41	711	0	10
2026.08.28	20:19:00	4478.43	4482.06	4478.31	4480.94	640	0	10
2026.08.28	20:20:00	4481.02	4484.56	4480.13	4480.23	712	0	10
2026.08.28	20:21:00	4480.28	4483.67	4479.83	4483.45	577	0	10
2026.08.28	20:22:00	4483.45	4486.68	4481.36	4482.14	605	0	10
2026.08.28	20:23:00	4482.14	4484.65	4481.14	4482.52	650	0	10
2026.08.28	20:24:00	4482.56	4485.16	4480.72	4484.97	619	0	10
2026.08.28	20:25:00	4485.03	4486.27	4478.56	4478.71	561	0	10
2026.08.28	20:26:00	4478.70	4481.64	4476.39	4481.13	565	0	10
2026.08.28	20:27:00	4481.13	4481.13	4476.38	4476.40	496	0	10
2026.08.28	20:28:00	4476.41	4481.49	4475.91	4481.44	561	0	10
2026.08.28	20:29:00	4481.44	4481.86	4477.35	4478.22	796	0	10
2026.08.28	20:30:00	4478.27	4479.91	4476.48	4477.05	623	0	10
2026.08.28	20:31:00	4477.05	4478.49	4475.72	4476.67	526	0	10
2026.08.28	20:32:00	4476.67	4476.79	4473.43	4475.96	644	0	10
2026.08.28	20:33:00	4475.98	4481.37	4475.98	4479.47	610	0	10
2026.08.28	20:34:00	4479.43	4481.36	4477.87	4478.71	542	0	10
2026.08.28	20:35:00	4478.74	4481.70	4478.74	4479.79	466	0	10
2026.08.28	20:36:00	4479.79	4481.20	4476.73	4477.76	593	0	10
2026.08.28	20:37:00	4477.76	4479.32	4475.92	4479.21	598	0	10
2026.08.28	20:38:00	4479.21	4481.18	4478.06	4478.49	455	0	10
2026.08.28	20:39:00	4478.49	4478.54	4471.13	4471.91	553	0	10
2026.08.28	20:40:00	4471.90	4475.09	4470.64	4472.68	558	0	10
2026.08.28	20:41:00	4472.68	4472.84	4467.43	4467.88	516	0	10
2026.08.28	20:42:00	4467.87	4467.88	4460.50	4465.78	825	0	10
2026.08.28	20:43:00	4465.79	4467.26	4464.38	4465.45	770	0	10
2026.08.28	20:44:00	4465.45	4468.62	4465.11	4467.34	631	0	10
2026.08.28	20:45:00	4467.45	4470.63	4466.68	4469.45	617	0	10
2026.08.28	20:46:00	4469.45	4475.25	4468.86	4474.49	689	0	10
2026.08.28	20:47:00	4474.54	4475.60	4473.49	4474.92	555	0	10
2026.08.28	20:48:00	4474.92	4475.79	4473.13	4474.11	420	0	10
2026.08.28	20:49:00	4474.11	4475.34	4473.75	4474.05	382	0	10
2026.08.28	20:50:00	4474.05	4475.43	4473.94	4475.11	410	0	10
2026.08.28	20:51:00	4475.11	4475.65	4472.52	4474.48	415	0	10
2026.08.28	20:52:00	4474.53	4475.73	4473.10	4473.58	449	0	10
2026.08.28	20:53:00	4473.58	4474.35	4473.16	4473.69	373	0	10
2026.08.28	20:54:00	4473.67	4474.59	4471.86	4472.65	349	0	10
2026.08.28	20:55:00	4472.65	4472.68	4470.24	4471.71	452	0	10
2026.08.28	20:56:00	4471.71	4472.18	4466.66	4466.72	481	0	10
2026.08.28	20:57:00	4466.72	4470.03	4466.59	4469.93	473	0	10
2026.08.28	20:58:00	4469.86	4471.36	4469.53	4470.22	452	0	10
2026.08.28	20:59:00	4470.22	4471.93	4469.34	4469.44	361	0	10
2026.08.28	21:00:00	4469.43	4471.68	4469.35	4469.61	560	0	10
2026.08.28	21:01:00	4469.61	4470.26	4465.89	4466.13	597	0	10
2026.08.28	21:02:00	4466.16	4466.16	4462.11	4463.94	538	0	10
2026.08.28	21:03:00	4463.94	4464.21	4461.20	4461.69	578	0	10
2026.08.28	21:04:00	4461.69	4462.47	4460.22	4460.76	614	0	10
2026.08.28	21:05:00	4460.87	4466.76	4459.70	4463.16	746	0	10
2026.08.28	21:06:00	4463.12	4465.26	4460.15	4460.23	709	0	10
2026.08.28	21:07:00	4460.23	4464.07	4459.76	4462.34	658	0	10
2026.08.28	21:08:00	4462.34	4462.45	4459.88	4461.59	570	0	10
2026.08.28	21:09:00	4461.59	4463.65	4460.50	4461.78	581	0	10
2026.08.28	21:10:00	4461.78	4463.52	4460.20	4463.43	594	0	10
2026.08.28	21:11:00	4463.35	4464.88	4462.50	4463.87	581	0	10
2026.08.28	21:12:00	4463.87	4463.87	4461.58	4463.23	566	0	10
2026.08.28	21:13:00	4463.23	4464.29	4460.60	4461.25	674	0	10
2026.08.28	21:14:00	4461.28	4461.45	4459.74	4461.28	618	0	10
2026.08.28	21:15:00	4461.25	4462.70	4460.71	4461.75	543	0	10
2026.08.28	21:16:00	4461.83	4462.50	4460.31	4460.31	637	0	10
2026.08.28	21:17:00	4460.31	4460.75	4453.53	4458.52	775	0	10
2026.08.28	21:18:00	4458.52	4462.49	4458.30	4459.39	675	0	10
2026.08.28	21:19:00	4459.39	4460.32	4456.78	4458.82	518	0	10
2026.08.28	21:20:00	4458.77	4462.58	4457.79	4461.97	543	0	10
2026.08.28	21:21:00	4461.96	4462.77	4461.13	4462.54	501	0	10
2026.08.28	21:22:00	4462.54	4463.45	4460.93	4462.07	591	0	10
2026.08.28	21:23:00	4462.07	4462.99	4453.22	4453.79	749	0	10
2026.08.28	21:24:00	4453.75	4455.82	4452.56	4453.52	701	0	10
2026.08.28	21:25:00	4453.52	4456.37	4452.58	4456.06	596	0	10
2026.08.28	21:26:00	4456.04	4462.76	4456.02	4462.56	671	0	10
2026.08.28	21:27:00	4462.56	4462.89	4458.53	4458.99	658	0	10
2026.08.28	21:28:00	4459.01	4461.81	4458.38	4458.53	665	0	10
2026.08.28	21:29:00	4458.53	4458.64	4455.72	4456.20	663	0	10
2026.08.28	21:30:00	4456.20	4458.15	4455.46	4456.51	578	0	10
2026.08.28	21:31:00	4456.51	4458.73	4456.01	4456.04	492	0	10
2026.08.28	21:32:00	4456.04	4456.41	4453.25	4453.25	600	0	10
2026.08.28	21:33:00	4453.25	4455.89	4452.06	4455.84	575	0	10
2026.08.28	21:34:00	4455.84	4458.15	4455.77	4457.11	477	0	10
2026.08.28	21:35:00	4457.11	4457.36	4453.58	4453.73	573	0	10
2026.08.28	21:36:00	4453.76	4454.93	4451.85	4452.48	609	0	10
2026.08.28	21:37:00	4452.48	4453.62	4451.79	4452.11	530	0	10
2026.08.28	21:38:00	4452.10	4454.56	4451.73	4454.06	596	0	10
2026.08.28	21:39:00	4454.05	4454.55	4452.71	4452.97	418	0	10
2026.08.28	21:40:00	4452.97	4454.96	4452.47	4454.96	513	0	10
2026.08.28	21:41:00	4454.96	4455.35	4452.09	4452.16	530	0	10
2026.08.28	21:42:00	4452.16	4452.67	4447.10	4448.48	567	0	10
2026.08.28	21:43:00	4448.51	4448.79	4445.42	4448.00	645	0	10
2026.08.28	21:44:00	4448.01	4451.34	4447.15	4451.34	548	0	10
2026.08.28	21:45:00	4451.34	4454.53	4450.98	4454.51	533	0	10
2026.08.28	21:46:00	4454.51	4455.04	4449.08	4449.60	491	0	10
2026.08.28	21:47:00	4449.60	4451.97	4448.44	4450.89	539	0	10
2026.08.28	21:48:00	4450.88	4451.90	4449.93	4451.42	513	0	10
2026.08.28	21:49:00	4451.42	4455.10	4451.27	4453.35	564	0	10
2026.08.28	21:50:00	4453.34	4454.51	4452.11	4452.56	574	0	10
2026.08.28	21:51:00	4452.53	4455.89	4452.32	4455.51	583	0	10
2026.08.28	21:52:00	4455.51	4455.52	4451.78	4453.21	544	0	10
2026.08.28	21:53:00	4453.21	4456.73	4453.08	4456.72	580	0	10
2026.08.28	21:54:00	4456.76	4456.99	4453.96	4454.32	565	0	10
2026.08.28	21:55:00	4454.38	4454.71	4452.63	4453.04	590	0	10
2026.08.28	21:56:00	4453.04	4455.32	4452.67	4455.20	575	0	10
2026.08.28	21:57:00	4455.20	4456.06	4453.67	4454.82	509	0	10
2026.08.28	21:58:00	4454.85	4455.84	4453.93	4454.87	447	0	10
2026.08.28	21:59:00	4454.86	4458.36	4454.86	4456.89	604	0	10
2026.08.28	22:00:00	4456.88	4457.74	4453.14	4456.54	793	0	10
2026.08.28	22:01:00	4456.54	4461.18	4455.90	4460.28	767	0	10
2026.08.28	22:02:00	4460.42	4461.26	4456.95	4458.89	668	0	10
2026.08.28	22:03:00	4458.89	4461.29	4456.04	4461.03	610	0	10
2026.08.28	22:04:00	4461.03	4462.16	4457.68	4458.08	475	0	10
2026.08.28	22:05:00	4458.08	4461.26	4456.93	4459.42	579	0	10
2026.08.28	22:06:00	4459.42	4461.42	4458.12	4458.48	541	0	10
2026.08.28	22:07:00	4458.49	4461.48	4458.47	4460.34	557	0	10
2026.08.28	22:08:00	4460.34	4462.75	4459.88	4461.04	506	0	10
2026.08.28	22:09:00	4461.12	4462.50	4460.56	4461.99	500	0	10
2026.08.28	22:10:00	4461.94	4462.18	4457.57	4459.52	571	0	10
2026.08.28	22:11:00	4459.81	4459.81	4456.30	4459.03	437	0	10
2026.08.28	22:12:00	4459.03	4459.66	4455.83	4455.85	492	0	10
2026.08.28	22:13:00	4455.82	4457.53	4454.54	4456.87	494	0	10
2026.08.28	22:14:00	4456.87	4457.40	4455.36	4457.14	494	0	10
2026.08.28	22:15:00	4457.12	4458.26	4456.13	4457.33	436	0	10
2026.08.28	22:16:00	4457.33	4458.54	4456.24	4456.27	418	0	10
2026.08.28	22:17:00	4456.27	4457.94	4455.98	4456.49	387	0	10
2026.08.28	22:18:00	4456.49	4458.10	4455.30	4457.71	369	0	10
2026.08.28	22:19:00	4457.69	4461.01	4457.35	4460.26	439	0	10
2026.08.28	22:20:00	4460.26	4461.33	4459.93	4460.98	424	0	10
2026.08.28	22:21:00	4460.98	4462.15	4460.31	4461.31	381	0	10
2026.08.28	22:22:00	4461.31	4461.63	4460.18	4460.32	325	0	10
2026.08.28	22:23:00	4460.32	4460.50	4458.00	4458.53	363	0	10
2026.08.28	22:24:00	4458.53	4460.12	4457.52	4459.48	425	0	10
2026.08.28	22:25:00	4459.48	4462.42	4459.48	4462.04	406	0	10
2026.08.28	22:26:00	4462.02	4462.55	4460.93	4462.23	401	0	10
2026.08.28	22:27:00	4462.28	4463.59	4462.18	4463.33	363	0	10
2026.08.28	22:28:00	4463.34	4463.40	4461.81	4461.84	317	0	10
2026.08.28	22:29:00	4461.85	4462.73	4461.13	4462.11	372	0	10
2026.08.28	22:30:00	4462.11	4464.90	4461.02	4464.39	593	0	10
2026.08.28	22:31:00	4464.37	4464.37	4461.47	4462.22	377	0	10
2026.08.28	22:32:00	4462.61	4464.87	4462.38	4463.60	423	0	10
2026.08.28	22:33:00	4463.60	4464.01	4462.67	4464.01	388	0	10
2026.08.28	22:34:00	4464.01	4464.30	4462.57	4463.14	308	0	10
2026.08.28	22:35:00	4463.14	4463.96	4462.07	4462.91	356	0	10
2026.08.28	22:36:00	4462.91	4464.33	4462.78	4463.83	380	0	10
2026.08.28	22:37:00	4463.84	4464.37	4462.27	4464.37	337	0	10
2026.08.28	22:38:00	4464.37	4466.44	4464.37	4465.82	334	0	10
2026.08.28	22:39:00	4465.82	4467.06	4465.46	4466.53	338	0	10
2026.08.28	22:40:00	4466.52	4466.93	4464.99	4464.99	298	0	10
2026.08.28	22:41:00	4464.99	4466.24	4464.84	4466.21	349	0	10
2026.08.28	22:42:00	4466.21	4466.60	4465.94	4466.37	316	0	10
2026.08.28	22:43:00	4466.39	4466.72	4465.39	4466.37	327	0	10
2026.08.28	22:44:00	4466.37	4466.39	4464.57	4465.08	300	0	10
2026.08.28	22:45:00	4465.08	4465.09	4460.88	4460.98	321	0	10
2026.08.28	22:46:00	4460.98	4460.98	4458.64	4459.42	355	0	10
2026.08.28	22:47:00	4459.42	4459.48	4456.13	4456.13	409	0	10
2026.08.28	22:48:00	4456.12	4458.50	4455.14	4457.34	377	0	10
2026.08.28	22:49:00	4457.33	4458.12	4454.97	4457.53	341	0	10
2026.08.28	22:50:00	4457.53	4458.99	4456.38	4456.95	449	0	10
2026.08.28	22:51:00	4456.95	4456.95	4453.02	4455.63	379	0	10
2026.08.28	22:52:00	4455.63	4459.85	4454.73	4458.80	405	0	10
2026.08.28	22:53:00	4458.80	4459.02	4456.27	4457.08	417	0	10
2026.08.28	22:54:00	4457.17	4457.52	4456.18	4457.27	373	0	10
2026.08.28	22:55:00	4457.27	4458.46	4456.49	4457.76	511	0	10
2026.08.28	22:56:00	4457.76	4460.58	4457.76	4460.57	401	0	10
2026.08.28	22:57:00	4460.61	4461.31	4459.26	4459.84	401	0	10
2026.08.28	22:58:00	4459.84	4461.43	4456.96	4457.44	457	0	10
2026.08.28	22:59:00	4457.44	4459.08	4457.44	4458.43	429	0	10
2026.08.28	23:00:00	4458.48	4458.79	4455.45	4456.42	418	0	10
2026.08.28	23:01:00	4456.42	4458.30	4456.42	4457.44	176	0	10
2026.08.28	23:02:00	4457.44	4461.81	4457.39	4461.25	281	0	10
2026.08.28	23:03:00	4461.25	4462.52	4460.70	4462.52	236	0	10
2026.08.28	23:04:00	4462.52	4462.78	4460.38	4460.52	239	0	10
2026.08.28	23:05:00	4460.52	4461.73	4460.26	4461.54	178	0	10
2026.08.28	23:06:00	4461.54	4461.73	4460.21	4461.68	162	0	10
2026.08.28	23:07:00	4461.67	4461.73	4460.44	4460.60	197	0	10
2026.08.28	23:08:00	4460.69	4461.34	4460.32	4460.73	159	0	10
2026.08.28	23:09:00	4460.73	4461.00	4460.30	4460.71	144	0	10
2026.08.28	23:10:00	4460.71	4461.70	4460.45	4461.47	166	0	10
2026.08.28	23:11:00	4461.47	4461.56	4458.44	4458.49	174	0	10
2026.08.28	23:12:00	4458.49	4459.07	4457.46	4458.67	198	0	10
2026.08.28	23:13:00	4458.69	4459.05	4458.59	4458.96	135	0	10
2026.08.28	23:14:00	4458.95	4459.11	4457.83	4457.83	176	0	10
2026.08.28	23:15:00	4457.88	4460.64	4457.77	4460.38	176	0	10
2026.08.28	23:16:00	4460.38	4460.47	4459.23	4459.36	107	0	10
2026.08.28	23:17:00	4459.36	4460.18	4459.16	4459.94	146	0	10
2026.08.28	23:18:00	4459.94	4459.97	4459.22	4459.55	111	0	10
2026.08.28	23:19:00	4459.55	4459.55	4458.40	4458.40	82	0	10
2026.08.28	23:20:00	4458.40	4458.40	4454.96	4455.13	198	0	10
2026.08.28	23:21:00	4455.13	4455.75	4455.13	4455.51	102	0	10
2026.08.28	23:22:00	4455.51	4455.72	4454.38	4454.43	139	0	10
2026.08.28	23:23:00	4454.43	4454.54	4453.74	4454.44	130	0	10
2026.08.28	23:24:00	4454.44	4455.12	4454.38	4454.58	119	0	10
2026.08.28	23:25:00	4454.58	4454.95	4453.86	4454.46	82	0	10
2026.08.28	23:26:00	4454.46	4454.64	4454.02	4454.43	87	0	10
2026.08.28	23:27:00	4454.43	4455.80	4454.00	4455.74	125	0	10
2026.08.28	23:28:00	4455.74	4457.09	4455.64	4456.89	132	0	10
2026.08.28	23:29:00	4456.89	4458.42	4456.49	4458.12	164	0	10
2026.08.28	23:30:00	4458.12	4458.40	4455.98	4456.00	179	0	10
2026.08.28	23:31:00	4456.02	4457.21	4455.55	4456.31	112	0	10
2026.08.28	23:32:00	4456.31	4456.43	4455.47	4456.01	111	0	10
2026.08.28	23:33:00	4456.01	4456.87	4455.62	4456.51	99	0	10
2026.08.28	23:34:00	4456.51	4456.61	4455.58	4456.24	122	0	10
2026.08.28	23:35:00	4456.24	4457.08	4455.93	4456.51	128	0	10
2026.08.28	23:36:00	4456.51	4457.24	4456.45	4456.92	210	0	10
2026.08.28	23:37:00	4456.93	4457.47	4456.01	4456.01	110	0	10
2026.08.28	23:38:00	4456.01	4457.00	4455.44	4455.61	122	0	10
2026.08.28	23:39:00	4455.61	4456.39	4455.45	4455.78	118	0	10
2026.08.28	23:40:00	4455.85	4456.28	4453.88	4453.97	142	0	10
2026.08.28	23:41:00	4453.95	4455.10	4453.95	4454.85	109	0	10
2026.08.28	23:42:00	4454.81	4455.12	4454.24	4454.81	139	0	10
2026.08.28	23:43:00	4454.81	4456.55	4454.56	4456.41	179	0	10
2026.08.28	23:44:00	4456.41	4457.24	4456.20	4457.19	98	0	10
2026.08.28	23:45:00	4457.19	4457.88	4456.20	4457.16	199	0	10
2026.08.28	23:46:00	4457.16	4457.75	4456.51	4457.33	242	0	10
2026.08.28	23:47:00	4457.33	4457.90	4455.97	4456.07	167	0	10
2026.08.28	23:48:00	4456.07	4459.01	4456.01	4458.67	224	0	10
2026.08.28	23:49:00	4458.67	4459.96	4458.63	4459.43	186	0	10
2026.08.28	23:50:00	4459.43	4460.08	4457.05	4457.92	238	0	10
2026.08.28	23:51:00	4457.92	4458.63	4457.06	4457.55	147	0	10
2026.08.28	23:52:00	4457.55	4457.90	4453.78	4454.45	186	0	10
2026.08.28	23:53:00	4454.44	4454.75	4453.62	4454.75	250	0	10
2026.08.28	23:54:00	4454.80	4455.47	4453.89	4454.45	179	0	10
